iteration,l1_loss,ssim,total_loss,ema_loss,num_gaussians
100,0.1461713,0.8329923,0.1545059,0.2430579,540540
200,0.1374188,0.4849391,0.2884757,0.2984838,540540
300,0.1083078,0.4745350,0.2751707,0.2544816,540540
400,0.1283152,0.4983307,0.2776569,0.2881250,540540
500,0.1152827,0.8327981,0.1360504,0.1828195,540540
600,0.0946509,0.7158917,0.1704339,0.2219297,540540
700,0.1245658,0.6514072,0.2141766,0.2041600,540540
800,0.1337328,0.4563123,0.2977147,0.2887797,540540
900,0.0879441,0.6454605,0.1945823,0.2434853,540540
1000,0.2338445,0.5044013,0.3385462,0.2837934,540540
1100,0.1076431,0.4696805,0.2767137,0.2650015,540540
1200,0.1859895,0.5074473,0.3086148,0.2979336,540540
1300,0.1312402,0.5184527,0.2713630,0.2566602,540540
1400,0.0288819,0.9577070,0.0342463,0.1715448,540540
1500,0.0896190,0.5900639,0.2177458,0.2215998,540540
1600,0.1129567,0.6773791,0.1968224,0.2508304,540540
1700,0.1578839,0.5193753,0.2869802,0.2654184,540540
1800,0.1277506,0.5126982,0.2715711,0.2419398,540540
1900,0.1142019,0.5071560,0.2656588,0.2707088,540540
2000,0.1387370,0.7549626,0.1812572,0.2410133,540540
2100,0.0542178,0.8248922,0.1025738,0.2005446,540540
2200,0.0403573,0.8811282,0.0717631,0.1681188,540540
2300,0.1193466,0.4940760,0.2739776,0.2808575,540540
2400,0.1299481,0.7666835,0.1712955,0.2246420,540540
2500,0.1487120,0.2943228,0.3714981,0.3015118,540540
2600,0.1005030,0.5075965,0.2572632,0.2405235,540540
2700,0.1327430,0.3708430,0.3313086,0.2896484,540540
2800,0.1283889,0.3176757,0.3499631,0.2545561,540540
2900,0.1517393,0.7396218,0.1951949,0.2203793,540540
3000,0.1308172,0.5336404,0.2650342,0.2115568,540540
3100,0.1178507,0.4473611,0.2917660,0.2561740,540540
3200,0.1390163,0.3785256,0.3319996,0.2872651,540540
3300,0.0769911,0.7408047,0.1498728,0.1438642,540540
3400,0.0491712,0.8930547,0.0722809,0.1511470,540540
3500,0.1057157,0.4888749,0.2678795,0.2451076,540540
3600,0.0875574,0.6203272,0.2044036,0.2331139,540540
3700,0.1133291,0.5027323,0.2669046,0.2283142,540540
3800,0.0401646,0.8247652,0.0941927,0.1851197,540540
3900,0.0886967,0.6222156,0.2043318,0.2258178,540540
4000,0.0663786,0.6752355,0.1697330,0.1997993,540540
4100,0.1090541,0.4880940,0.2701949,0.2559884,540540
4200,0.1193884,0.4797291,0.2797414,0.2315540,540540
4300,0.0792826,0.7871503,0.1327095,0.1588697,540540
4400,0.1346034,0.4491917,0.3010854,0.2452576,540540
4500,0.1411294,0.3670495,0.3378579,0.2986485,540540
4600,0.1310972,0.4215292,0.3100466,0.2623265,540540
4700,0.1033445,0.7701486,0.1539472,0.2241603,540540
4800,0.0944063,0.6285767,0.2052131,0.1895244,540540
4900,0.1138292,0.7464676,0.1697105,0.1983582,540540
5000,0.0932365,0.6890544,0.1803201,0.2091897,540540
5100,0.1029283,0.5828992,0.2285973,0.2235793,540540
5200,0.0752282,0.6381346,0.1898831,0.2119767,540540
5300,0.0978228,0.6810346,0.1862798,0.2025995,540540
5400,0.0844355,0.7036892,0.1691856,0.2016728,540540
5500,0.1319734,0.4200932,0.3111468,0.2177732,540540
5600,0.0801950,0.6596027,0.1842759,0.2159176,540540
5700,0.1031387,0.6179789,0.2146917,0.2257256,540540
5800,0.1115813,0.5697033,0.2390675,0.2555142,540540
5900,0.1414930,0.6120871,0.2400610,0.2661086,540540
6000,0.1884696,0.4542523,0.3313808,0.2587687,540540
6100,0.1117666,0.4354762,0.2928694,0.2760269,540540
6200,0.1135532,0.4438752,0.2905819,0.2331508,540540
6300,0.1449684,0.4061188,0.3245336,0.2838827,540540
6400,0.1172553,0.5042719,0.2686444,0.2351314,540540
6500,0.1080907,0.5449436,0.2468770,0.2308151,540540
6600,0.0961840,0.6751679,0.1876433,0.2198139,540540
6700,0.1903733,0.5668014,0.2875034,0.2083259,540540
6800,0.0741572,0.7841724,0.1308253,0.1840836,540540
6900,0.0812321,0.7190588,0.1611158,0.2004696,540540
7000,0.0946975,0.5490057,0.2372163,0.2297363,540540
7100,0.0924213,0.4920058,0.2586505,0.2537816,540540
7200,0.1596099,0.7902910,0.1796496,0.2054292,540540
7300,0.1287566,0.3975970,0.3182152,0.2449877,540540
7400,0.0884216,0.6545537,0.1912315,0.1834157,540540
7500,0.0879195,0.7571322,0.1498988,0.2244328,540540
7600,0.0989809,0.5724136,0.2304231,0.1852623,540540
7700,0.1037614,0.6386379,0.2068017,0.2430619,540540
7800,0.1092291,0.4972177,0.2666504,0.2363879,540540
7900,0.1033631,0.3599780,0.3180266,0.2537430,540540
8000,0.0524784,0.8665385,0.0848716,0.1912014,540540
8100,0.1137150,0.3472025,0.3293480,0.2397512,540540
8200,0.0913749,0.6037807,0.2133127,0.1733606,540540
8300,0.1997238,0.6654056,0.2536720,0.2087291,540540
8400,0.0660583,0.7004336,0.1594616,0.2207934,540540
8500,0.1243847,0.3724397,0.3256549,0.2633365,540540
8600,0.1243731,0.4021397,0.3137680,0.2534327,540540
8700,0.1222215,0.5600690,0.2493053,0.1728656,540540
8800,0.1177951,0.5174411,0.2637006,0.2619952,540540
8900,0.1004973,0.5742903,0.2305823,0.2460431,575768
9000,0.1132594,0.6099566,0.2239730,0.2231775,575768
9100,0.1228118,0.5242431,0.2639898,0.2318039,575768
9200,0.1373939,0.5331491,0.2691767,0.2764872,575768
9300,0.0735886,0.7242068,0.1544704,0.2223174,575768
9400,0.0835481,0.6451111,0.1920844,0.1873927,575768
9500,0.1481592,0.5802066,0.2568129,0.2582634,575768
9600,0.1365331,0.4708026,0.2935989,0.2244088,575768
9700,0.1058585,0.6358200,0.2091871,0.2190384,575768
9800,0.1219247,0.3871197,0.3183069,0.2832511,575768
9900,0.1473139,0.2891714,0.3727198,0.3017642,575768
10000,0.0881070,0.5793534,0.2211228,0.2266572,575768
10100,0.1764485,0.4781853,0.3145950,0.2800407,575768
10200,0.1177011,0.5416340,0.2539671,0.2307429,575768
10300,0.0726442,0.6374950,0.1885886,0.1702670,575768
10400,0.1298588,0.3866295,0.3232635,0.2874058,575768
10500,0.1031071,0.6257890,0.2115487,0.2388865,575768
10600,0.1328034,0.3224701,0.3506940,0.2543041,575768
10700,0.1244058,0.2975656,0.3556172,0.3022486,575768
10800,0.0861798,0.6251065,0.2016653,0.1768545,575768
10900,0.1292972,0.3893477,0.3218393,0.2544423,575768
11000,0.0853794,0.5942520,0.2135269,0.2344147,575768
11100,0.1573760,0.4574788,0.3114341,0.2656535,619201
11200,0.0964223,0.5854412,0.2236769,0.2556224,619201
11300,0.0911390,0.6244782,0.2048921,0.2256307,619201
11400,0.1496973,0.3828014,0.3366978,0.2680356,619201
11500,0.1099291,0.6029333,0.2247842,0.2134224,619201
11600,0.1248695,0.4903803,0.2787696,0.2523799,619201
11700,0.1512059,0.3446097,0.3528796,0.2606158,619201
11800,0.0974936,0.6129739,0.2133066,0.1877305,619201
11900,0.0858959,0.7370192,0.1567299,0.2105557,619201
12000,0.0560603,0.7070453,0.1508180,0.1991069,619201
12100,0.0930829,0.7729073,0.1466868,0.2244853,619201
12200,0.1427473,0.4220082,0.3168451,0.2555631,619201
12300,0.0941784,0.6813860,0.1839527,0.2375062,619201
12400,0.0954844,0.4684021,0.2699298,0.2639912,619201
12500,0.1083680,0.7147590,0.1791172,0.1824668,619201
12600,0.1082374,0.3933519,0.3076017,0.2466037,619201
12700,0.1040524,0.5615809,0.2377991,0.2075085,619201
12800,0.1191608,0.3925549,0.3144746,0.2593536,619201
12900,0.1097839,0.8928729,0.1087212,0.2063858,619201
13000,0.0960743,0.6830866,0.1844099,0.1986189,619201
13100,0.0717585,0.7457968,0.1447364,0.2056589,619201
13200,0.1074536,0.5405022,0.2482713,0.2604371,619201
13300,0.1099609,0.6301628,0.2139114,0.2158601,633559
13400,0.0802068,0.7331802,0.1548520,0.1918119,633559
13500,0.1366311,0.3292573,0.3502757,0.2766148,633559
13600,0.1189957,0.5327033,0.2583161,0.2612578,633559
13700,0.1384851,0.4853508,0.2889508,0.2230423,633559
13800,0.1463560,0.3885512,0.3323931,0.2206933,633559
13900,0.0833840,0.8674787,0.1030389,0.1849806,633559
14000,0.0920217,0.6653969,0.1890543,0.2226772,633559
14100,0.1564520,0.3288380,0.3623360,0.2858679,633559
14200,0.2004222,0.6002471,0.2801545,0.2704551,633559
14300,0.2432866,0.4689386,0.3583965,0.2585892,633559
14400,0.0757223,0.5840045,0.2118316,0.1815499,633559
14500,0.1192750,0.6097265,0.2276744,0.2048021,633559
14600,0.0955549,0.5344443,0.2435552,0.2551110,633559
14700,0.1046087,0.4785554,0.2713431,0.2376781,633559
14800,0.1215771,0.5571612,0.2500818,0.2183949,633559
14900,0.1160840,0.6007862,0.2293359,0.2253566,633559
15000,0.1304407,0.3295154,0.3464583,0.3067016,633559
15100,0.0629882,0.7626421,0.1327361,0.1930319,633559
15200,0.0710815,0.6565017,0.1800483,0.2181444,633559
15300,0.0753426,0.7244464,0.1554270,0.1947228,633559
15400,0.1052525,0.3386395,0.3276957,0.2615585,633559
15500,0.1240128,0.3008464,0.3540691,0.2978668,633559
15600,0.0689676,0.8127217,0.1162918,0.1669373,655615
15700,0.1336357,0.5118793,0.2754297,0.2051381,655615
15800,0.0985021,0.6449069,0.2011385,0.2280493,655615
15900,0.0535704,0.8977624,0.0730373,0.1461856,655615
16000,0.1018446,0.6675929,0.1940696,0.2041704,655615
16100,0.0781799,0.7818438,0.1341704,0.1871994,655615
16200,0.1107777,0.5418172,0.2497397,0.2661414,655615
16300,0.0870462,0.6784136,0.1808623,0.1979421,655615
16400,0.1261471,0.4645232,0.2898790,0.2108042,655615
16500,0.1158179,0.4625087,0.2844873,0.2923861,655615
16600,0.0873318,0.5880365,0.2171845,0.2278974,655615
16700,0.1045827,0.6136808,0.2172773,0.2705991,655615
16800,0.0990365,0.5594065,0.2356593,0.2545554,655615
16900,0.0580130,0.7716455,0.1261496,0.1453135,655615
17000,0.0967269,0.5970933,0.2191989,0.2186719,655615
17100,0.0485305,0.8262761,0.0986079,0.1887145,655615
17200,0.1228138,0.3344096,0.3399245,0.2995901,655615
17300,0.1147685,0.4563780,0.2863099,0.2401839,655615
17400,0.0897616,0.6394321,0.1980841,0.2164431,655615
17500,0.0822805,0.7021617,0.1685036,0.1632251,655615
17600,0.0637315,0.7675571,0.1312160,0.1799171,655615
17700,0.1222430,0.5429828,0.2561527,0.2198034,655615
17800,0.1069164,0.4557948,0.2818319,0.2548350,672311
17900,0.0498786,0.7764059,0.1193648,0.1696288,672311
18000,0.0995763,0.5702161,0.2316593,0.2252887,672311
18100,0.1124667,0.6558297,0.2051481,0.2059891,672311
18200,0.1018215,0.3980309,0.3018805,0.2309813,672311
18300,0.0818493,0.5996578,0.2092465,0.2029353,672311
18400,0.0757373,0.6695139,0.1776368,0.2259937,672311
18500,0.0989448,0.5929483,0.2221876,0.2517911,672311
18600,0.1044462,0.4494570,0.2828850,0.2181200,672311
18700,0.1303023,0.5531043,0.2569396,0.2245350,672311
18800,0.1718349,0.5924618,0.2661162,0.2432701,672311
18900,0.0536139,0.7144160,0.1464019,0.1806147,672311
19000,0.1115419,0.4365253,0.2923150,0.2694582,672311
19100,0.1361543,0.5098605,0.2777484,0.2614764,672311
19200,0.0965578,0.6296901,0.2060586,0.2458715,672311
19300,0.0895920,0.6415021,0.1971543,0.1884928,672311
19400,0.0333930,0.9690094,0.0324321,0.1703695,672311
19500,0.0763275,0.6977210,0.1667081,0.1961421,672311
19600,0.0988779,0.4417768,0.2826160,0.2218153,672311
19700,0.0872322,0.7029197,0.1711714,0.1661514,672311
19800,0.1184359,0.4850386,0.2770461,0.2429922,672311
19900,0.1131959,0.5088992,0.2643579,0.2296279,672311
20000,0.0937860,0.6476102,0.1972275,0.1857724,704817
20100,0.1145666,0.3929284,0.3115686,0.2286297,704817
20200,0.1071033,0.4141107,0.2986177,0.2338789,704817
20300,0.0682628,0.7271600,0.1500937,0.1796549,704817
20400,0.0768060,0.7764583,0.1355003,0.1840704,704817
20500,0.0969765,0.5830121,0.2249811,0.1935765,704817
20600,0.0624367,0.7322701,0.1445540,0.1823430,704817
20700,0.0496031,0.7521743,0.1288921,0.1766168,704817
20800,0.0717546,0.7610092,0.1386491,0.1853201,704817
20900,0.0309110,0.9622318,0.0336539,0.1539967,704817
21000,0.1197164,0.3149105,0.3458656,0.2768305,704817
21100,0.0832330,0.6401693,0.1938721,0.1773399,704817
21200,0.0954849,0.5113804,0.2527388,0.2007836,704817
21300,0.0728885,0.6938692,0.1661854,0.1774800,704817
21400,0.0701889,0.6873491,0.1671737,0.1737212,704817
21500,0.0708621,0.7659324,0.1361443,0.1689319,704817
21600,0.0930528,0.4540952,0.2741936,0.1897926,704817
21700,0.0566705,0.7422478,0.1371032,0.1797754,704817
21800,0.1394343,0.5024624,0.2826756,0.2213090,704817
21900,0.0943579,0.5944232,0.2188455,0.1863115,704817
22000,0.0952412,0.5984427,0.2177676,0.2076991,704817
22100,0.0959557,0.5687028,0.2300923,0.2278821,704817
22200,0.1004988,0.6569902,0.1975032,0.2318372,740838
22300,0.0902186,0.5624022,0.2291703,0.1843226,740838
22400,0.0885068,0.6987417,0.1736074,0.1871809,740838
22500,0.1007677,0.5347121,0.2465758,0.2176422,740838
22600,0.0765997,0.3532049,0.3046778,0.2461776,740838
22700,0.0615042,0.8722890,0.0879869,0.1673168,740838
22800,0.0274917,0.8705602,0.0682710,0.1154289,740838
22900,0.0684230,0.7402483,0.1449545,0.1766034,740838
23000,0.1016364,0.5677465,0.2338833,0.2014032,740838
23100,0.0501679,0.7785118,0.1186960,0.1556712,740838
23200,0.0652016,0.8252151,0.1090349,0.1524166,740838
23300,0.0746615,0.6795065,0.1729943,0.2182618,740838
23400,0.0679037,0.6537743,0.1792325,0.1785221,740838
23500,0.0544551,0.7543039,0.1309515,0.1511903,740838
23600,0.1043896,0.5211545,0.2541720,0.2002508,740838
23700,0.0823459,0.6495625,0.1895826,0.2114433,740838
23800,0.0998561,0.6637268,0.1944230,0.2088427,740838
23900,0.0922650,0.6191633,0.2076937,0.1969638,740838
24000,0.0764035,0.7127876,0.1607271,0.1659084,740838
24100,0.0973907,0.5067292,0.2557427,0.2081490,740838
24200,0.0907703,0.6899884,0.1784669,0.1584569,740838
24300,0.0814049,0.7005392,0.1686273,0.2099988,740838
24400,0.0913784,0.5848104,0.2209029,0.2025624,804184
24500,0.1081891,0.3622805,0.3200012,0.2510438,804184
24600,0.1117999,0.5565197,0.2444721,0.1864461,804184
24700,0.0748044,0.6790755,0.1732525,0.2038443,804184
24800,0.1648772,0.5306132,0.2866811,0.2815779,804184
24900,0.0929589,0.6366761,0.2011049,0.2210612,804184
25000,0.1128944,0.6489967,0.2081380,0.2091404,804184
25100,0.1039215,0.4299729,0.2903637,0.1968083,804184
25200,0.0721329,0.7360057,0.1488775,0.1540941,804184
25300,0.0791853,0.5945223,0.2097023,0.2247569,804184
25400,0.0958183,0.5438790,0.2399394,0.2115037,804184
25500,0.1720781,0.6165072,0.2566440,0.1894593,804184
25600,0.0873684,0.5879602,0.2172370,0.1922573,804184
25700,0.1106145,0.3717158,0.3176824,0.2497651,804184
25800,0.0681808,0.6009719,0.2005197,0.2115504,804184
25900,0.0775966,0.7133608,0.1612136,0.1691176,804184
26000,0.0609296,0.9072700,0.0736497,0.1556691,804184
26100,0.0688926,0.7612171,0.1368487,0.2071787,804184
26200,0.1081160,0.8369325,0.1300966,0.1920985,804184
26300,0.0879213,0.7137187,0.1672653,0.1669881,804184
26400,0.0912352,0.5161030,0.2482999,0.2277196,804184
26500,0.0952864,0.4687454,0.2696737,0.2340795,804184
26600,0.1085975,0.5141104,0.2595143,0.2175559,873294
26700,0.0937134,0.5978607,0.2170837,0.2066100,873294
26800,0.1046960,0.3955158,0.3046113,0.2049387,873294
26900,0.0602562,0.7652105,0.1300695,0.2065103,873294
27000,0.0629281,0.8476709,0.0986885,0.1705939,873294
27100,0.0831510,0.6794018,0.1781299,0.2203701,873294
27200,0.1095580,0.4773852,0.2747808,0.2361971,873294
27300,0.1241953,0.5381837,0.2592437,0.2629155,873294
27400,0.0812491,0.7983723,0.1294006,0.1781786,873294
27500,0.1130899,0.3494262,0.3280835,0.2599330,873294
27600,0.0777668,0.7165554,0.1600380,0.1742805,873294
27700,0.1105196,0.4383099,0.2909878,0.2865799,873294
27800,0.1044663,0.5406187,0.2464323,0.2313798,873294
27900,0.1049891,0.5634137,0.2376280,0.2226228,873294
28000,0.0891864,0.6197003,0.2056317,0.1999600,873294
28100,0.0993685,0.4437832,0.2821078,0.2163432,873294
28200,0.0942183,0.8365000,0.1219309,0.1466620,873294
28300,0.0775044,0.7608684,0.1421553,0.1549378,873294
28400,0.0542080,0.7823721,0.1195760,0.1420843,873294
28500,0.0472830,0.9229705,0.0591816,0.1794015,873294
28600,0.0637019,0.8568248,0.0954912,0.1301107,873294
28700,0.0656384,0.5940464,0.2017645,0.1625775,873294
28800,0.0982651,0.4284766,0.2875684,0.2498688,873294
28900,0.0467806,0.8232901,0.0987523,0.1520407,969043
29000,0.0690118,0.6985672,0.1619802,0.1724800,969043
29100,0.0791463,0.5902517,0.2113871,0.1892940,969043
29200,0.0456689,0.8576131,0.0843561,0.1288733,969043
29300,0.0930069,0.5942485,0.2181047,0.1841515,969043
29400,0.0418228,0.7905694,0.1088659,0.1927087,969043
29500,0.1196573,0.3241853,0.3421202,0.2524560,969043
29600,0.0977764,0.6416523,0.2020050,0.2043868,969043
29700,0.0705451,0.7236837,0.1528536,0.2035146,969043
29800,0.0974763,0.4771481,0.2676266,0.1954422,969043
29900,0.0684630,0.6900716,0.1650492,0.1479844,969043
30000,0.1443012,0.7277545,0.1954789,0.2042167,969043
30100,0.0692927,0.7466488,0.1429161,0.1497939,969043
30200,0.1311884,0.4673493,0.2917733,0.2538489,969043
30300,0.0962922,0.6099737,0.2137858,0.1989668,969043
30400,0.0868473,0.5913972,0.2155495,0.2235067,969043
30500,0.1008443,0.5240880,0.2508714,0.2383908,969043
30600,0.0952365,0.5491436,0.2374845,0.1947232,969043
30700,0.0933307,0.5234473,0.2466195,0.2012051,969043
30800,0.0982705,0.5291235,0.2473129,0.2175587,969043
30900,0.0367439,0.8490363,0.0824318,0.2058853,969043
31000,0.0673638,0.7640847,0.1347844,0.1772177,969043
31100,0.1205887,0.4517097,0.2916693,0.2325796,1013415
31200,0.0889074,0.6203611,0.2052000,0.2381706,1013415
31300,0.0999490,0.5264577,0.2493863,0.2460664,1013415
31400,0.0667935,0.7324833,0.1470828,0.1719611,1013415
31500,0.0913979,0.6375523,0.1998178,0.1961847,1013415
31600,0.0654571,0.7715886,0.1306388,0.1647660,1013415
31700,0.0712489,0.7536528,0.1412882,0.2033386,1013415
31800,0.0859416,0.7148247,0.1656351,0.1894762,1013415
31900,0.0767516,0.7017067,0.1653682,0.1598859,1013415
32000,0.0488305,0.8567543,0.0865966,0.1766060,1013415
32100,0.0558283,0.7010535,0.1530755,0.1784435,1013415
32200,0.0842431,0.5385412,0.2351294,0.2236330,1013415
32300,0.0421274,0.8771239,0.0744269,0.1310899,1013415
32400,0.0639854,0.7239596,0.1488074,0.1642500,1013415
32500,0.0852063,0.6734308,0.1817515,0.1781789,1013415
32600,0.0839527,0.5212626,0.2418665,0.1951376,1013415
32700,0.0799461,0.7455147,0.1497618,0.1853688,1013415
32800,0.0651835,0.8978649,0.0799641,0.1451071,1013415
32900,0.0916142,0.6125542,0.2099468,0.1872230,1013415
33000,0.0692820,0.6983026,0.1622481,0.1651849,1013415
33100,0.0869144,0.6214681,0.2035614,0.1864601,1013415
33200,0.0723441,0.7283680,0.1520593,0.1976238,1013415
33300,0.0702196,0.7728162,0.1330053,0.1764469,1127957
33400,0.0747383,0.6152281,0.1987518,0.2014777,1127957
33500,0.0923565,0.5831885,0.2221385,0.2074803,1127957
33600,0.0891159,0.6459445,0.1950917,0.1898807,1127957
33700,0.0606898,0.7380315,0.1412013,0.1779426,1127957
33800,0.1041289,0.3722248,0.3135874,0.2238511,1127957
33900,0.0709260,0.7074205,0.1595874,0.1603404,1127957
34000,0.0652965,0.7215689,0.1505503,0.1655691,1127957
34100,0.1014251,0.3713832,0.3123018,0.2614076,1127957
34200,0.0744943,0.6728976,0.1755375,0.1827488,1127957
34300,0.0910749,0.6863796,0.1800931,0.1819957,1127957
34400,0.0786655,0.7270426,0.1563822,0.2069019,1127957
34500,0.0903414,0.7224138,0.1652393,0.1596578,1127957
34600,0.0748027,0.7385587,0.1494582,0.1923300,1127957
34700,0.1021816,0.4562167,0.2788223,0.2240518,1127957
34800,0.0537070,0.8371543,0.0973625,0.1474445,1127957
34900,0.0647066,0.6861301,0.1643719,0.1996318,1127957
35000,0.0805990,0.7396618,0.1524947,0.1855527,1127957
35100,0.0682898,0.7634757,0.1355836,0.1693383,1127957
35200,0.0561570,0.7988924,0.1141372,0.1800471,1127957
35300,0.0692207,0.6447083,0.1836491,0.1813280,1127957
35400,0.0420105,0.8416404,0.0885502,0.1228077,1127957
35500,0.0684225,0.7119714,0.1562650,0.1863539,1229133
35600,0.0677951,0.6364705,0.1860889,0.1843628,1229133
35700,0.0694606,0.7513239,0.1411468,0.1808770,1229133
35800,0.0450243,0.8197876,0.0990995,0.1609327,1229133
35900,0.0931978,0.6218044,0.2071969,0.1856826,1229133
36000,0.0970377,0.5405151,0.2420166,0.1818513,1229133
36100,0.0961852,0.6267434,0.2070138,0.1798718,1229133
36200,0.0993771,0.6198844,0.2116725,0.2400437,1229133
36300,0.0731862,0.7045382,0.1620964,0.1869040,1229133
36400,0.1048753,0.4316732,0.2902559,0.1994292,1229133
36500,0.0841340,0.8377680,0.1153732,0.1522114,1229133
36600,0.0492097,0.8473355,0.0905916,0.1748172,1229133
36700,0.0993534,0.5304559,0.2474297,0.1890735,1229133
36800,0.0455042,0.7364565,0.1327199,0.1771993,1229133
36900,0.0853740,0.7096694,0.1673567,0.1490111,1229133
37000,0.1089147,0.3595225,0.3215398,0.2234750,1229133
37100,0.0537464,0.8053862,0.1100934,0.1451237,1229133
37200,0.0811320,0.7246792,0.1588075,0.1812405,1229133
37300,0.0455598,0.8322852,0.0944218,0.1460645,1229133
37400,0.1028556,0.5193971,0.2539546,0.2310974,1229133
37500,0.0974735,0.6678490,0.1913445,0.1508980,1229133
37600,0.1010916,0.5934405,0.2232788,0.1940535,1229133
37700,0.0877806,0.6996396,0.1728126,0.1626284,1347382
37800,0.1126561,0.5523020,0.2466729,0.2158586,1347382
37900,0.0925437,0.5912948,0.2190083,0.1928326,1347382
38000,0.0882577,0.6164620,0.2063698,0.2058802,1347382
38100,0.0830346,0.7364385,0.1552454,0.1809295,1347382
38200,0.1029283,0.4083403,0.2984208,0.2467097,1347382
38300,0.0982890,0.6293422,0.2072365,0.1978782,1347382
38400,0.0470504,0.8394570,0.0924474,0.1339191,1347382
38500,0.0578683,0.7560792,0.1322893,0.1697400,1347382
38600,0.0742495,0.6474465,0.1855711,0.1937060,1347382
38700,0.0928353,0.6420935,0.1988638,0.1706758,1347382
38800,0.0329224,0.8401504,0.0836933,0.1425221,1347382
38900,0.0903407,0.6059982,0.2118051,0.1880163,1347382
39000,0.0571375,0.6025610,0.1932581,0.1856481,1347382
39100,0.1003032,0.6824705,0.1871937,0.1928126,1347382
39200,0.0671102,0.7207465,0.1519675,0.1694154,1347382
39300,0.0869490,0.5439464,0.2345908,0.2380027,1347382
39400,0.0941537,0.7489080,0.1569290,0.1767993,1347382
39500,0.1036413,0.3775918,0.3111480,0.2427505,1347382
39600,0.0713770,0.7299371,0.1508514,0.1489149,1347382
39700,0.1016300,0.4970579,0.2621549,0.2533786,1347382
39800,0.1112336,0.3926423,0.3096833,0.2270401,1347382
39900,0.0613235,0.7428145,0.1396683,0.2043315,1411642
40000,0.1596811,0.7314789,0.2032171,0.1886717,1411642
40100,0.0828404,0.6174577,0.2027211,0.1807078,1411642
40200,0.0687893,0.7284212,0.1499051,0.1260285,1411642
40300,0.1029997,0.5892816,0.2260872,0.1728566,1411642
40400,0.0880063,0.5796592,0.2209401,0.2078137,1411642
40500,0.1023759,0.6746329,0.1915724,0.1515580,1411642
40600,0.1032693,0.6026564,0.2208990,0.2407141,1411642
40700,0.0593656,0.8572171,0.0927325,0.1584746,1411642
40800,0.1884751,0.5836440,0.2796274,0.2290678,1411642
40900,0.1080519,0.7007457,0.1845329,0.1939908,1411642
41000,0.0881174,0.8057489,0.1305709,0.1542446,1411642
41100,0.0825553,0.6894125,0.1737682,0.1861600,1411642
41200,0.0456053,0.8330135,0.0941578,0.1495664,1411642
41300,0.0958942,0.6799836,0.1855431,0.1870029,1411642
41400,0.1072677,0.4565798,0.2817287,0.2514651,1411642
41500,0.0514086,0.8025576,0.1098221,0.1516327,1411642
41600,0.1003532,0.5523513,0.2392714,0.2199848,1411642
41700,0.0779669,0.7345079,0.1529770,0.1702526,1411642
41800,0.1034117,0.7375755,0.1670168,0.1366075,1411642
41900,0.1175179,0.6602945,0.2063930,0.1933538,1411642
42000,0.0967320,0.5431381,0.2407839,0.1993555,1411642
42100,0.1199648,0.8444559,0.1341965,0.1810018,1411642
42200,0.0792887,0.6584764,0.1841827,0.1700718,1439799
42300,0.0639747,0.7393771,0.1426339,0.1691453,1439799
42400,0.1019262,0.4441013,0.2835152,0.2051600,1439799
42500,0.0558416,0.7693675,0.1257580,0.1600412,1439799
42600,0.1002041,0.4066083,0.2974792,0.2233926,1439799
42700,0.0781606,0.6149917,0.2008997,0.1959833,1439799
42800,0.0904183,0.5310938,0.2418135,0.2269971,1439799
42900,0.1529890,0.6772540,0.2208918,0.1929306,1439799
43000,0.0720269,0.6341050,0.1895742,0.1872618,1439799
43100,0.0834339,0.4110209,0.2856520,0.2220142,1439799
43200,0.0509512,0.8278785,0.0994193,0.1269339,1439799
43300,0.0887538,0.7036727,0.1717832,0.1900810,1439799
43400,0.0721426,0.7333394,0.1499498,0.1538485,1439799
43500,0.0996534,0.6699547,0.1918102,0.1954546,1439799
43600,0.1560720,0.6279964,0.2424447,0.2315237,1439799
43700,0.0517570,0.7413951,0.1344962,0.1559039,1439799
43800,0.0785880,0.6746511,0.1772924,0.1880644,1439799
43900,0.0695041,0.7276250,0.1506524,0.1496151,1439799
44000,0.0818279,0.6576228,0.1860476,0.1846671,1439799
44100,0.0973635,0.6403601,0.2022741,0.1539636,1439799
44200,0.0958477,0.5869315,0.2227360,0.2172489,1439799
44300,0.0528391,0.7358785,0.1373521,0.1834853,1439799
44400,0.0690425,0.7438415,0.1438889,0.1950019,1492940
44500,0.0341022,0.8391987,0.0847819,0.1940404,1492940
44600,0.0736067,0.7403208,0.1480357,0.1639305,1492940
44700,0.0498919,0.8176180,0.1028880,0.1576756,1492940
44800,0.0597431,0.7607802,0.1315338,0.1462428,1492940
44900,0.0976427,0.5937133,0.2211003,0.1880737,1492940
45000,0.0886171,0.4763486,0.2626308,0.2031552,1492940
45100,0.0642544,0.7605726,0.1343236,0.1275687,1492940
45200,0.1192453,0.3206531,0.3432859,0.2069095,1492940
45300,0.0828856,0.6014679,0.2091442,0.2040668,1492940
45400,0.1038318,0.7486898,0.1628232,0.1953885,1492940
45500,0.1081954,0.5898468,0.2289785,0.2028055,1492940
45600,0.0538094,0.7833912,0.1189292,0.1461372,1492940
45700,0.0546064,0.7355404,0.1385477,0.1519848,1492940
45800,0.0530729,0.6636840,0.1663701,0.1827441,1492940
45900,0.0952069,0.5897676,0.2212171,0.1983130,1492940
46000,0.1120623,0.4149069,0.3012746,0.2247687,1492940
46100,0.1111199,0.4798006,0.2747517,0.2325201,1492940
46200,0.1266230,0.4722826,0.2870608,0.2324922,1492940
46300,0.1043951,0.4184197,0.2952692,0.1971986,1492940
46400,0.1004395,0.4711875,0.2717887,0.1976667,1492940
46500,0.0879852,0.6396961,0.1969127,0.1757354,1492940
46600,0.0832304,0.6875181,0.1749310,0.1635055,1545320
46700,0.0997506,0.6612115,0.1953658,0.2017507,1545320
46800,0.0523224,0.8375419,0.0963766,0.1569572,1545320
46900,0.0583469,0.6991700,0.1553401,0.1742983,1545320
47000,0.0433828,0.8379630,0.0908445,0.1398835,1545320
47100,0.0385192,0.8415494,0.0864918,0.1696068,1545320
47200,0.0971569,0.4064724,0.2957052,0.2252348,1545320
47300,0.0922873,0.3800264,0.3033618,0.2398147,1545320
47400,0.0810599,0.6450007,0.1906357,0.1887319,1545320
47500,0.0573945,0.6768755,0.1636865,0.1719026,1545320
47600,0.0773655,0.6926178,0.1693722,0.1661625,1545320
47700,0.0510945,0.7638674,0.1251097,0.1752983,1545320
47800,0.0887705,0.7726648,0.1441964,0.1636816,1545320
47900,0.0839448,0.6009238,0.2099974,0.1950961,1545320
48000,0.0449114,0.7870258,0.1121365,0.1727703,1545320
48100,0.0952919,0.5337259,0.2436848,0.2165718,1545320
48200,0.0637398,0.7465467,0.1396252,0.1831186,1545320
48300,0.0738802,0.7519016,0.1435675,0.1760676,1545320
48400,0.0669151,0.7453009,0.1420287,0.1518794,1545320
48500,0.0472369,0.8851070,0.0742993,0.1400752,1545320
48600,0.0576492,0.7789410,0.1230131,0.1524238,1545320
48700,0.0907498,0.5777830,0.2233367,0.1855427,1545320
48800,0.0713986,0.7260005,0.1524389,0.1748847,1571402
48900,0.0839081,0.6845987,0.1765054,0.1682234,1571402
49000,0.0604281,0.8067186,0.1135694,0.1678160,1571402
49100,0.0820606,0.7297673,0.1573294,0.1813713,1571402
49200,0.1328311,0.5895699,0.2438707,0.2075691,1571402
49300,0.0706650,0.7579756,0.1392087,0.1721027,1571402
49400,0.0715441,0.6804098,0.1707625,0.1690413,1571402
49500,0.1191418,0.5733938,0.2421276,0.1823057,1571402
49600,0.0878723,0.5608448,0.2283855,0.1983758,1571402
49700,0.0639337,0.8256167,0.1081135,0.1588406,1571402
49800,0.0543201,0.7299868,0.1405973,0.1801402,1571402
49900,0.0500178,0.7808173,0.1176838,0.1518382,1571402
50000,0.0795232,0.7089270,0.1641431,0.1698020,1571402
50100,0.0918128,0.5311298,0.2426357,0.2133677,1571402
50200,0.0803301,0.6177881,0.2010829,0.1772757,1571402
50300,0.0888705,0.5267435,0.2426249,0.1823475,1571402
50400,0.0928794,0.5411513,0.2392671,0.2162650,1571402
50500,0.0532716,0.7767994,0.1212432,0.1523029,1571402
50600,0.1207183,0.5454207,0.2542627,0.1868872,1571402
50700,0.0884005,0.6217483,0.2043409,0.1634860,1571402
50800,0.0711948,0.7080128,0.1595118,0.1715939,1571402
50900,0.0581131,0.7223887,0.1459124,0.1593761,1571402
51000,0.0815376,0.6402417,0.1928259,0.1771120,1629739
51100,0.0727659,0.7125150,0.1586536,0.1639185,1629739
51200,0.0566495,0.7376475,0.1389307,0.1664079,1629739
51300,0.0828831,0.6677611,0.1826254,0.2034066,1629739
51400,0.0737198,0.6786034,0.1727905,0.1958646,1629739
51500,0.0526721,0.6367071,0.1769204,0.2181702,1629739
51600,0.0304815,0.8265377,0.0876738,0.1259562,1629739
51700,0.0903272,0.6184545,0.2068145,0.2154617,1629739
51800,0.1005328,0.5389091,0.2447560,0.2221356,1629739
51900,0.0397142,0.7878344,0.1086947,0.1174441,1629739
52000,0.0944307,0.5049825,0.2546654,0.2137398,1629739
52100,0.0601470,0.7965831,0.1174550,0.1308175,1629739
52200,0.0539953,0.7802712,0.1202887,0.1171219,1629739
52300,0.0824259,0.5955998,0.2112156,0.1924968,1629739
52400,0.0841096,0.7321231,0.1576165,0.1802358,1629739
52500,0.0409107,0.8217111,0.0958620,0.1547788,1629739
52600,0.0616865,0.7494156,0.1372457,0.1610686,1629739
52700,0.0914972,0.7425456,0.1578801,0.1875469,1629739
52800,0.0795938,0.5875527,0.2127352,0.1983435,1629739
52900,0.0867280,0.6456729,0.1937677,0.1761572,1629739
53000,0.0740385,0.7166752,0.1577530,0.1620480,1629739
53100,0.0957759,0.6114457,0.2128873,0.1822314,1629739
53200,0.0926526,0.6623045,0.1906698,0.1949627,1690871
53300,0.0741491,0.7094071,0.1607266,0.1700357,1690871
53400,0.0462860,0.8130143,0.1025659,0.1520800,1690871
53500,0.0592133,0.6530335,0.1743146,0.1826751,1690871
53600,0.0870141,0.4509313,0.2718360,0.2020460,1690871
53700,0.0936568,0.4297908,0.2842778,0.2154936,1690871
53800,0.0751971,0.7230902,0.1558822,0.1594796,1690871
53900,0.0898889,0.6050190,0.2119258,0.1866493,1690871
54000,0.0921874,0.6753828,0.1851593,0.1945690,1690871
54100,0.0670438,0.8437836,0.1027129,0.1444896,1690871
54200,0.0583941,0.7483307,0.1357042,0.1946349,1690871
54300,0.0860623,0.6118290,0.2069058,0.1791410,1690871
54400,0.0540211,0.8006250,0.1121626,0.1488766,1690871
54500,0.0539610,0.7449327,0.1344035,0.1544172,1690871
54600,0.0550096,0.7784363,0.1216313,0.1672739,1690871
54700,0.0412320,0.8664647,0.0781533,0.1564709,1690871
54800,0.0883812,0.5975107,0.2140244,0.1787313,1690871
54900,0.0425629,0.8159953,0.0991396,0.1375276,1690871
55000,0.0695549,0.7594185,0.1379656,0.1304717,1690871
55100,0.0750502,0.6819991,0.1722305,0.1702256,1690871
55200,0.0851298,0.5788705,0.2195297,0.2000321,1690871
55300,0.0545962,0.7732370,0.1234629,0.1549252,1690871
55400,0.0909863,0.5062948,0.2520738,0.1631953,1690871
55500,0.0522070,0.7044320,0.1495514,0.1563925,1706209
55600,0.0880259,0.5718260,0.2240851,0.1727620,1706209
55700,0.1338121,0.7325079,0.1872841,0.1846618,1706209
55800,0.0727748,0.7669948,0.1368670,0.1550900,1706209
55900,0.1101027,0.6250712,0.2160331,0.1758765,1706209
56000,0.0861662,0.6741927,0.1820226,0.1873300,1706209
56100,0.0638296,0.7696688,0.1304303,0.1429602,1706209
56200,0.0726734,0.7224177,0.1546369,0.1581804,1706209
56300,0.0911692,0.7764534,0.1441202,0.1603688,1706209
56400,0.0892645,0.6156311,0.2073063,0.1388939,1706209
56500,0.0751189,0.7028117,0.1639466,0.1671228,1706209
56600,0.0544261,0.8413793,0.0961039,0.1410784,1706209
56700,0.0696597,0.6579589,0.1786123,0.1925058,1706209
56800,0.0880873,0.6341949,0.1991744,0.1819589,1706209
56900,0.0811597,0.6385761,0.1932654,0.1509691,1706209
57000,0.0838093,0.8564569,0.1077029,0.1485379,1706209
57100,0.0744416,0.7632960,0.1393466,0.1431056,1706209
57200,0.1336876,0.7178267,0.1930819,0.1969832,1706209
57300,0.0911046,0.6420308,0.1978505,0.1471255,1706209
57400,0.0641789,0.7634283,0.1331360,0.1546255,1706209
57500,0.0835628,0.6980795,0.1709059,0.1609506,1706209
57600,0.0836670,0.6754247,0.1800303,0.1490072,1706209
57700,0.0676521,0.6037764,0.1990807,0.2000220,1723455
57800,0.0610777,0.7855763,0.1224161,0.1532727,1723455
57900,0.0693716,0.7246276,0.1517719,0.1569616,1723455
58000,0.0334021,0.8292203,0.0883531,0.1465261,1723455
58100,0.0862941,0.6450344,0.1937627,0.1858681,1723455
58200,0.0698401,0.7632948,0.1365861,0.2016568,1723455
58300,0.0636363,0.6713587,0.1696383,0.1675401,1723455
58400,0.0601477,0.8105110,0.1118842,0.1527395,1723455
58500,0.0565843,0.7923693,0.1170029,0.1635069,1723455
58600,0.0255436,0.9075305,0.0523139,0.1378979,1723455
58700,0.0852466,0.6233626,0.2018029,0.1775956,1723455
58800,0.0865095,0.5790336,0.2202923,0.2005694,1723455
58900,0.0538386,0.7670227,0.1254941,0.1360591,1723455
59000,0.0818017,0.7050910,0.1670446,0.1564614,1723455
59100,0.0707312,0.7346926,0.1485617,0.1835896,1723455
59200,0.0925163,0.5717688,0.2268023,0.1956782,1723455
59300,0.0904556,0.6582631,0.1909681,0.1691226,1723455
59400,0.0650737,0.7283899,0.1476883,0.1790050,1723455
59500,0.0770780,0.7300735,0.1542175,0.1732227,1723455
59600,0.0457806,0.7982826,0.1081553,0.1416398,1723455
59700,0.0640053,0.7513174,0.1378762,0.1457880,1723455
59800,0.1030527,0.5187068,0.2543489,0.2021918,1723455
59900,0.0312967,0.8524988,0.0777785,0.1212897,1759985
60000,0.2211561,0.5793195,0.3009659,0.1997274,1759985
60100,0.1006642,0.5929447,0.2232207,0.1718103,1759985
60200,0.0806805,0.6087621,0.2049035,0.1979498,1759985
60300,0.0563660,0.6061224,0.1913707,0.1840537,1759985
60400,0.0719346,0.6968805,0.1644086,0.1367323,1759985
60500,0.1125906,0.4839948,0.2739564,0.2108601,1759985
60600,0.0307005,0.9418958,0.0416620,0.1004810,1759985
60700,0.0523225,0.7639129,0.1258283,0.1802551,1759985
60800,0.0695505,0.7466111,0.1430859,0.1532782,1759985
60900,0.0307614,0.8836607,0.0649926,0.1222193,1759985
61000,0.0788771,0.6523758,0.1863759,0.1575336,1759985
61100,0.0601023,0.7826715,0.1229928,0.1223394,1759985
61200,0.1024823,0.4797654,0.2695832,0.2178728,1759985
61300,0.0506996,0.8514155,0.0898536,0.1461313,1759985
61400,0.0877741,0.5245665,0.2428378,0.2283726,1759985
61500,0.0809296,0.8396125,0.1127128,0.1212219,1759985
61600,0.0690491,0.7138435,0.1558921,0.1392117,1759985
61700,0.0808538,0.6423978,0.1915532,0.1767107,1759985
61800,0.0712041,0.7240036,0.1531211,0.1513598,1759985
61900,0.0865460,0.6385171,0.1965207,0.1787158,1759985
62000,0.0555724,0.8180004,0.1061433,0.1446380,1759985
62100,0.0794926,0.6569380,0.1849204,0.1984465,1796270
62200,0.0550871,0.6975192,0.1540446,0.1352082,1796270
62300,0.0595068,0.7150384,0.1496887,0.1550028,1796270
62400,0.0667800,0.7856879,0.1257928,0.1495847,1796270
62500,0.0833792,0.4784842,0.2586339,0.2146980,1796270
62600,0.0998293,0.5725648,0.2308717,0.2011443,1796270
62700,0.0713352,0.7053954,0.1606430,0.1408198,1796270
62800,0.0698263,0.7540106,0.1402915,0.1690968,1796270
62900,0.0779795,0.6353625,0.1926427,0.1841896,1796270
63000,0.0870953,0.6235058,0.2028549,0.1767204,1796270
63100,0.0980687,0.5498953,0.2388831,0.2233824,1796270
63200,0.0879805,0.5880142,0.2175826,0.1592811,1796270
63300,0.1071114,0.4587142,0.2807811,0.2066587,1796270
63400,0.0572586,0.7268244,0.1436254,0.1537359,1796270
63500,0.0879887,0.7145317,0.1669806,0.1529670,1796270
63600,0.1036405,0.6631316,0.1969316,0.1646245,1796270
63700,0.0502275,0.8275426,0.0991194,0.1013538,1796270
63800,0.1007503,0.5349286,0.2464787,0.2028618,1796270
63900,0.0904259,0.5413899,0.2376996,0.1867915,1796270
64000,0.0579696,0.7533330,0.1334486,0.1735572,1796270
64100,0.0484788,0.8154758,0.1028970,0.1385593,1796270
64200,0.1147743,0.5480708,0.2496362,0.2247941,1796270
64300,0.0849683,0.6524538,0.1899994,0.1919969,1842054
64400,0.0649818,0.7519510,0.1382087,0.1546079,1842054
64500,0.0287288,0.8695373,0.0694224,0.1022517,1842054
64600,0.0415468,0.8102565,0.1008255,0.1466995,1842054
64700,0.0748786,0.7411631,0.1484619,0.1576285,1842054
64800,0.0765135,0.6656094,0.1796644,0.1705005,1842054
64900,0.1721857,0.6664753,0.2367213,0.1962394,1842054
65000,0.0958103,0.6393056,0.2017640,0.1861304,1842054
65100,0.0492996,0.8068800,0.1068278,0.1489398,1842054
65200,0.0521836,0.7861518,0.1168495,0.1355552,1842054
65300,0.0856019,0.6212402,0.2028651,0.1964206,1842054
65400,0.0866228,0.4890714,0.2563452,0.1952098,1842054
65500,0.0983775,0.6397730,0.2031173,0.1726174,1842054
65600,0.0434132,0.7561671,0.1235811,0.1467961,1842054
65700,0.1013220,0.4704280,0.2726220,0.2103629,1842054
65800,0.0858919,0.6429953,0.1943370,0.1739568,1842054
65900,0.0314512,0.8938535,0.0613293,0.1252946,1842054
66000,0.0378888,0.8581339,0.0794798,0.1163381,1842054
66100,0.0550314,0.7110264,0.1486083,0.1825118,1842054
66200,0.0984649,0.4056857,0.2968047,0.2406070,1842054
66300,0.0539912,0.7531917,0.1311181,0.1569167,1842054
66400,0.1019325,0.5232040,0.2518779,0.1844985,1842054
66500,0.0615753,0.7014484,0.1563658,0.1482421,1893634
66600,0.1063422,0.6953446,0.1856675,0.1574795,1893634
66700,0.0941157,0.5462651,0.2379634,0.1812773,1893634
66800,0.0842464,0.6185765,0.2031173,0.2026331,1893634
66900,0.1469431,0.6682668,0.2208592,0.1759986,1893634
67000,0.1097382,0.7322986,0.1729235,0.1476047,1893634
67100,0.0639683,0.7537971,0.1368621,0.1262920,1893634
67200,0.0776369,0.7040952,0.1649441,0.1581099,1893634
67300,0.0727415,0.6730487,0.1744254,0.1918415,1893634
67400,0.1157170,0.5779010,0.2382698,0.1755963,1893634
67500,0.0704741,0.6669205,0.1755163,0.1705967,1893634
67600,0.1201351,0.8642437,0.1263835,0.1493739,1893634
67700,0.0885156,0.5673411,0.2261729,0.2142113,1893634
67800,0.0880701,0.5548311,0.2309096,0.1874983,1893634
67900,0.0905751,0.6645795,0.1885132,0.1629075,1893634
68000,0.0797285,0.7766657,0.1371709,0.1769537,1893634
68100,0.0351666,0.8151684,0.0950326,0.1426902,1893634
68200,0.0556660,0.7498848,0.1334457,0.1520555,1893634
68300,0.0443383,0.8096424,0.1027460,0.1317289,1893634
68400,0.0805692,0.8211919,0.1198648,0.1446663,1893634
68500,0.0785581,0.5619732,0.2223456,0.1848800,1893634
68600,0.0627308,0.6258921,0.1872817,0.1938426,1893634
68700,0.0658998,0.7249346,0.1495660,0.1587144,1943277
68800,0.0374732,0.7821717,0.1096152,0.1267276,1943277
68900,0.0746738,0.7002487,0.1647048,0.1955552,1943277
69000,0.0564792,0.5809344,0.2015138,0.2089152,1943277
69100,0.0808257,0.6708072,0.1801725,0.1780354,1943277
69200,0.1052399,0.6141589,0.2174804,0.2058439,1943277
69300,0.0821257,0.6882795,0.1739636,0.1526968,1943277
69400,0.0488851,0.8480079,0.0901279,0.1397209,1943277
69500,0.0716109,0.7407118,0.1466818,0.1440974,1943277
69600,0.0756517,0.7783000,0.1340711,0.1678290,1943277
69700,0.0339507,0.8555225,0.0781614,0.1155236,1943277
69800,0.0592067,0.7917409,0.1188277,0.1391340,1943277
69900,0.0292713,0.8908219,0.0612340,0.1488183,1943277
70000,0.0440306,0.8157957,0.1001001,0.1498040,1943277
70100,0.0388266,0.7671741,0.1164263,0.1434380,1943277
70200,0.0834325,0.6614770,0.1854687,0.1761421,1943277
70300,0.0608495,0.8131992,0.1112300,0.1781873,1943277
70400,0.0442659,0.8332521,0.0932587,0.1045333,1943277
70500,0.0495641,0.8479117,0.0905738,0.1486257,1943277
70600,0.1456521,0.7026207,0.2063430,0.1951745,1943277
70700,0.0779193,0.7572843,0.1438379,0.1252023,1943277
70800,0.0743440,0.6942209,0.1669180,0.1446292,1943277
70900,0.0371632,0.9390156,0.0466917,0.1390887,1943277
71000,0.0797796,0.6825095,0.1748639,0.1690986,2020459
71100,0.0824495,0.6890064,0.1738671,0.1694943,2020459
71200,0.0623043,0.7437021,0.1399017,0.1567694,2020459
71300,0.0691962,0.7816063,0.1288752,0.1561966,2020459
71400,0.0736950,0.7209039,0.1558554,0.1724657,2020459
71500,0.0856003,0.6667314,0.1846676,0.1731094,2020459
71600,0.0407134,0.6890290,0.1488165,0.1720749,2020459
71700,0.0575238,0.8229010,0.1053539,0.1445305,2020459
71800,0.0721531,0.6911073,0.1668489,0.1395375,2020459
71900,0.0639433,0.7120208,0.1535577,0.1657750,2020459
72000,0.0614495,0.7314947,0.1442719,0.1721239,2020459
72100,0.0826060,0.5001613,0.2494991,0.2157781,2020459
72200,0.0581293,0.7406106,0.1386333,0.1654679,2020459
72300,0.0907402,0.6973618,0.1754994,0.1996561,2020459
72400,0.0691088,0.7012942,0.1609476,0.1900025,2020459
72500,0.0797996,0.5445195,0.2300719,0.2072109,2020459
72600,0.0401459,0.8146298,0.0982356,0.1493459,2020459
72700,0.0791834,0.6688074,0.1799870,0.1853600,2020459
72800,0.0765322,0.7482065,0.1466367,0.1379773,2020459
72900,0.0479699,0.7856981,0.1145027,0.1325084,2020459
73000,0.0944056,0.4073315,0.2937107,0.2077039,2020459
73100,0.0518508,0.7712655,0.1226043,0.1505147,2020459
73200,0.0424606,0.8585113,0.0820719,0.1267684,2064283
73300,0.0758986,0.5356778,0.2312681,0.1761985,2064283
73400,0.0856782,0.5684496,0.2240271,0.1823366,2064283
73500,0.0835908,0.7110730,0.1657253,0.1315183,2064283
73600,0.0841623,0.6766821,0.1798245,0.1518433,2064283
73700,0.0526315,0.8470688,0.0927514,0.1406645,2064283
73800,0.0855743,0.4528031,0.2702233,0.2151655,2064283
73900,0.0650459,0.8208959,0.1106692,0.1180088,2064283
74000,0.0554804,0.7350488,0.1392687,0.1629649,2064283
74100,0.0907259,0.6607765,0.1901249,0.1754826,2064283
74200,0.0552590,0.8086338,0.1097019,0.1324729,2064283
74300,0.0514508,0.7610648,0.1264446,0.1417442,2064283
74400,0.0469496,0.8070284,0.1053584,0.1432126,2064283
74500,0.0656331,0.7681811,0.1321074,0.1646772,2064283
74600,0.0843131,0.5422102,0.2337038,0.2228351,2064283
74700,0.0617033,0.7793040,0.1253004,0.1299940,2064283
74800,0.0497942,0.7794838,0.1180830,0.1652693,2064283
74900,0.0697633,0.7833544,0.1285162,0.1393928,2064283
75000,0.0534252,0.8102621,0.1079503,0.1431073,2064283
75100,0.0713625,0.7197709,0.1549091,0.1399650,2064283
75200,0.0695256,0.7715359,0.1331010,0.1372979,2064283
75300,0.1184997,0.6843739,0.1973503,0.1729256,2064283
75400,0.0399080,0.7953832,0.1057915,0.1415766,2120390
75500,0.0583003,0.7959228,0.1166111,0.1398699,2120390
75600,0.0902920,0.6304713,0.2019866,0.1772700,2120390
75700,0.1059380,0.5973099,0.2246388,0.2089399,2120390
75800,0.0943024,0.6729797,0.1873896,0.1613980,2120390
75900,0.0804694,0.7240356,0.1586674,0.1447566,2120390
76000,0.0253650,0.9254987,0.0450196,0.0792892,2120390
76100,0.0500720,0.8252267,0.0999525,0.1294994,2120390
76200,0.0440006,0.7384791,0.1310088,0.1422052,2120390
76300,0.0751608,0.7292089,0.1534129,0.1795530,2120390
76400,0.0578884,0.8004541,0.1145514,0.1514283,2120390
76500,0.0941182,0.5668023,0.2297500,0.1665952,2120390
76600,0.0396388,0.7275083,0.1327799,0.1710858,2120390
76700,0.0747176,0.8437710,0.1073222,0.1145089,2120390
76800,0.0842950,0.6897272,0.1746861,0.1815529,2120390
76900,0.0603949,0.6264278,0.1856658,0.1675205,2120390
77000,0.0854259,0.6048158,0.2093292,0.1791114,2120390
77100,0.0530932,0.7553815,0.1297033,0.1507505,2120390
77200,0.0687724,0.8238678,0.1117163,0.1555972,2120390
77300,0.0507809,0.7123019,0.1455478,0.1219742,2120390
77400,0.0681725,0.7454569,0.1427207,0.1241025,2120390
77500,0.0950692,0.7727537,0.1479400,0.1645596,2120390
77600,0.0836113,0.6741205,0.1805186,0.1600249,2176695
77700,0.0345687,0.8317138,0.0880557,0.1105199,2176695
77800,0.0537697,0.7904058,0.1160995,0.1275928,2176695
77900,0.0391010,0.8724642,0.0744750,0.1174079,2176695
78000,0.0887570,0.5745689,0.2234266,0.1643104,2176695
78100,0.0597835,0.7363957,0.1413118,0.1551510,2176695
78200,0.0990050,0.5131878,0.2541279,0.1899806,2176695
78300,0.0427617,0.7969064,0.1068945,0.1293154,2176695
78400,0.0595396,0.7415557,0.1391015,0.1315314,2176695
78500,0.0763048,0.6902457,0.1696846,0.1786356,2176695
78600,0.0469102,0.8544893,0.0863504,0.1421570,2176695
78700,0.0761920,0.5803663,0.2135687,0.1756039,2176695
78800,0.1014874,0.5665722,0.2342635,0.2117520,2176695
78900,0.0706343,0.7027359,0.1612862,0.1344931,2176695
79000,0.0348338,0.8908188,0.0645728,0.1246349,2176695
79100,0.0610398,0.7305098,0.1444200,0.1454414,2176695
79200,0.0780436,0.7254244,0.1566564,0.1501951,2176695
79300,0.0826182,0.6036866,0.2080963,0.1892788,2176695
79400,0.0731036,0.6642765,0.1781515,0.1311506,2176695
79500,0.0347167,0.8649242,0.0748603,0.1168565,2176695
79600,0.0664243,0.6444715,0.1820660,0.1357006,2176695
79700,0.0564066,0.7700472,0.1258251,0.1149694,2176695
79800,0.0857485,0.6801671,0.1793823,0.1531592,2192246
79900,0.0411796,0.8258207,0.0943795,0.1359960,2192246
80000,0.0790653,0.7314911,0.1548427,0.1547348,2192246
80100,0.0844463,0.6874871,0.1756729,0.1383649,2192246
80200,0.0290763,0.8403693,0.0812981,0.1338773,2192246
80300,0.0758985,0.6333507,0.1921988,0.1688864,2192246
80400,0.0630472,0.7218114,0.1491038,0.1617130,2192246
80500,0.0323501,0.8683822,0.0720572,0.1187221,2192246
80600,0.0691425,0.7918265,0.1247549,0.1301267,2192246
80700,0.0703500,0.7532784,0.1408987,0.1694030,2192246
80800,0.0340154,0.8397498,0.0845093,0.1381856,2192246
80900,0.0573713,0.7015615,0.1537982,0.1488904,2192246
81000,0.0637110,0.7316420,0.1455698,0.1404202,2192246
81100,0.0571382,0.8000062,0.1142805,0.1289801,2192246
81200,0.0473333,0.7226942,0.1393223,0.1731252,2192246
81300,0.0566880,0.7408323,0.1376799,0.1417057,2192246
81400,0.0388498,0.8656123,0.0770650,0.1214768,2192246
81500,0.0426960,0.8434463,0.0882391,0.1205574,2192246
81600,0.0592941,0.8552777,0.0934654,0.1237295,2192246
81700,0.0481269,0.7590027,0.1252751,0.1342833,2192246
81800,0.0585318,0.8290638,0.1034936,0.1572476,2192246
81900,0.0659656,0.8587523,0.0960784,0.1029958,2192246
82000,0.0684648,0.7555513,0.1388584,0.1279129,2224529
82100,0.0503843,0.8014867,0.1096359,0.1351651,2224529
82200,0.0462772,0.8103787,0.1036149,0.1540741,2224529
82300,0.0894946,0.5605843,0.2294630,0.1936634,2224529
82400,0.0550199,0.8403756,0.0968617,0.1166985,2224529
82500,0.1040448,0.6020468,0.2216081,0.1735396,2224529
82600,0.0816218,0.7063771,0.1664222,0.1634934,2224529
82700,0.0726396,0.6869625,0.1687987,0.1497056,2224529
82800,0.0813854,0.6057831,0.2065180,0.1578727,2224529
82900,0.0649652,0.7787871,0.1274643,0.1480261,2224529
83000,0.0524270,0.7878311,0.1163238,0.1336793,2224529
83100,0.0654906,0.6983006,0.1599741,0.1642367,2224529
83200,0.0695667,0.7397470,0.1458412,0.1174901,2224529
83300,0.0883306,0.5004373,0.2528234,0.1787245,2224529
83400,0.0649147,0.8067651,0.1162428,0.1150009,2224529
83500,0.0826798,0.7159145,0.1632420,0.1796886,2224529
83600,0.0840630,0.5933759,0.2130874,0.1936305,2224529
83700,0.0516621,0.7147525,0.1450962,0.1566285,2224529
83800,0.0899199,0.4845184,0.2601446,0.2106469,2224529
83900,0.0498274,0.7796518,0.1180358,0.1383252,2224529
84000,0.0623877,0.8355938,0.1031951,0.1355779,2224529
84100,0.0805898,0.6606456,0.1840956,0.1763998,2224529
84200,0.0483291,0.7473681,0.1300502,0.1654088,2224529
84300,0.0606335,0.8221205,0.1075319,0.1159439,2248962
84400,0.0847186,0.5468765,0.2320805,0.1857333,2248962
84500,0.0960618,0.6173956,0.2106789,0.1739815,2248962
84600,0.0479687,0.8029220,0.1076124,0.1151427,2248962
84700,0.0529092,0.6979958,0.1525472,0.1568612,2248962
84800,0.0875472,0.6252682,0.2024210,0.1804856,2248962
84900,0.0515590,0.8047634,0.1090300,0.1344419,2248962
85000,0.0743071,0.7187294,0.1570925,0.1599508,2248962
85100,0.0796229,0.6020555,0.2069515,0.1686564,2248962
85200,0.0744865,0.7097296,0.1608000,0.1264315,2248962
85300,0.0773100,0.6674030,0.1794248,0.1725934,2248962
85400,0.0984215,0.4626845,0.2739791,0.1851978,2248962
85500,0.0771828,0.7596204,0.1424615,0.1573265,2248962
85600,0.0821753,0.7031082,0.1680619,0.1533496,2248962
85700,0.0820894,0.5416459,0.2325953,0.1734413,2248962
85800,0.0799132,0.5882113,0.2126634,0.1959103,2248962
85900,0.0323839,0.8984245,0.0600605,0.1140359,2248962
86000,0.0837108,0.5679486,0.2230470,0.1973979,2248962
86100,0.0870004,0.5274560,0.2412178,0.1705603,2248962
86200,0.0756628,0.6568812,0.1826452,0.1849705,2248962
86300,0.0717604,0.6983273,0.1637253,0.1562579,2248962
86400,0.0931809,0.7015012,0.1753081,0.1554047,2248962
86500,0.0412562,0.7566962,0.1220752,0.1727595,2288082
86600,0.0797215,0.6197908,0.1999166,0.2011516,2288082
86700,0.0496223,0.8074762,0.1067829,0.1314462,2288082
86800,0.0632860,0.7225913,0.1489351,0.1381287,2288082
86900,0.0819906,0.6659805,0.1828022,0.1644964,2288082
87000,0.0593189,0.6298780,0.1836401,0.1959055,2288082
87100,0.0773506,0.8047440,0.1245127,0.1582973,2288082
87200,0.0832943,0.6546852,0.1881025,0.1549290,2288082
87300,0.0738610,0.7513615,0.1437720,0.1426281,2288082
87400,0.0563450,0.8463351,0.0952730,0.1234449,2288082
87500,0.0676437,0.7197322,0.1526934,0.1724940,2288082
87600,0.0662541,0.7091181,0.1561052,0.1284228,2288082
87700,0.0643583,0.7645369,0.1328003,0.1539704,2288082
87800,0.0750418,0.7109615,0.1606405,0.1869110,2288082
87900,0.0366229,0.7916474,0.1053148,0.1022670,2288082
88000,0.0660568,0.7537004,0.1381539,0.1375559,2288082
88100,0.0385784,0.8115958,0.0985088,0.1388440,2288082
88200,0.0941509,0.4825832,0.2634572,0.1865133,2288082
88300,0.0793418,0.6926019,0.1705643,0.1398816,2288082
88400,0.0832311,0.5865427,0.2153216,0.1593059,2288082
88500,0.0295084,0.8900435,0.0616876,0.1347741,2288082
88600,0.0659245,0.7746981,0.1296754,0.1338272,2288082
88700,0.0218854,0.8986680,0.0536640,0.1246239,2340627
88800,0.0883202,0.5781331,0.2217389,0.1915915,2340627
88900,0.0545342,0.6528070,0.1715977,0.1657919,2340627
89000,0.0548597,0.8377337,0.0978224,0.1202876,2340627
89100,0.0491982,0.8135270,0.1041081,0.1111041,2340627
89200,0.0816629,0.6807147,0.1767119,0.1691272,2340627
89300,0.0400079,0.8738676,0.0744577,0.1260970,2340627
89400,0.0366333,0.8263312,0.0914475,0.1315835,2340627
89500,0.0611575,0.8149329,0.1107213,0.1256002,2340627
89600,0.0859280,0.7040811,0.1699244,0.1503674,2340627
89700,0.0774944,0.6582710,0.1831883,0.1401514,2340627
89800,0.0489215,0.7868328,0.1146198,0.1282141,2340627
89900,0.0569559,0.7591625,0.1305085,0.1772398,2340627
90000,0.0907636,0.6341857,0.2007839,0.1467550,2340627
90100,0.0691114,0.7801645,0.1294010,0.1716473,2340627
90200,0.0741650,0.6566777,0.1818279,0.1857922,2340627
90300,0.0454953,0.8411840,0.0908236,0.1002211,2340627
90400,0.0875460,0.6698067,0.1846049,0.1641386,2340627
90500,0.0371470,0.8323036,0.0893667,0.1242147,2340627
90600,0.0679823,0.8259901,0.1103933,0.1085683,2340627
90700,0.0920495,0.4784342,0.2638561,0.1981775,2340627
90800,0.0650441,0.7369215,0.1442578,0.1600448,2340627
90900,0.0777787,0.7101113,0.1626227,0.1807184,2359247
91000,0.0898766,0.6688511,0.1863855,0.1640163,2359247
91100,0.0601626,0.6933780,0.1587464,0.1596372,2359247
91200,0.0758337,0.7857442,0.1312025,0.1413797,2359247
91300,0.0822491,0.6054978,0.2071503,0.1702811,2359247
91400,0.0252216,0.8948487,0.0571935,0.1092619,2359247
91500,0.0660613,0.8046857,0.1177625,0.1230141,2359247
91600,0.0744883,0.7033323,0.1633600,0.1614194,2359247
91700,0.0197719,0.9702396,0.0237673,0.1020725,2359247
91800,0.0874301,0.6287146,0.2009723,0.1667589,2359247
91900,0.0384937,0.9444917,0.0452995,0.1179205,2359247
92000,0.0634039,0.8272864,0.1071278,0.1246110,2359247
92100,0.0270302,0.8738606,0.0666739,0.1010905,2359247
92200,0.0496906,0.8172449,0.1029164,0.1271431,2359247
92300,0.0796002,0.5958219,0.2094314,0.1732917,2359247
92400,0.1043029,0.5124601,0.2575977,0.1930580,2359247
92500,0.0376086,0.8847268,0.0686745,0.1208629,2359247
92600,0.0664245,0.8941184,0.0822074,0.0930130,2359247
92700,0.0381921,0.7702078,0.1148322,0.1308394,2359247
92800,0.0497755,0.7034459,0.1484870,0.1538359,2359247
92900,0.0811785,0.7358428,0.1543700,0.1664951,2359247
93000,0.0788295,0.7108319,0.1629650,0.1639723,2359247
93100,0.0623545,0.7264600,0.1468287,0.1554895,2376569
93200,0.0649898,0.7842430,0.1252967,0.1272077,2376569
93300,0.0629816,0.7720834,0.1289556,0.1153622,2376569
93400,0.0505941,0.6902817,0.1542438,0.1434707,2376569
93500,0.0539151,0.7644243,0.1265794,0.1215295,2376569
93600,0.0371146,0.8273832,0.0913155,0.1520748,2376569
93700,0.0666803,0.7786995,0.1285284,0.1443696,2376569
93800,0.0889962,0.6081601,0.2101337,0.1627562,2376569
93900,0.0338274,0.8055241,0.0980868,0.1271470,2376569
94000,0.0850443,0.5352503,0.2369265,0.1742214,2376569
94100,0.0623389,0.7446698,0.1395354,0.1702408,2376569
94200,0.0758111,0.6165922,0.1988498,0.1404738,2376569
94300,0.0573395,0.7844390,0.1206281,0.1438228,2376569
94400,0.0773335,0.6779334,0.1752267,0.1593858,2376569
94500,0.0591783,0.8266812,0.1048345,0.1384470,2376569
94600,0.0444637,0.8388411,0.0911418,0.1483903,2376569
94700,0.0955219,0.6323416,0.2043765,0.2001446,2376569
94800,0.0493173,0.8654923,0.0833935,0.1249806,2376569
94900,0.0488480,0.8201268,0.1012581,0.0927760,2376569
95000,0.0693855,0.8283944,0.1102735,0.1332092,2376569
95100,0.0365740,0.8656064,0.0757018,0.1034070,2376569
95200,0.0280985,0.8678720,0.0697103,0.1254891,2376569
95300,0.0690712,0.7752509,0.1313424,0.1375127,2385698
95400,0.0339347,0.8839113,0.0667963,0.1191326,2385698
95500,0.0749738,0.6854407,0.1708080,0.1546863,2385698
95600,0.0666996,0.6957988,0.1617002,0.1487732,2385698
95700,0.0833276,0.6806779,0.1777254,0.1542929,2385698
95800,0.0496002,0.8302248,0.0976702,0.1386240,2385698
95900,0.0409982,0.7926508,0.1075386,0.1206127,2385698
96000,0.0846220,0.6103679,0.2066260,0.1731571,2385698
96100,0.0695523,0.7374551,0.1467493,0.1441910,2385698
96200,0.0740005,0.6308768,0.1920496,0.1485439,2385698
96300,0.1060615,0.6539357,0.2020626,0.1452020,2385698
96400,0.0867463,0.6580544,0.1888260,0.1646872,2385698
96500,0.0610930,0.7302021,0.1445750,0.1452703,2385698
96600,0.0768728,0.5969585,0.2073403,0.2010249,2385698
96700,0.0707472,0.6817805,0.1697361,0.1226373,2385698
96800,0.0372517,0.8509425,0.0819740,0.1468762,2385698
96900,0.0539605,0.7957197,0.1140884,0.1094314,2385698
97000,0.0896136,0.5471882,0.2348929,0.1968216,2385698
97100,0.0496918,0.7550188,0.1278076,0.1402929,2385698
97200,0.0450806,0.7925762,0.1100179,0.1500398,2385698
97300,0.0583057,0.8837219,0.0814946,0.1151344,2385698
97400,0.0623004,0.7828618,0.1242356,0.1305115,2385698
97500,0.0670979,0.6867995,0.1655389,0.1572026,2385698
97600,0.0662236,0.6712182,0.1712469,0.1460049,2399302
97700,0.1110548,0.7267975,0.1759139,0.1683515,2399302
97800,0.0820780,0.5209730,0.2408576,0.1752713,2399302
97900,0.0720849,0.7705383,0.1350356,0.1476998,2399302
98000,0.0539501,0.8242585,0.1026667,0.1613876,2399302
98100,0.0551023,0.7979816,0.1138687,0.1165240,2399302
98200,0.0853352,0.6629658,0.1860148,0.1682237,2399302
98300,0.0514364,0.7757152,0.1205757,0.1650050,2399302
98400,0.0806375,0.6949329,0.1704093,0.1273545,2399302
98500,0.0913348,0.5592016,0.2311203,0.1721141,2399302
98600,0.0815234,0.5951098,0.2108701,0.1982225,2399302
98700,0.0898853,0.6526872,0.1928563,0.1747893,2399302
98800,0.0772727,0.6546371,0.1845088,0.1570131,2399302
98900,0.0608096,0.7536516,0.1350251,0.1417527,2399302
99000,0.0489594,0.7863367,0.1148410,0.1248990,2399302
99100,0.0707484,0.6167698,0.1957411,0.1555750,2399302
99200,0.0561011,0.8382422,0.0983638,0.1550082,2399302
99300,0.0631296,0.5886503,0.2024176,0.1640672,2399302
99400,0.0270526,0.8777162,0.0651451,0.1066242,2399302
99500,0.0493681,0.8031245,0.1083710,0.1409147,2399302
99600,0.0897965,0.5089381,0.2503027,0.1771862,2399302
99700,0.0931055,0.5029935,0.2546659,0.1752730,2399302
99800,0.3634647,0.1140770,0.5724480,0.6033496,2417867
99900,0.4326315,0.1406808,0.6033066,0.5801270,2417867
100000,0.4884727,0.1599831,0.6290904,0.5932871,2417867
100100,0.1514006,0.3002024,0.3707594,0.4634577,2417867
100200,0.2740082,0.4092396,0.4007091,0.4779729,2417867
100300,0.2033944,0.5193297,0.3143048,0.3668663,2417867
100400,0.1900124,0.2894225,0.3982385,0.3791223,2417867
100500,0.1277400,0.3390180,0.3410369,0.3308999,2417867
100600,0.1180240,0.5998039,0.2308929,0.2998996,2417867
100700,0.0992440,0.8553208,0.1174181,0.2384135,2417867
100800,0.1499241,0.4909207,0.2935862,0.2845474,2417867
100900,0.1606698,0.4816239,0.3037523,0.2761040,2417867
101000,0.2969716,0.4569271,0.3954121,0.2892803,2417867
101100,0.1288060,0.6360956,0.2228454,0.2353563,2417867
101200,0.1479943,0.5637113,0.2633120,0.2330822,2417867
101300,0.0901766,0.7165344,0.1674922,0.1976370,2417867
101400,0.1188970,0.5593999,0.2475783,0.2094124,2417867
101500,0.1484732,0.6200202,0.2410759,0.2378080,2417867
101600,0.1136618,0.5241863,0.2585226,0.2278633,2417867
101700,0.1204949,0.5313371,0.2597621,0.2448772,2417867
101800,0.0925109,0.5507383,0.2352112,0.2155421,2417867
101900,0.0681103,0.8371233,0.1060169,0.1635956,2417867
102000,0.0563599,0.8066036,0.1111745,0.1710389,2516305
102100,0.0801984,0.7421260,0.1512686,0.2048892,2516305
102200,0.0884596,0.6952443,0.1749781,0.1692390,2516305
102300,0.1033148,0.6450334,0.2039755,0.1795925,2516305
102400,0.1215271,0.5264326,0.2623432,0.1921128,2516305
102500,0.1075367,0.5934717,0.2271334,0.1800401,2516305
102600,0.0903424,0.5567466,0.2315068,0.1950837,2516305
102700,0.1070134,0.6515372,0.2035931,0.1890151,2516305
102800,0.0941484,0.5720361,0.2276746,0.2254841,2516305
102900,0.0482764,0.7995167,0.1091592,0.1508856,2516305
103000,0.0682209,0.7722107,0.1320483,0.1441713,2516305
103100,0.0799719,0.7019749,0.1671932,0.1596628,2516305
103200,0.0625293,0.8291301,0.1058656,0.1384131,2516305
103300,0.1071121,0.5871160,0.2294209,0.1586357,2516305
103400,0.1273237,0.4763606,0.2858500,0.2216303,2516305
103500,0.0741597,0.6890786,0.1688644,0.1677691,2516305
103600,0.1363062,0.4738245,0.2922539,0.2103689,2516305
103700,0.0812303,0.6298274,0.1968072,0.1990583,2516305
103800,0.0808253,0.7366927,0.1538181,0.1428550,2516305
103900,0.0974037,0.6130781,0.2132110,0.1931983,2516305
104000,0.0586151,0.8342792,0.1014574,0.1364494,2516305
104100,0.0682002,0.7884059,0.1255578,0.1472897,2516305
104200,0.0539393,0.7470006,0.1335634,0.1267145,2571815
104300,0.0552268,0.8071094,0.1102923,0.1476771,2571815
104400,0.0723259,0.5843130,0.2096704,0.1819830,2571815
104500,0.0330519,0.8506389,0.0795756,0.1103021,2571815
104600,0.0418304,0.8148075,0.0991752,0.1193842,2571815
104700,0.0498063,0.7800903,0.1178477,0.1309040,2571815
104800,0.0781179,0.6035812,0.2054382,0.1687014,2571815
104900,0.1016194,0.5250663,0.2509451,0.2032864,2571815
105000,0.0899207,0.5395754,0.2381223,0.1759737,2571815
105100,0.0940230,0.7511874,0.1559388,0.1447941,2571815
105200,0.0843095,0.5934652,0.2131996,0.1907575,2571815
105300,0.0907411,0.7187830,0.1669315,0.1812536,2571815
105400,0.0737909,0.6396312,0.1884221,0.1426299,2571815
105500,0.0442593,0.7709776,0.1181645,0.1432142,2571815
105600,0.0716994,0.7154217,0.1568510,0.1764560,2571815
105700,0.0726239,0.6692857,0.1758601,0.1668206,2571815
105800,0.0627542,0.6452394,0.1795568,0.1517827,2571815
105900,0.0346425,0.8269728,0.0899963,0.1076062,2571815
106000,0.0826163,0.6950950,0.1715318,0.1558270,2571815
106100,0.0682513,0.7239597,0.1513669,0.1506253,2571815
106200,0.0740879,0.7009964,0.1640542,0.1528925,2571815
106300,0.0534332,0.8386558,0.0965976,0.1262926,2571815
106400,0.0657100,0.7073107,0.1565017,0.1615767,2608027
106500,0.0696763,0.6195632,0.1939805,0.1462935,2608027
106600,0.0786463,0.7447149,0.1493018,0.1413085,2608027
106700,0.0834584,0.8390299,0.1144631,0.1250692,2608027
106800,0.0347239,0.9071484,0.0579750,0.1083990,2608027
106900,0.0287819,0.8694484,0.0694897,0.1141231,2608027
107000,0.0884925,0.6817335,0.1804021,0.1374423,2608027
107100,0.0398313,0.8411220,0.0874500,0.1161426,2608027
107200,0.1054377,0.6396986,0.2073832,0.1493946,2608027
107300,0.0726371,0.7675869,0.1365475,0.1525295,2608027
107400,0.0616386,0.7484688,0.1375957,0.1226299,2608027
107500,0.0616686,0.7619975,0.1322022,0.1327232,2608027
107600,0.0279015,0.8674712,0.0697524,0.0981135,2608027
107700,0.0542101,0.8580890,0.0892905,0.1176430,2608027
107800,0.0248257,0.9530656,0.0336692,0.0912862,2608027
107900,0.0763073,0.7330768,0.1525537,0.1647724,2608027
108000,0.0476940,0.8221789,0.0997448,0.1191999,2608027
108100,0.0647221,0.7584655,0.1354471,0.1330819,2608027
108200,0.0307538,0.8480837,0.0792188,0.1431191,2608027
108300,0.0692908,0.6851488,0.1675150,0.1298883,2608027
108400,0.0493989,0.7574961,0.1266409,0.1385636,2608027
108500,0.0576393,0.7413272,0.1380527,0.1453826,2608027
108600,0.0638601,0.7145206,0.1525078,0.1514492,2630896
108700,0.0707810,0.7507153,0.1421825,0.1746719,2630896
108800,0.0913920,0.7403148,0.1587093,0.1314347,2630896
108900,0.0548216,0.8551943,0.0908152,0.1168016,2630896
109000,0.0753236,0.7849011,0.1312337,0.1553998,2630896
109100,0.0661917,0.7771089,0.1288714,0.1475222,2630896
109200,0.0621810,0.7206999,0.1490286,0.1577740,2630896
109300,0.0960267,0.5679206,0.2304478,0.1868552,2630896
109400,0.0889903,0.6260197,0.2029863,0.1770832,2630896
109500,0.0716294,0.6593965,0.1792191,0.1413559,2630896
109600,0.0691055,0.7044772,0.1596724,0.1482897,2630896
109700,0.0772356,0.7357060,0.1520590,0.1586795,2630896
109800,0.0608444,0.7564989,0.1339070,0.1545005,2630896
109900,0.0754619,0.6774659,0.1742908,0.1637914,2630896
110000,0.0588472,0.7728010,0.1261879,0.1302843,2630896
110100,0.0686611,0.8207731,0.1128874,0.1226665,2630896
110200,0.1185494,0.6156953,0.2248515,0.1594803,2630896
110300,0.0492697,0.7852887,0.1154464,0.1331811,2630896
110400,0.1198534,0.6282744,0.2206023,0.1703163,2630896
110500,0.0571151,0.8089387,0.1106936,0.1458731,2630896
110600,0.0510218,0.6517206,0.1699248,0.1394293,2630896
110700,0.0867138,0.5750795,0.2219965,0.1550926,2630896
110800,0.0699281,0.7055104,0.1597527,0.1471144,2630896
110900,0.0604123,0.8247158,0.1063611,0.1032016,2625102
111000,0.0357260,0.8941081,0.0637924,0.1124684,2625102
111100,0.0783522,0.7245623,0.1571864,0.1347654,2625102
111200,0.0538732,0.8355772,0.0980930,0.1384011,2625102
111300,0.0890894,0.6580530,0.1902324,0.1465837,2625102
111400,0.0679685,0.7561713,0.1383126,0.1253814,2625102
111500,0.0613151,0.8232292,0.1074974,0.1133669,2625102
111600,0.0567341,0.8332196,0.1007526,0.1156089,2625102
111700,0.0968003,0.4751171,0.2680333,0.1901938,2625102
111800,0.0664495,0.6807256,0.1675795,0.1556383,2625102
111900,0.0547533,0.8156311,0.1065996,0.1332244,2625102
112000,0.0938366,0.6458324,0.1979690,0.1534750,2625102
112100,0.0864840,0.5880849,0.2166564,0.1951108,2625102
112200,0.0690217,0.7561542,0.1389513,0.1384685,2625102
112300,0.0661909,0.7058021,0.1573937,0.1358791,2625102
112400,0.0661557,0.7630225,0.1344844,0.1385089,2625102
112500,0.0847916,0.5821257,0.2180247,0.1575949,2625102
112600,0.0684144,0.7137198,0.1555607,0.1545091,2625102
112700,0.0833839,0.7170657,0.1632040,0.1431783,2625102
112800,0.0658359,0.7060938,0.1570640,0.1371938,2625102
112900,0.0445758,0.9097317,0.0628528,0.0950518,2625102
113000,0.0977302,0.7650194,0.1526304,0.1509755,2625102
113100,0.0540849,0.8173621,0.1055061,0.1135810,2617782
113200,0.0350689,0.8541672,0.0793744,0.0911391,2617782
113300,0.0629207,0.7143550,0.1520104,0.1529605,2617782
113400,0.0803912,0.5893927,0.2124777,0.1640040,2617782
113500,0.0626788,0.7720001,0.1288073,0.1206631,2617782
113600,0.0878740,0.5250720,0.2426956,0.1864140,2617782
113700,0.0661673,0.7372696,0.1447925,0.1682884,2617782
113800,0.0328163,0.7878453,0.1045517,0.1400421,2617782
113900,0.0578922,0.6623772,0.1697844,0.1602181,2617782
114000,0.0510231,0.7894926,0.1148168,0.1248796,2617782
114100,0.0496746,0.7744974,0.1200058,0.1096706,2617782
114200,0.0387641,0.8397998,0.0873386,0.0990516,2617782
114300,0.0443570,0.8446779,0.0887430,0.1043395,2617782
114400,0.0625821,0.6790599,0.1659253,0.1415857,2617782
114500,0.0698955,0.7678427,0.1348002,0.1328020,2617782
114600,0.0258307,0.8372102,0.0806143,0.1348211,2617782
114700,0.0663407,0.7260864,0.1493698,0.1232840,2617782
114800,0.1052529,0.7598441,0.1592141,0.1546469,2617782
114900,0.0757023,0.5459411,0.2270449,0.1765778,2617782
115000,0.0746644,0.7833145,0.1314728,0.1256502,2617782
115100,0.0727394,0.7527686,0.1425362,0.1173864,2617782
115200,0.0479506,0.8554763,0.0865799,0.0954929,2617782
115300,0.0571436,0.7346603,0.1404220,0.1619873,2635860
115400,0.0791616,0.6440209,0.1898886,0.1570464,2635860
115500,0.0548150,0.8439236,0.0953196,0.1264020,2635860
115600,0.1071391,0.6693209,0.1965551,0.1697035,2635860
115700,0.0376175,0.8554596,0.0803867,0.1014664,2635860
115800,0.0762904,0.5567946,0.2230564,0.1735707,2635860
115900,0.0837604,0.6132597,0.2049524,0.1520608,2635860
116000,0.0815434,0.5093936,0.2451686,0.1889109,2635860
116100,0.0710392,0.6860874,0.1681886,0.1659078,2635860
116200,0.0687747,0.7585021,0.1378640,0.1351892,2635860
116300,0.0887940,0.6875768,0.1782457,0.1328630,2635860
116400,0.0407310,0.8320938,0.0916011,0.1162900,2635860
116500,0.0757533,0.5788169,0.2139252,0.1806424,2635860
116600,0.0454845,0.8762109,0.0768063,0.1273900,2635860
116700,0.0603606,0.7424777,0.1392253,0.1510606,2635860
116800,0.0593506,0.6288358,0.1840761,0.1715653,2635860
116900,0.0415639,0.7825047,0.1119365,0.1518722,2635860
117000,0.0691547,0.7395337,0.1456793,0.1511162,2635860
117100,0.0644410,0.8485715,0.0992360,0.1247685,2635860
117200,0.0894010,0.5993105,0.2139164,0.1764530,2635860
117300,0.1008969,0.7671070,0.1536954,0.1538356,2635860
117400,0.0621309,0.7988076,0.1177555,0.1180308,2635860
117500,0.0601740,0.7445992,0.1382647,0.1261866,2647546
117600,0.0515337,0.8341599,0.0972563,0.0998840,2647546
117700,0.0824769,0.6922623,0.1725812,0.1591442,2647546
117800,0.0742502,0.6617870,0.1798353,0.1575026,2647546
117900,0.0532407,0.7779943,0.1207467,0.1461775,2647546
118000,0.0730665,0.6436318,0.1863872,0.1305529,2647546
118100,0.0544497,0.8129264,0.1074992,0.1147313,2647546
118200,0.0345242,0.8521821,0.0798417,0.1089121,2647546
118300,0.0708798,0.6378659,0.1873815,0.1707504,2647546
118400,0.0728333,0.7455819,0.1454673,0.1357163,2647546
118500,0.0666870,0.7766242,0.1293626,0.1272439,2647546
118600,0.0662535,0.7669998,0.1329522,0.1523893,2647546
118700,0.0622318,0.7760058,0.1269368,0.1265563,2647546
118800,0.0720706,0.5161234,0.2367930,0.1564792,2647546
118900,0.0672624,0.8125135,0.1153520,0.1496190,2647546
119000,0.0681362,0.7733228,0.1315526,0.1261666,2647546
119100,0.0419740,0.8573151,0.0822584,0.1105564,2647546
119200,0.0352709,0.7967409,0.1024662,0.1241041,2647546
119300,0.0378384,0.6703780,0.1545519,0.1388572,2647546
119400,0.0618031,0.7560012,0.1346814,0.1479566,2647546
119500,0.0607364,0.7758670,0.1260951,0.1256741,2647546
119600,0.0273561,0.9459260,0.0380433,0.1034707,2647546
119700,0.0360544,0.8740382,0.0720174,0.1098341,2659224
119800,0.0598068,0.8138372,0.1103492,0.1230631,2659224
119900,0.0708021,0.6995270,0.1626705,0.1369093,2659224
120000,0.1034886,0.6302990,0.2099736,0.1662868,2659224
120100,0.0552366,0.6626452,0.1680838,0.1534294,2659224
120200,0.1386489,0.6679476,0.2160103,0.1778535,2659224
120300,0.0426631,0.8004729,0.1054087,0.1157606,2659224
120400,0.0758000,0.6169139,0.1987144,0.1684681,2659224
120500,0.0280719,0.9109966,0.0524445,0.0984325,2659224
120600,0.0828194,0.6003400,0.2095556,0.1831050,2659224
120700,0.0235427,0.8829646,0.0609398,0.0957412,2659224
120800,0.0765635,0.6946954,0.1680599,0.1390810,2659224
120900,0.0721555,0.7844901,0.1294972,0.1165097,2659224
121000,0.0485135,0.8349501,0.0951281,0.1350514,2659224
121100,0.0410784,0.8140337,0.0990336,0.1180230,2659224
121200,0.0449377,0.7601672,0.1228957,0.1282290,2659224
121300,0.0618292,0.7242906,0.1473813,0.1400233,2659224
121400,0.0616472,0.7068979,0.1542292,0.1349619,2659224
121500,0.0455867,0.8208091,0.0990284,0.1198274,2659224
121600,0.0550858,0.7395028,0.1372504,0.1555831,2659224
121700,0.0658045,0.7262664,0.1489762,0.1554485,2659224
121800,0.0838893,0.7107245,0.1660438,0.1331569,2659224
121900,0.0823974,0.6026484,0.2083791,0.1508824,2694226
122000,0.0506714,0.7419777,0.1336118,0.1724572,2694226
122100,0.0542172,0.8272520,0.1016295,0.1427657,2694226
122200,0.0578541,0.8139231,0.1091432,0.1268434,2694226
122300,0.0573194,0.7774687,0.1234041,0.1311798,2694226
122400,0.0841427,0.5396581,0.2346224,0.1815698,2694226
122500,0.0703021,0.8156533,0.1159199,0.1335176,2694226
122600,0.0655744,0.8059461,0.1169662,0.1370840,2694226
122700,0.0163789,0.9713309,0.0212950,0.0861301,2694226
122800,0.0874569,0.6103517,0.2083334,0.1622295,2694226
122900,0.0638041,0.7886323,0.1228296,0.1197287,2694226
123000,0.0702940,0.7905287,0.1259650,0.1490352,2694226
123100,0.0694361,0.7510655,0.1412355,0.1468056,2694226
123200,0.0639340,0.8087578,0.1148572,0.1498608,2694226
123300,0.0665068,0.8041389,0.1182485,0.1334864,2694226
123400,0.0328388,0.8245763,0.0898728,0.1049416,2694226
123500,0.0600287,0.7366248,0.1413673,0.1308951,2694226
123600,0.0648969,0.6601405,0.1748820,0.1295050,2694226
123700,0.0649532,0.8132839,0.1136584,0.1096096,2694226
123800,0.0541094,0.8592199,0.0887777,0.1125341,2694226
123900,0.0642355,0.7162427,0.1520442,0.1535758,2694226
124000,0.0805416,0.6437167,0.1908383,0.1367203,2694226
124100,0.0735191,0.7898606,0.1281672,0.1342461,2700701
124200,0.0603440,0.7376620,0.1411417,0.1124267,2700701
124300,0.0671841,0.7433152,0.1429844,0.1413561,2700701
124400,0.0661962,0.5665569,0.2130950,0.1766295,2700701
124500,0.0608227,0.7982680,0.1171864,0.1420376,2700701
124600,0.0433161,0.8482550,0.0866876,0.1439186,2700701
124700,0.0760791,0.7414030,0.1490863,0.1132545,2700701
124800,0.0813031,0.7151379,0.1627267,0.1622602,2700701
124900,0.0607179,0.7566422,0.1337739,0.1412099,2700701
125000,0.0320787,0.8839287,0.0656758,0.1317563,2700701
125100,0.0571597,0.7082896,0.1509800,0.1200779,2700701
125200,0.0643104,0.7728620,0.1294415,0.1309461,2700701
125300,0.0703445,0.7642659,0.1365004,0.1395782,2700701
125400,0.0627756,0.6921070,0.1608226,0.1535387,2700701
125500,0.0262033,0.8560327,0.0733089,0.1060589,2700701
125600,0.0821282,0.6556553,0.1870148,0.1461725,2700701
125700,0.0617174,0.7455803,0.1387984,0.1200042,2700701
125800,0.0611035,0.8281989,0.1053826,0.1357462,2700701
125900,0.0541646,0.8158047,0.1061769,0.1296760,2700701
126000,0.0323005,0.8482999,0.0800603,0.1220753,2700701
126100,0.0710924,0.5794913,0.2108589,0.1516849,2700701
126200,0.0623360,0.7992003,0.1177215,0.1187465,2700701
126300,0.0397208,0.8583485,0.0804930,0.1419927,2700701
126400,0.0564519,0.8090250,0.1102611,0.1136806,2711925
126500,0.0691072,0.7121735,0.1565949,0.1392924,2711925
126600,0.0600602,0.8164212,0.1094676,0.1098138,2711925
126700,0.0634874,0.6585151,0.1746864,0.1571122,2711925
126800,0.0491470,0.7291642,0.1378226,0.1509244,2711925
126900,0.0598171,0.8307725,0.1035813,0.1011940,2711925
127000,0.0328636,0.8571593,0.0768545,0.1018320,2711925
127100,0.0628091,0.7996691,0.1178178,0.1149990,2711925
127200,0.0721648,0.6686235,0.1758495,0.1379513,2711925
127300,0.0447867,0.8158276,0.1005410,0.1137092,2711925
127400,0.0661541,0.7800440,0.1276749,0.1308749,2711925
127500,0.0778306,0.7254653,0.1565123,0.1360197,2711925
127600,0.0581568,0.7656859,0.1286198,0.1287008,2711925
127700,0.0617711,0.8221908,0.1081864,0.1176021,2711925
127800,0.0615917,0.7848409,0.1230186,0.1333183,2711925
127900,0.1086073,0.6773590,0.1942208,0.1474924,2711925
128000,0.0498983,0.8321504,0.0970788,0.1264569,2711925
128100,0.0778794,0.7754725,0.1365386,0.1378582,2711925
128200,0.0712079,0.6704900,0.1745287,0.1359194,2711925
128300,0.0881615,0.6199728,0.2049078,0.1616710,2711925
128400,0.0627779,0.7199053,0.1497047,0.1530832,2711925
128500,0.0664878,0.7957274,0.1216017,0.1340264,2711925
128600,0.0611641,0.7789028,0.1251373,0.1222906,2705010
128700,0.0367668,0.8749076,0.0720970,0.1185038,2705010
128800,0.0634590,0.7618684,0.1333281,0.1389647,2705010
128900,0.0314658,0.8514333,0.0783062,0.0923127,2705010
129000,0.0990807,0.6363983,0.2048891,0.1560943,2705010
129100,0.0677476,0.7514443,0.1400708,0.1403698,2705010
129200,0.0797546,0.7189724,0.1602638,0.1530930,2705010
129300,0.0691249,0.6772989,0.1705554,0.1761372,2705010
129400,0.0409675,0.7588197,0.1210527,0.1362648,2705010
129500,0.0649354,0.7285076,0.1475582,0.1586415,2705010
129600,0.0259361,0.8864824,0.0609687,0.1037131,2705010
129700,0.0688077,0.7557806,0.1389724,0.1344238,2705010
129800,0.0757624,0.6183455,0.1981192,0.1802251,2705010
129900,0.0639141,0.8045629,0.1165233,0.1039638,2705010
130000,0.0666305,0.7353899,0.1458223,0.1585805,2705010
130100,0.0468247,0.8480998,0.0888549,0.1284460,2705010
130200,0.0335749,0.8418568,0.0834022,0.1067489,2705010
130300,0.0626731,0.7831404,0.1243477,0.1125873,2705010
130400,0.0595311,0.8255446,0.1055008,0.0836226,2705010
130500,0.0469152,0.7995786,0.1083177,0.1074552,2705010
130600,0.0840103,0.7593279,0.1466750,0.1395508,2705010
130700,0.0621100,0.8194125,0.1095010,0.1215622,2705010
130800,0.0659878,0.7851561,0.1255302,0.1215167,2716609
130900,0.0498201,0.8695750,0.0820621,0.1103742,2716609
131000,0.0351333,0.8055710,0.0988516,0.1304684,2716609
131100,0.0643834,0.7446944,0.1407523,0.1327408,2716609
131200,0.0434225,0.8547918,0.0841368,0.1198639,2716609
131300,0.0547752,0.8681440,0.0856075,0.1288941,2716609
131400,0.0567424,0.8108321,0.1097126,0.1014276,2716609
131500,0.0458042,0.8460647,0.0890566,0.1384211,2716609
131600,0.0542772,0.8475505,0.0935461,0.1218612,2716609
131700,0.0467347,0.8418840,0.0912872,0.1222909,2716609
131800,0.0576593,0.8185024,0.1071946,0.1395480,2716609
131900,0.0602104,0.7791336,0.1244728,0.1270559,2716609
132000,0.0765781,0.6786876,0.1744718,0.1679381,2716609
132100,0.0593377,0.7318591,0.1428590,0.1581680,2716609
132200,0.0911073,0.6811123,0.1822194,0.1439893,2716609
132300,0.0798964,0.6607883,0.1836225,0.1486690,2716609
132400,0.0434175,0.8220023,0.0972496,0.1262097,2716609
132500,0.0542032,0.8145674,0.1066950,0.1459761,2716609
132600,0.0753071,0.7283797,0.1538324,0.1385602,2716609
132700,0.0547191,0.8386844,0.0973577,0.1225115,2716609
132800,0.0470916,0.7876526,0.1131939,0.1242734,2716609
132900,0.0600915,0.7852395,0.1219591,0.1471217,2716609
133000,0.0489751,0.8670090,0.0825815,0.1068549,2721698
133100,0.0494395,0.7658610,0.1233193,0.1215329,2721698
133200,0.0226426,0.9419213,0.0368170,0.0901657,2721698
133300,0.0760239,0.5693003,0.2178942,0.1815602,2721698
133400,0.0776341,0.6777279,0.1754893,0.1451784,2721698
133500,0.0410542,0.8640135,0.0790271,0.1139764,2721698
133600,0.0491020,0.8260106,0.0990570,0.1080202,2721698
133700,0.0423817,0.8852117,0.0713443,0.1016109,2721698
133800,0.0654713,0.6860241,0.1648732,0.1399590,2721698
133900,0.0497052,0.7660576,0.1234001,0.1250327,2721698
134000,0.0686205,0.7187992,0.1536526,0.1273743,2721698
134100,0.0577350,0.7371575,0.1397780,0.1556367,2721698
134200,0.0442728,0.8317256,0.0938734,0.0918297,2721698
134300,0.0891194,0.7868510,0.1387312,0.1268170,2721698
134400,0.0663276,0.7285519,0.1483758,0.1243026,2721698
134500,0.0596361,0.6906033,0.1595403,0.1613454,2721698
134600,0.0616104,0.7630937,0.1317287,0.1296086,2721698
134700,0.0456081,0.8413960,0.0908064,0.1161868,2721698
134800,0.0507061,0.8560693,0.0879959,0.1191310,2721698
134900,0.0570198,0.8256981,0.1039327,0.1195601,2721698
135000,0.0361291,0.7954539,0.1034959,0.1302075,2721698
135100,0.0261847,0.8723953,0.0667527,0.0847891,2721698
135200,0.0577722,0.7815659,0.1220370,0.1133817,2724083
135300,0.0475149,0.8728485,0.0793696,0.1073671,2724083
135400,0.0464994,0.8290291,0.0962880,0.1136236,2724083
135500,0.0362217,0.8622385,0.0768376,0.1039022,2724083
135600,0.0532082,0.8277522,0.1008240,0.1035814,2724083
135700,0.0640183,0.5747234,0.2085216,0.1796584,2724083
135800,0.0769650,0.6735505,0.1767588,0.1404182,2724083
135900,0.0508621,0.6923531,0.1535760,0.1225192,2724083
136000,0.0763196,0.6801097,0.1737479,0.1547474,2724083
136100,0.0385164,0.8862496,0.0686100,0.0828707,2724083
136200,0.0179989,0.9010222,0.0503905,0.0853783,2724083
136300,0.0649992,0.7623891,0.1340439,0.1262268,2724083
136400,0.0625527,0.8430604,0.1003075,0.1087544,2724083
136500,0.0510809,0.7843218,0.1169198,0.1359942,2724083
136600,0.0633323,0.7338766,0.1444488,0.1338167,2724083
136700,0.0687875,0.6928652,0.1641265,0.1613900,2724083
136800,0.0623618,0.6878057,0.1622948,0.1263958,2724083
136900,0.0529243,0.7575509,0.1287342,0.1280411,2724083
137000,0.0665842,0.7907602,0.1236465,0.1162255,2724083
137100,0.0436251,0.8786533,0.0747137,0.1044943,2724083
137200,0.0623399,0.7373751,0.1424539,0.1454875,2724083
137300,0.0506933,0.8666819,0.0837432,0.1202255,2724083
137400,0.0671516,0.6002898,0.2001750,0.1570153,2721821
137500,0.0662215,0.7689635,0.1321475,0.1307731,2721821
137600,0.0505893,0.6176094,0.1833099,0.1434809,2721821
137700,0.0337006,0.7984620,0.1008355,0.1077502,2721821
137800,0.0425733,0.8041995,0.1038642,0.1058146,2721821
137900,0.0331899,0.8461157,0.0814677,0.1210994,2721821
138000,0.0329221,0.8884146,0.0643875,0.0955419,2721821
138100,0.0666788,0.7155956,0.1537690,0.1408800,2721821
138200,0.0597367,0.8100090,0.1118384,0.1285359,2721821
138300,0.0460421,0.7012128,0.1471402,0.1649981,2721821
138400,0.0600476,0.6249264,0.1860580,0.1468106,2721821
138500,0.0547518,0.7361609,0.1383867,0.1203569,2721821
138600,0.0745667,0.7089010,0.1611796,0.1469561,2721821
138700,0.0494490,0.7921129,0.1128242,0.1192687,2721821
138800,0.0388411,0.7966184,0.1046573,0.1249923,2721821
138900,0.0400842,0.8657298,0.0777586,0.1116122,2721821
139000,0.0555545,0.8561866,0.0908581,0.1093662,2721821
139100,0.0600677,0.6641704,0.1703725,0.1646965,2721821
139200,0.0760117,0.6622388,0.1807115,0.1427986,2721821
139300,0.0617656,0.7886732,0.1215901,0.1227496,2721821
139400,0.0518248,0.7815440,0.1184773,0.1161963,2721821
139500,0.0545412,0.7374512,0.1377442,0.1341123,2721821
139600,0.0446123,0.8401914,0.0906908,0.1517870,2721821
139700,0.0597947,0.7859219,0.1215080,0.1253495,2728713
139800,0.0634376,0.7331938,0.1447850,0.1574083,2728713
139900,0.0470620,0.8698328,0.0803041,0.1355457,2728713
140000,0.0471258,0.7562733,0.1257661,0.1151194,2728713
140100,0.0628665,0.7938281,0.1201887,0.1249947,2728713
140200,0.0635919,0.8264104,0.1075909,0.1117002,2728713
140300,0.0677478,0.7100255,0.1566385,0.1417855,2728713
140400,0.0513095,0.8651456,0.0847275,0.0949695,2728713
140500,0.0627541,0.7828506,0.1245122,0.1093463,2728713
140600,0.0623191,0.7537113,0.1359069,0.1311819,2728713
140700,0.0849728,0.8960474,0.0925648,0.1142539,2728713
140800,0.0643114,0.7967592,0.1198831,0.1161144,2728713
140900,0.0802800,0.7401729,0.1520989,0.1281526,2728713
141000,0.0595582,0.7049402,0.1537589,0.1356577,2728713
141100,0.0525351,0.8069541,0.1087394,0.1272028,2728713
141200,0.0325548,0.8523728,0.0785838,0.1029201,2728713
141300,0.0683063,0.5931755,0.2037136,0.1685795,2728713
141400,0.0336835,0.8692620,0.0725053,0.1055518,2728713
141500,0.0575927,0.8008988,0.1141961,0.1394704,2728713
141600,0.0389000,0.8094946,0.0995421,0.1200374,2728713
141700,0.0515936,0.7961419,0.1124994,0.1148408,2728713
141800,0.0707109,0.7649481,0.1364473,0.1394223,2728713
141900,0.0585746,0.7914701,0.1185567,0.1182292,2728362
142000,0.0480563,0.8000036,0.1088323,0.1180778,2728362
142100,0.0632920,0.7350402,0.1439592,0.1259664,2728362
142200,0.0419228,0.7660499,0.1187337,0.1263256,2728362
142300,0.0601711,0.7739696,0.1265148,0.1194751,2728362
142400,0.0633635,0.7663959,0.1314597,0.1135492,2728362
142500,0.0808862,0.7038864,0.1669772,0.1210131,2728362
142600,0.0551957,0.7755625,0.1228924,0.1252341,2728362
142700,0.0699804,0.7800612,0.1299638,0.1340172,2728362
142800,0.0639198,0.7769312,0.1275794,0.1142555,2728362
142900,0.0668303,0.8304457,0.1079199,0.1093894,2728362
143000,0.0526674,0.7475717,0.1325718,0.1154695,2728362
143100,0.0677341,0.7303821,0.1484876,0.1353986,2728362
143200,0.0293098,0.8852627,0.0634808,0.1043339,2728362
143300,0.0443312,0.7200601,0.1385747,0.1285682,2728362
143400,0.1026261,0.7680846,0.1543418,0.1354740,2728362
143500,0.0715474,0.7186000,0.1554884,0.1277194,2728362
143600,0.0673164,0.7248294,0.1504581,0.1314880,2728362
143700,0.0461759,0.7838328,0.1141724,0.1187757,2728362
143800,0.0401279,0.7830493,0.1108570,0.1240997,2728362
143900,0.0454227,0.8846271,0.0734028,0.0968878,2728362
144000,0.0436585,0.8071094,0.1033513,0.1286886,2728362
144100,0.0463505,0.8081841,0.1045367,0.1261017,2739214
144200,0.0649590,0.6622098,0.1740915,0.1479040,2739214
144300,0.0630305,0.7768252,0.1270882,0.1237984,2739214
144400,0.0869421,0.6537490,0.1906657,0.1516632,2739214
144500,0.0473353,0.7233797,0.1390493,0.1396976,2739214
144600,0.0845201,0.5961027,0.2122710,0.1513305,2739214
144700,0.0563155,0.7977220,0.1147005,0.1284521,2739214
144800,0.0359721,0.8397602,0.0856792,0.1166035,2739214
144900,0.0551077,0.6592708,0.1693563,0.1258311,2739214
145000,0.0685277,0.6104120,0.1969518,0.1549509,2739214
145100,0.0601631,0.8497664,0.0961913,0.1005273,2739214
145200,0.0532733,0.7435893,0.1345282,0.1196760,2739214
145300,0.0759374,0.6168009,0.1988421,0.1734882,2739214
145400,0.0423917,0.8068883,0.1026797,0.0950941,2739214
145500,0.0531418,0.7753500,0.1217451,0.1135784,2739214
145600,0.0338868,0.8678801,0.0731800,0.0956237,2739214
145700,0.0593252,0.8269620,0.1048103,0.1307179,2739214
145800,0.0356864,0.7419394,0.1246360,0.1117843,2739214
145900,0.0799943,0.6678081,0.1808734,0.1557418,2739214
146000,0.0618390,0.7805748,0.1248735,0.1215965,2739214
146100,0.0246191,0.9117377,0.0500764,0.0961477,2739214
146200,0.0554280,0.8802207,0.0811685,0.1171914,2739214
146300,0.0653467,0.6180889,0.1919724,0.1587396,2739640
146400,0.0833590,0.7209313,0.1616429,0.1463060,2739640
146500,0.0452254,0.8888974,0.0715763,0.1191134,2739640
146600,0.0605995,0.8160328,0.1099466,0.1268603,2739640
146700,0.0517383,0.8229847,0.1018491,0.1315237,2739640
146800,0.0489674,0.7941271,0.1117296,0.1146475,2739640
146900,0.0862652,0.7382091,0.1564755,0.1497227,2739640
147000,0.0628062,0.7643863,0.1319292,0.1142421,2739640
147100,0.0281346,0.8760277,0.0664697,0.0921001,2739640
147200,0.0503714,0.8623031,0.0853016,0.0921829,2739640
147300,0.0671659,0.7733650,0.1309535,0.1150589,2739640
147400,0.0667153,0.7858095,0.1257053,0.1114607,2739640
147500,0.1248076,0.6526126,0.2138395,0.1659715,2739640
147600,0.0656851,0.7250390,0.1493954,0.1167202,2739640
147700,0.0616486,0.7678157,0.1298628,0.1392016,2739640
147800,0.0446311,0.7936915,0.1093021,0.1140857,2739640
147900,0.0453610,0.7612305,0.1227244,0.1032263,2739640
148000,0.0384445,0.8795826,0.0712336,0.0968100,2739640
148100,0.0456165,0.6992834,0.1476565,0.1371899,2739640
148200,0.0592166,0.7706634,0.1272646,0.1323628,2739640
148300,0.0659351,0.7149425,0.1535841,0.1587367,2739640
148400,0.0754063,0.6355548,0.1910218,0.1485739,2739640
148500,0.0483161,0.8697952,0.0810716,0.1179683,2740388
148600,0.0517364,0.8085371,0.1076270,0.1465388,2740388
148700,0.0523363,0.8281891,0.1001261,0.0925984,2740388
148800,0.0405317,0.8632784,0.0790077,0.1139499,2740388
148900,0.0731003,0.6824889,0.1708646,0.1724625,2740388
149000,0.0656831,0.6880352,0.1641958,0.1250919,2740388
149100,0.0388755,0.8630151,0.0781193,0.1129692,2740388
149200,0.0599587,0.8161379,0.1095201,0.1293818,2740388
149300,0.0625863,0.8092512,0.1138513,0.0966554,2740388
149400,0.0298084,0.8321905,0.0850088,0.1135034,2740388
149500,0.0413112,0.7659988,0.1183872,0.1052814,2740388
149600,0.0572215,0.6891211,0.1586845,0.1497298,2740388
149700,0.0565117,0.7966531,0.1152458,0.1100093,2740388
149800,0.0560804,0.8677331,0.0865550,0.1304203,2740388
149900,0.0717366,0.7002681,0.1629347,0.1258575,2740388
150000,0.0668544,0.6387569,0.1846099,0.1449337,2740388
150100,0.0572995,0.7743602,0.1246357,0.1254237,2740388
150200,0.0586251,0.6339089,0.1816115,0.1541719,2740388
150300,0.0607810,0.8006911,0.1161922,0.1398971,2740388
150400,0.0277777,0.8311914,0.0841901,0.1110318,2740388
150500,0.0346519,0.9380090,0.0455875,0.0990634,2740388
150600,0.0175290,0.9243149,0.0407914,0.0914800,2740388
150700,0.0387222,0.7810611,0.1108089,0.1216595,2733957
150800,0.0514957,0.8873234,0.0759680,0.1183264,2733957
150900,0.0530966,0.7380666,0.1366313,0.1417341,2733957
151000,0.0338356,0.7478359,0.1211670,0.1353984,2733957
151100,0.0731565,0.6545664,0.1820673,0.1403891,2733957
151200,0.0606450,0.7972873,0.1174721,0.1274464,2733957
151300,0.0750969,0.6735055,0.1756559,0.1619530,2733957
151400,0.0767628,0.7049984,0.1640583,0.1465087,2733957
151500,0.0533889,0.8222993,0.1031136,0.1146399,2733957
151600,0.0636343,0.7674972,0.1311817,0.1204804,2733957
151700,0.0411200,0.8830218,0.0714632,0.1057662,2733957
151800,0.0608042,0.6502154,0.1763964,0.1476898,2733957
151900,0.0833265,0.6945891,0.1721602,0.1291296,2733957
152000,0.0347154,0.7163800,0.1342772,0.1464137,2733957
152100,0.0581240,0.7650223,0.1288655,0.1324843,2733957
152200,0.0316274,0.8219794,0.0901847,0.1051535,2733957
152300,0.0992544,0.7010999,0.1791127,0.1411934,2733957
152400,0.0456367,0.8060668,0.1049553,0.0988523,2733957
152500,0.0524041,0.6713377,0.1629074,0.1415129,2733957
152600,0.0242437,0.9262248,0.0440563,0.0877317,2733957
152700,0.0476540,0.8204476,0.1004134,0.1497475,2733957
152800,0.0435261,0.7832540,0.1128140,0.1137456,2733957
152900,0.0544501,0.8346910,0.0987936,0.1173824,2733957
153000,0.0619981,0.6763040,0.1666772,0.1454040,2726169
153100,0.0752386,0.5804821,0.2129503,0.1590170,2726169
153200,0.0711845,0.8153343,0.1165770,0.1129073,2726169
153300,0.0386534,0.8548531,0.0812508,0.1229742,2726169
153400,0.0531521,0.8045012,0.1100908,0.1194425,2726169
153500,0.0922180,0.7033473,0.1739919,0.1506476,2726169
153600,0.0690683,0.6608748,0.1770911,0.1355693,2726169
153700,0.0523386,0.7580689,0.1281756,0.1453610,2726169
153800,0.0422796,0.8513299,0.0848358,0.0902005,2726169
153900,0.0413333,0.8310815,0.0923674,0.1022933,2726169
154000,0.0371588,0.8608232,0.0779660,0.1167110,2726169
154100,0.0436845,0.7629821,0.1210179,0.1167984,2726169
154200,0.0787431,0.5118675,0.2424989,0.1554880,2726169
154300,0.0714358,0.6500090,0.1828579,0.1500942,2726169
154400,0.0314113,0.8541820,0.0771740,0.1019130,2726169
154500,0.0360649,0.8514411,0.0810625,0.1253664,2726169
154600,0.0572691,0.7260972,0.1439226,0.1544282,2726169
154700,0.0664213,0.6381809,0.1845804,0.1564779,2726169
154800,0.0578315,0.8402560,0.0985965,0.1176562,2726169
154900,0.0610406,0.7958481,0.1182851,0.1373240,2726169
155000,0.0415879,0.8436791,0.0874811,0.1056537,2726169
155100,0.0543991,0.7987935,0.1131221,0.1191672,2726169
155200,0.0616957,0.8294545,0.1052356,0.1061486,2749632
155300,0.0495083,0.8593347,0.0859711,0.0957562,2749632
155400,0.0414184,0.8539952,0.0832530,0.1147894,2749632
155500,0.0695728,0.7960693,0.1233160,0.1319580,2749632
155600,0.0545650,0.6602008,0.1686587,0.1340918,2749632
155700,0.0623246,0.7283988,0.1460352,0.1377022,2749632
155800,0.0627941,0.8598256,0.0937462,0.1364604,2749632
155900,0.0255541,0.8047602,0.0934284,0.0996332,2749632
156000,0.0697536,0.7477161,0.1427658,0.1307377,2749632
156100,0.0397366,0.8176671,0.0967751,0.1092323,2749632
156200,0.0244393,0.8548163,0.0727370,0.1020501,2749632
156300,0.0664507,0.7582160,0.1365840,0.1236460,2749632
156400,0.0531128,0.8031209,0.1106193,0.1175584,2749632
156500,0.0650790,0.7330605,0.1458232,0.1545252,2749632
156600,0.0587414,0.8383054,0.0999227,0.1363316,2749632
156700,0.0673286,0.8173724,0.1134482,0.1296698,2749632
156800,0.0606611,0.6779028,0.1652355,0.1456661,2749632
156900,0.0399753,0.8602324,0.0798922,0.1262550,2749632
157000,0.0463536,0.8491092,0.0881685,0.1044527,2749632
157100,0.0623697,0.8028332,0.1162886,0.1613530,2749632
157200,0.0435921,0.7531158,0.1249089,0.1143373,2749632
157300,0.0552981,0.7682502,0.1258788,0.1417889,2749632
157400,0.0337712,0.8468316,0.0815301,0.1167498,2753101
157500,0.0539149,0.8218846,0.1035951,0.1289466,2753101
157600,0.0846077,0.7483244,0.1514349,0.1426066,2753101
157700,0.0615579,0.8222390,0.1080391,0.1153502,2753101
157800,0.0604515,0.7719470,0.1274921,0.1176609,2753101
157900,0.0557851,0.8166136,0.1068256,0.1022733,2753101
158000,0.0611924,0.7556179,0.1344683,0.1138935,2753101
158100,0.0542961,0.8436259,0.0951273,0.0899685,2753101
158200,0.0751751,0.5690715,0.2174764,0.1653711,2753101
158300,0.0661669,0.6643645,0.1739544,0.1403669,2753101
158400,0.0321224,0.9126373,0.0542185,0.0928505,2753101
158500,0.0571888,0.7886387,0.1188578,0.1112581,2753101
158600,0.0916757,0.6895046,0.1792036,0.1520215,2753101
158700,0.0488805,0.8488916,0.0897717,0.1057994,2753101
158800,0.0539166,0.6856774,0.1580790,0.1342489,2753101
158900,0.0615713,0.6357864,0.1826282,0.1374170,2753101
159000,0.0411852,0.8466389,0.0860555,0.1090791,2753101
159100,0.0466751,0.8769596,0.0772212,0.1078005,2753101
159200,0.0228963,0.9202304,0.0456456,0.0873722,2753101
159300,0.0735223,0.6912198,0.1676255,0.1444133,2753101
159400,0.0519188,0.7806956,0.1188730,0.0994072,2753101
159500,0.0435815,0.8749919,0.0761522,0.0949265,2753101
159600,0.0385566,0.8883177,0.0678069,0.0922115,2768102
159700,0.0807128,0.6219596,0.1996439,0.1700870,2768102
159800,0.0695138,0.7232162,0.1524218,0.1409887,2768102
159900,0.0320323,0.8859187,0.0648519,0.1041469,2768102
160000,0.0535970,0.6430542,0.1749365,0.1357143,2768102
160100,0.0498037,0.8179215,0.1027136,0.1149204,2768102
160200,0.0616372,0.7728467,0.1278436,0.1159339,2768102
160300,0.0353254,0.8824860,0.0682008,0.1208899,2768102
160400,0.0628054,0.7510901,0.1372472,0.1204592,2768102
160500,0.0644589,0.6700301,0.1706633,0.1483896,2768102
160600,0.0683686,0.6154988,0.1948216,0.1467304,2768102
160700,0.0595643,0.7912567,0.1192359,0.1203995,2768102
160800,0.0638234,0.7447663,0.1403875,0.1256583,2768102
160900,0.0550908,0.7686957,0.1255762,0.1145286,2768102
161000,0.0326467,0.8588097,0.0760642,0.1114084,2768102
161100,0.0424466,0.8255407,0.0952517,0.1039906,2768102
161200,0.0382727,0.8706943,0.0746859,0.1199455,2768102
161300,0.0571829,0.8296326,0.1024567,0.1259894,2768102
161400,0.0735932,0.6255702,0.1939279,0.1398388,2768102
161500,0.0466902,0.8973348,0.0690802,0.0931738,2768102
161600,0.0589077,0.7961261,0.1168942,0.1360286,2768102
161700,0.0780559,0.6882218,0.1715448,0.1524136,2768102
161800,0.0721341,0.7371792,0.1484088,0.1707011,2775890
161900,0.0592951,0.7902903,0.1194610,0.1252336,2775890
162000,0.0588266,0.7871854,0.1204218,0.1482633,2775890
162100,0.0541319,0.8019297,0.1117072,0.1151527,2775890
162200,0.0566890,0.7843963,0.1202549,0.1064133,2775890
162300,0.0578080,0.7640242,0.1290751,0.1275425,2775890
162400,0.0468753,0.8500205,0.0881170,0.0938666,2775890
162500,0.0784785,0.6005301,0.2068751,0.1561683,2775890
162600,0.0387179,0.8749496,0.0732509,0.0827445,2775890
162700,0.0381419,0.8002161,0.1027987,0.1085161,2775890
162800,0.0519259,0.7815543,0.1185338,0.1168171,2775890
162900,0.0477053,0.8577050,0.0855412,0.1058652,2775890
163000,0.0561089,0.7651168,0.1276186,0.1393126,2775890
163100,0.0689185,0.6717743,0.1726414,0.1397233,2775890
163200,0.0422715,0.8630420,0.0801461,0.1009256,2775890
163300,0.0592522,0.7144829,0.1497582,0.1431452,2775890
163400,0.0521850,0.8636540,0.0858494,0.1310996,2775890
163500,0.0618010,0.7801502,0.1250205,0.1112613,2775890
163600,0.0591972,0.7439111,0.1379539,0.1353793,2775890
163700,0.0408801,0.8163797,0.0979762,0.1354363,2775890
163800,0.0745039,0.6655172,0.1784955,0.1387124,2775890
163900,0.0629768,0.8208065,0.1094635,0.1005121,2775890
164000,0.0613633,0.7059740,0.1544284,0.1216176,2775074
164100,0.0536866,0.8273692,0.1012643,0.1150215,2775074
164200,0.0545529,0.7552776,0.1306207,0.1295414,2775074
164300,0.0747138,0.6729248,0.1756584,0.1479768,2775074
164400,0.0601875,0.7827920,0.1229957,0.1193020,2775074
164500,0.0352621,0.7860315,0.1067447,0.1404355,2775074
164600,0.0531079,0.7355390,0.1376491,0.1143287,2775074
164700,0.0677203,0.7174132,0.1536669,0.1239399,2775074
164800,0.0242554,0.8632491,0.0692536,0.0989686,2775074
164900,0.0536061,0.8125654,0.1071375,0.1139411,2775074
165000,0.0586851,0.6159827,0.1888180,0.1446974,2775074
165100,0.0588949,0.7645469,0.1295182,0.1316076,2775074
165200,0.0565793,0.7884709,0.1185592,0.1508895,2775074
165300,0.0535370,0.6243712,0.1823737,0.1470765,2775074
165400,0.0602655,0.7670970,0.1293205,0.1320159,2775074
165500,0.0753919,0.7615454,0.1406170,0.1159040,2775074
165600,0.0591665,0.7976586,0.1164365,0.1112369,2775074
165700,0.0734735,0.8028160,0.1229577,0.1212867,2775074
165800,0.0541420,0.7896138,0.1166396,0.1327908,2775074
165900,0.0892940,0.5133571,0.2482335,0.1749130,2775074
166000,0.0728885,0.7859699,0.1293451,0.1180703,2775074
166100,0.0544478,0.6733188,0.1633412,0.1489614,2775074
166200,0.0527357,0.8198200,0.1037134,0.1398301,2775074
166300,0.0305361,0.8373545,0.0833798,0.1270574,2784229
166400,0.0277579,0.8310015,0.0842542,0.0997654,2784229
166500,0.0434053,0.8501096,0.0859994,0.0979269,2784229
166600,0.0464873,0.8565534,0.0852710,0.0996479,2784229
166700,0.0565434,0.7181633,0.1466607,0.1275104,2784229
166800,0.0507533,0.8912477,0.0739529,0.1082492,2784229
166900,0.0700734,0.6839354,0.1684699,0.1321799,2784229
167000,0.0265833,0.9542180,0.0342627,0.0752471,2784229
167100,0.0693245,0.6258568,0.1912520,0.1537503,2784229
167200,0.0572753,0.7708106,0.1260409,0.1115568,2784229
167300,0.0369490,0.8416895,0.0854936,0.0952747,2784229
167400,0.0816307,0.7625403,0.1439623,0.1428529,2784229
167500,0.0481926,0.7246407,0.1390593,0.1221722,2784229
167600,0.0690438,0.6847814,0.1675137,0.1368529,2784229
167700,0.0580955,0.7686058,0.1274150,0.1002680,2784229
167800,0.0460900,0.7611872,0.1231791,0.1127931,2784229
167900,0.0575374,0.7089171,0.1509556,0.1277866,2784229
168000,0.0572521,0.8401186,0.0983038,0.1036000,2784229
168100,0.0624087,0.8358242,0.1031155,0.1030752,2784229
168200,0.0657897,0.7747871,0.1295590,0.1099051,2784229
168300,0.0514731,0.8473371,0.0919490,0.0940320,2784229
168400,0.0554167,0.7379805,0.1380578,0.1162305,2784229
168500,0.0522625,0.8092394,0.1076617,0.1135693,2805465
168600,0.0398963,0.8115629,0.0993126,0.1221891,2805465
168700,0.0366905,0.8187462,0.0945158,0.1143869,2805465
168800,0.0569496,0.7164302,0.1475977,0.1529687,2805465
168900,0.0517501,0.8486735,0.0915807,0.0983876,2805465
169000,0.0370113,0.8794447,0.0704289,0.1114250,2805465
169100,0.0545944,0.7550386,0.1307412,0.1410233,2805465
169200,0.0583846,0.8222885,0.1061154,0.1170631,2805465
169300,0.0575500,0.7618883,0.1297747,0.1213299,2805465
169400,0.0601628,0.7549407,0.1341214,0.1297161,2805465
169500,0.0582216,0.8383963,0.0995744,0.1075807,2805465
169600,0.0546416,0.7598154,0.1288588,0.1249995,2805465
169700,0.0470597,0.8442076,0.0905528,0.0987593,2805465
169800,0.0387390,0.8111426,0.0987863,0.1043854,2805465
169900,0.0508881,0.8118112,0.1058084,0.1106746,2805465
170000,0.0551624,0.7768813,0.1223449,0.1067013,2805465
170100,0.0771056,0.7640101,0.1406593,0.1240553,2805465
170200,0.0474445,0.8142532,0.1027654,0.1024677,2805465
170300,0.0605773,0.7943777,0.1185953,0.1309270,2805465
170400,0.0628428,0.6527926,0.1765887,0.1468556,2805465
170500,0.0735532,0.6779918,0.1729352,0.1443285,2805465
170600,0.0652822,0.6311032,0.1867280,0.1527596,2805465
170700,0.0480563,0.7642138,0.1231483,0.1193475,2815040
170800,0.0473461,0.8528788,0.0872561,0.1031439,2815040
170900,0.0329956,0.7937651,0.1022914,0.1134038,2815040
171000,0.0267728,0.8945458,0.0582454,0.0994050,2815040
171100,0.0439689,0.8293601,0.0946373,0.1042413,2815040
171200,0.0455852,0.7964731,0.1087619,0.0956899,2815040
171300,0.0694510,0.7966483,0.1230112,0.1174779,2815040
171400,0.0647439,0.8118176,0.1141193,0.1076726,2815040
171500,0.0586097,0.8231370,0.1059110,0.0989467,2815040
171600,0.0528844,0.8553861,0.0895762,0.0984136,2815040
171700,0.0438814,0.8263658,0.0957825,0.1137573,2815040
171800,0.0693867,0.7604388,0.1374565,0.1152618,2815040
171900,0.0371914,0.9034989,0.0609152,0.0898878,2815040
172000,0.0590505,0.7818633,0.1226850,0.1312443,2815040
172100,0.0657738,0.6570070,0.1766615,0.1305978,2815040
172200,0.0599682,0.7623710,0.1310325,0.1419185,2815040
172300,0.0391777,0.7874712,0.1085181,0.1111317,2815040
172400,0.0514572,0.8609438,0.0864968,0.0934258,2815040
172500,0.0605156,0.7500921,0.1362725,0.1209043,2815040
172600,0.0667419,0.6468351,0.1813111,0.1600984,2815040
172700,0.0491618,0.8191926,0.1018200,0.1243574,2815040
172800,0.0309360,0.8795736,0.0667321,0.0943646,2815040
172900,0.0614289,0.7321975,0.1439783,0.1388718,2819202
173000,0.0414200,0.7493601,0.1251079,0.1317333,2819202
173100,0.0435975,0.8376499,0.0910985,0.1004706,2819202
173200,0.0493184,0.8566887,0.0869155,0.1285909,2819202
173300,0.0238465,0.9231449,0.0450499,0.0786272,2819202
173400,0.0362741,0.8504459,0.0815861,0.0923725,2819202
173500,0.0654368,0.7687584,0.1317587,0.1236470,2819202
173600,0.0596071,0.7400507,0.1397439,0.1584484,2819202
173700,0.0578075,0.7845786,0.1208531,0.1126032,2819202
173800,0.0459127,0.8284211,0.0961792,0.1056149,2819202
173900,0.0213205,0.9001725,0.0527233,0.0742819,2819202
174000,0.0552792,0.8043644,0.1114217,0.1149300,2819202
174100,0.0570105,0.8257269,0.1039156,0.1064265,2819202
174200,0.0687384,0.6080617,0.1980184,0.1545812,2819202
174300,0.0386293,0.8439766,0.0855869,0.1085895,2819202
174400,0.0690019,0.7350534,0.1473798,0.1400159,2819202
174500,0.0348551,0.8566286,0.0782616,0.0880867,2819202
174600,0.0523681,0.7343935,0.1376635,0.1430459,2819202
174700,0.0677094,0.6886666,0.1651590,0.1265644,2819202
174800,0.0427442,0.7787377,0.1141515,0.1162494,2819202
174900,0.0356377,0.8875148,0.0663767,0.1141920,2819202
175000,0.0579543,0.7375678,0.1397454,0.1460197,2819202
175100,0.0649709,0.7591901,0.1353065,0.1268350,2815899
175200,0.0183386,0.8841132,0.0573579,0.0977341,2815899
175300,0.0523421,0.7622369,0.1265105,0.1157223,2815899
175400,0.0566042,0.8422532,0.0970612,0.1164343,2815899
175500,0.0681213,0.7700293,0.1328611,0.1194890,2815899
175600,0.0434193,0.7970583,0.1072282,0.1209315,2815899
175700,0.0505623,0.8020725,0.1095084,0.1252249,2815899
175800,0.0742477,0.6359433,0.1901713,0.1318316,2815899
175900,0.0624884,0.7352099,0.1434091,0.1198736,2815899
176000,0.0193118,0.9217868,0.0428724,0.0929647,2815899
176100,0.0567706,0.8082330,0.1107692,0.1194807,2815899
176200,0.0991144,0.6221675,0.2106016,0.1442046,2815899
176300,0.0595247,0.7791149,0.1240689,0.1170899,2815899
176400,0.0738374,0.7422292,0.1474108,0.1193199,2815899
176500,0.0768838,0.6590813,0.1824978,0.1497689,2815899
176600,0.0493009,0.7595811,0.1257481,0.1097782,2815899
176700,0.0679994,0.6633783,0.1754483,0.1396121,2815899
176800,0.0647211,0.8083221,0.1155038,0.1129963,2815899
176900,0.0242048,0.9084588,0.0511393,0.0904376,2815899
177000,0.0490221,0.8140470,0.1037945,0.1093413,2815899
177100,0.0453017,0.8312848,0.0946671,0.1093576,2815899
177200,0.0439323,0.7610790,0.1219278,0.1235117,2815899
177300,0.0489619,0.7851364,0.1153226,0.0963472,2820032
177400,0.0254882,0.8855942,0.0610552,0.1025912,2820032
177500,0.0435590,0.8694566,0.0783527,0.1044072,2820032
177600,0.0655351,0.7206068,0.1510783,0.1316231,2820032
177700,0.0529447,0.6724882,0.1627715,0.1555149,2820032
177800,0.0633599,0.6923133,0.1610906,0.1374739,2820032
177900,0.0535022,0.8136228,0.1066522,0.1106251,2820032
178000,0.0629791,0.8032784,0.1164761,0.1291084,2820032
178100,0.0826625,0.6485447,0.1901796,0.1328071,2820032
178200,0.0829866,0.6789768,0.1782012,0.1306438,2820032
178300,0.0567825,0.8323801,0.1011175,0.1233700,2820032
178400,0.0514238,0.8331699,0.0975863,0.1178818,2820032
178500,0.0401493,0.8225214,0.0950810,0.1018272,2820032
178600,0.0417151,0.7984700,0.1056411,0.1169351,2820032
178700,0.0553398,0.6878492,0.1580642,0.1142283,2820032
178800,0.0566050,0.8075437,0.1109455,0.1094801,2820032
178900,0.0287693,0.8710971,0.0688228,0.0990477,2820032
179000,0.0475844,0.7975957,0.1095124,0.1146869,2820032
179100,0.0461225,0.8705112,0.0794690,0.1029130,2820032
179200,0.0669499,0.7481117,0.1409253,0.1271969,2820032
179300,0.0622637,0.7281663,0.1460917,0.1536004,2820032
179400,0.0583964,0.7418983,0.1382785,0.1279999,2820032
179500,0.0586418,0.7988399,0.1156491,0.1014130,2838779
179600,0.0640412,0.6901107,0.1623804,0.1244541,2838779
179700,0.0524483,0.7745258,0.1216587,0.1150407,2838779
179800,0.0629164,0.7819846,0.1249560,0.1055934,2838779
179900,0.0408515,0.8208914,0.0961543,0.1021148,2838779
180000,0.0322187,0.8482202,0.0800432,0.1086237,2838779
180100,0.0655629,0.7430999,0.1420978,0.1413512,2838779
180200,0.0249655,0.8878855,0.0598251,0.1036515,2838779
180300,0.0373473,0.8391777,0.0867373,0.0896780,2838779
180400,0.0498002,0.8289151,0.0983141,0.1106370,2838779
180500,0.0354452,0.8624772,0.0762762,0.0873953,2838779
180600,0.0529504,0.8768097,0.0810463,0.0867165,2838779
180700,0.0691735,0.6546879,0.1796290,0.1321734,2838779
180800,0.0195766,0.9123046,0.0468241,0.0845053,2838779
180900,0.0477397,0.8059107,0.1062796,0.0887160,2838779
181000,0.0377555,0.7973239,0.1037237,0.1242367,2838779
181100,0.0617257,0.7996134,0.1171901,0.1124972,2838779
181200,0.0577768,0.8624129,0.0897009,0.0871651,2838779
181300,0.0639003,0.6481194,0.1790924,0.1498668,2838779
181400,0.0598572,0.8448679,0.0979672,0.1032184,2838779
181500,0.0518709,0.8038739,0.1095730,0.1158591,2838779
181600,0.0471618,0.8713843,0.0797434,0.0900141,2838779
181700,0.0495867,0.8468611,0.0910076,0.0865882,2838779
181800,0.0422625,0.7449535,0.1273761,0.1415872,2835577
181900,0.0577448,0.7991205,0.1149987,0.1134730,2835577
182000,0.0552674,0.8023329,0.1122273,0.1141979,2835577
182100,0.0244897,0.8727651,0.0655878,0.0832513,2835577
182200,0.0601030,0.7574644,0.1330760,0.1182019,2835577
182300,0.0781147,0.8068261,0.1241384,0.1227280,2835577
182400,0.0690573,0.6261903,0.1909582,0.1429777,2835577
182500,0.0217359,0.9250110,0.0430371,0.0799494,2835577
182600,0.0392937,0.8854485,0.0693968,0.0965913,2835577
182700,0.0557477,0.7933418,0.1161119,0.1116695,2835577
182800,0.0513499,0.7873154,0.1158837,0.1187287,2835577
182900,0.0516937,0.8428406,0.0938800,0.0829359,2835577
183000,0.0400706,0.7626951,0.1189643,0.1392620,2835577
183100,0.0815851,0.5849714,0.2149625,0.1687176,2835577
183200,0.0693264,0.7597817,0.1376831,0.1386449,2835577
183300,0.0522094,0.8432262,0.0940352,0.1113434,2835577
183400,0.0653308,0.7293324,0.1474655,0.1287777,2835577
183500,0.0565553,0.8106312,0.1096807,0.1317763,2835577
183600,0.0807054,0.5783788,0.2170717,0.1380586,2835577
183700,0.0440481,0.8810574,0.0740059,0.1119135,2835577
183800,0.0523540,0.8479794,0.0922206,0.1008996,2835577
183900,0.0413500,0.8006761,0.1045396,0.1128026,2835577
184000,0.0683059,0.6888170,0.1654567,0.1420981,2842680
184100,0.0709134,0.6087099,0.1990641,0.1647859,2842680
184200,0.0381391,0.8157910,0.0965671,0.0968194,2842680
184300,0.0406248,0.7907736,0.1080655,0.1187352,2842680
184400,0.0668847,0.6147963,0.1942123,0.1425596,2842680
184500,0.0585648,0.7722312,0.1262464,0.1363360,2842680
184600,0.0605562,0.7055929,0.1540966,0.1273880,2842680
184700,0.0731138,0.6803979,0.1717092,0.1379697,2842680
184800,0.0584543,0.8009197,0.1147048,0.1090153,2842680
184900,0.0619228,0.6413370,0.1806189,0.1457709,2842680
185000,0.0642917,0.7979618,0.1193903,0.1279965,2842680
185100,0.0607440,0.7398024,0.1405255,0.1083138,2842680
185200,0.0492845,0.8387178,0.0940836,0.1302937,2842680
185300,0.0318340,0.8022764,0.0981899,0.1072293,2842680
185400,0.0415226,0.8379556,0.0897313,0.1101721,2842680
185500,0.0469621,0.8134691,0.1027896,0.1018665,2842680
185600,0.0244317,0.8034038,0.0932975,0.1031449,2842680
185700,0.0667482,0.7452842,0.1419353,0.1192270,2842680
185800,0.0554423,0.8330375,0.1000504,0.1074681,2842680
185900,0.0738330,0.6007667,0.2039932,0.1428145,2842680
186000,0.0312717,0.8347298,0.0848711,0.0900893,2842680
186100,0.0581134,0.6810595,0.1624443,0.1426724,2842680
186200,0.0654443,0.6881045,0.1640248,0.1255549,2837322
186300,0.0339901,0.8224075,0.0914311,0.1223769,2837322
186400,0.0486095,0.8699177,0.0811986,0.1015861,2837322
186500,0.0572477,0.7932695,0.1170408,0.1115474,2837322
186600,0.0257653,0.8591505,0.0717990,0.0782628,2837322
186700,0.0327117,0.7935002,0.1022269,0.1091807,2837322
186800,0.0510725,0.8212725,0.1021345,0.1001171,2837322
186900,0.0529406,0.8455422,0.0935475,0.0905688,2837322
187000,0.0398435,0.8451201,0.0858580,0.1226221,2837322
187100,0.0303794,0.8380022,0.0830268,0.0955957,2837322
187200,0.0737098,0.6169695,0.1974381,0.1343970,2837322
187300,0.0574516,0.6903797,0.1583191,0.1230289,2837322
187400,0.0414790,0.8304442,0.0927097,0.1080316,2837322
187500,0.0546091,0.8175833,0.1057321,0.0942305,2837322
187600,0.0398082,0.8283099,0.0925610,0.0913672,2837322
187700,0.0519414,0.8219135,0.1023994,0.1210929,2837322
187800,0.0496565,0.8262069,0.0993112,0.1036727,2837322
187900,0.0408933,0.8769124,0.0737710,0.1024448,2837322
188000,0.0590992,0.7239828,0.1458664,0.1340814,2837322
188100,0.0545739,0.7889968,0.1171457,0.1205659,2837322
188200,0.0666389,0.7185775,0.1525523,0.1247266,2837322
188300,0.0302694,0.8207873,0.0898467,0.1071132,2837322
188400,0.0405544,0.8888590,0.0687890,0.1028606,2863245
188500,0.0540040,0.8287491,0.1009028,0.1117947,2863245
188600,0.0437170,0.8400504,0.0902101,0.1125993,2863245
188700,0.0579784,0.7963656,0.1162408,0.1012659,2863245
188800,0.0728013,0.7196665,0.1558141,0.1653400,2863245
188900,0.0409516,0.7978446,0.1054331,0.1188471,2863245
189000,0.0517845,0.8416839,0.0943971,0.1187423,2863245
189100,0.0617558,0.7565317,0.1344408,0.1345782,2863245
189200,0.0882020,0.4913298,0.2563893,0.1873861,2863245
189300,0.0536953,0.6721349,0.1633632,0.1289353,2863245
189400,0.0677061,0.6788915,0.1690671,0.1407196,2863245
189500,0.0635564,0.7781727,0.1268647,0.1153254,2863245
189600,0.0527783,0.8554621,0.0894821,0.1015407,2863245
189700,0.0739643,0.7478588,0.1452351,0.1355379,2863245
189800,0.0387172,0.8631410,0.0779739,0.1217084,2863245
189900,0.0411018,0.8763919,0.0741043,0.0971020,2863245
190000,0.0552763,0.8205154,0.1049596,0.0925261,2863245
190100,0.0364785,0.8533880,0.0805319,0.0804147,2863245
190200,0.0500647,0.7463390,0.1315032,0.1407362,2863245
190300,0.0375342,0.8360357,0.0881062,0.0989941,2863245
190400,0.0336766,0.8506628,0.0799408,0.1034043,2863245
190500,0.0382087,0.7540087,0.1213218,0.1147476,2863245
190600,0.0486410,0.8029914,0.1079881,0.1209168,2857016
190700,0.0607166,0.8056544,0.1141682,0.1175485,2857016
190800,0.0729140,0.5702765,0.2156378,0.1613926,2857016
190900,0.0813423,0.5837384,0.2153100,0.1517246,2857016
191000,0.0605038,0.8179976,0.1091033,0.1167348,2857016
191100,0.0514462,0.7728140,0.1217421,0.1101754,2857016
191200,0.0523586,0.6626966,0.1663365,0.1422190,2857016
191300,0.0499354,0.7336416,0.1365046,0.1208824,2857016
191400,0.0575479,0.8696324,0.0866758,0.0969659,2857016
191500,0.0519178,0.8629861,0.0859562,0.1150078,2857016
191600,0.0552944,0.7920306,0.1163644,0.1141974,2857016
191700,0.0601179,0.7641593,0.1304070,0.1183278,2857016
191800,0.0705578,0.7988342,0.1228010,0.1173108,2857016
191900,0.0133502,0.9635609,0.0225858,0.0633655,2857016
192000,0.0524012,0.8088934,0.1078833,0.1011329,2857016
192100,0.0364500,0.8155580,0.0956468,0.1096559,2857016
192200,0.0404526,0.8414334,0.0876982,0.1117427,2857016
192300,0.0447110,0.8554235,0.0846572,0.0919854,2857016
192400,0.0464544,0.8618156,0.0831464,0.0936039,2857016
192500,0.0838108,0.6999280,0.1703153,0.1280112,2857016
192600,0.0324929,0.8774881,0.0685005,0.0998282,2857016
192700,0.0595250,0.7655500,0.1294950,0.1346699,2857016
192800,0.0517462,0.8751261,0.0809973,0.0918727,2860810
192900,0.0552729,0.7971092,0.1143200,0.1160787,2860810
193000,0.0565193,0.7571799,0.1310396,0.1202624,2860810
193100,0.0448760,0.8447869,0.0890109,0.0871460,2860810
193200,0.0303724,0.8207340,0.0899298,0.1032821,2860810
193300,0.0522527,0.7824127,0.1183865,0.1465042,2860810
193400,0.0536963,0.8702039,0.0841362,0.1217894,2860810
193500,0.0538934,0.8481105,0.0930918,0.0953126,2860810
193600,0.0486192,0.8362334,0.0946782,0.1036440,2860810
193700,0.0505760,0.8665493,0.0837259,0.0937300,2860810
193800,0.0591455,0.7148902,0.1495312,0.1337243,2860810
193900,0.0548597,0.7959336,0.1145424,0.1091188,2860810
194000,0.0256449,0.8910272,0.0589761,0.0846942,2860810
194100,0.0641849,0.6852120,0.1644261,0.1380992,2860810
194200,0.0422177,0.8929870,0.0681358,0.0929451,2860810
194300,0.0459073,0.8185543,0.1001226,0.0985339,2860810
194400,0.0705472,0.5845127,0.2085233,0.1536155,2860810
194500,0.0332089,0.8768907,0.0691691,0.0870837,2860810
194600,0.0639040,0.6811470,0.1658836,0.1509584,2860810
194700,0.0437141,0.7182571,0.1389256,0.1103214,2860810
194800,0.0424837,0.7964391,0.1069146,0.0945849,2860810
194900,0.0510198,0.8084480,0.1072327,0.0992414,2860810
195000,0.0565953,0.8550383,0.0919418,0.0957783,2860810
195100,0.0256785,0.8689580,0.0678239,0.0936431,2858848
195200,0.0318033,0.8542102,0.0773979,0.1052532,2858848
195300,0.0501027,0.8674508,0.0830813,0.1079324,2858848
195400,0.0532963,0.8310081,0.0995745,0.1128186,2858848
195500,0.0544988,0.8536510,0.0912389,0.1175781,2858848
195600,0.0488924,0.6665050,0.1627335,0.1258108,2858848
195700,0.0503870,0.7954113,0.1120677,0.1016082,2858848
195800,0.0524647,0.8355812,0.0972464,0.1142862,2858848
195900,0.0524030,0.7716495,0.1227820,0.1081645,2858848
196000,0.0420026,0.7760707,0.1147733,0.1312217,2858848
196100,0.0467973,0.7012019,0.1475976,0.1189819,2858848
196200,0.0449741,0.8259254,0.0966143,0.0963409,2858848
196300,0.0469318,0.8416842,0.0914854,0.1040576,2858848
196400,0.0651927,0.7035711,0.1576872,0.1299175,2858848
196500,0.0650215,0.7251816,0.1489403,0.1469773,2858848
196600,0.0310128,0.8262459,0.0881093,0.0855387,2858848
196700,0.0810839,0.6256658,0.1983840,0.1375592,2858848
196800,0.0568291,0.8560484,0.0916781,0.1147128,2858848
196900,0.0516024,0.8152838,0.1048479,0.1065821,2858848
197000,0.0493637,0.8217278,0.1009271,0.1269024,2858848
197100,0.0512920,0.7997826,0.1108622,0.1052073,2858848
197200,0.0526995,0.7936496,0.1141599,0.1259063,2858848
197300,0.0795941,0.6836247,0.1743066,0.1506024,2857126
197400,0.0697023,0.6227430,0.1927242,0.1462783,2857126
197500,0.0690151,0.6854099,0.1672451,0.1335454,2857126
197600,0.0563071,0.7064304,0.1512121,0.1088196,2857126
197700,0.0475388,0.8371226,0.0936742,0.0971564,2857126
197800,0.0564561,0.8372604,0.0989695,0.1061243,2857126
197900,0.0414302,0.8235458,0.0954398,0.1030693,2857126
198000,0.0174079,0.9389814,0.0348522,0.1072107,2857126
198100,0.0526942,0.7556542,0.1293549,0.1282457,2857126
198200,0.0393010,0.8720164,0.0747740,0.0966371,2857126
198300,0.0448494,0.8381530,0.0916485,0.1139199,2857126
198400,0.0708420,0.7527181,0.1414180,0.0973417,2857126
198500,0.0376169,0.8601778,0.0784990,0.0909075,2857126
198600,0.0516213,0.8383616,0.0956281,0.1050674,2857126
198700,0.0710438,0.7403338,0.1464927,0.1218657,2857126
198800,0.0513019,0.8273562,0.0998387,0.1041843,2857126
198900,0.0696615,0.7118229,0.1570678,0.1158927,2857126
199000,0.0379138,0.8795983,0.0709089,0.1060180,2857126
199100,0.0606688,0.8050894,0.1143655,0.1408835,2857126
199200,0.0547740,0.7938098,0.1153405,0.1170088,2857126
199300,0.0650102,0.8034815,0.1176135,0.1074839,2857126
199400,0.0431394,0.8336753,0.0924135,0.1085352,2857126
199500,0.0478587,0.8529586,0.0875318,0.0829063,2857052
199600,0.4416992,0.2112349,0.5805256,0.5898653,2857052
199700,0.2725815,0.1571781,0.5006776,0.5560461,2857052
199800,0.4149459,0.1978887,0.5698121,0.5608273,2857052
199900,0.4791790,0.4010608,0.5270831,0.4943402,2857052
200000,0.4009542,0.3407859,0.5042582,0.4732470,2857052
200100,0.3475522,0.5238096,0.3990075,0.3792725,2857052
200200,0.1220359,0.6559787,0.2108301,0.2792651,2857052
200300,0.1228638,0.4494280,0.2939471,0.3318955,2857052
200400,0.2132837,0.7991793,0.2082985,0.2198661,2857052
200500,0.1195767,0.6389228,0.2161769,0.2478963,2857052
200600,0.2040117,0.7715595,0.2137832,0.2566123,2857052
200700,0.1445859,0.5602585,0.2626482,0.2497546,2857052
200800,0.1607041,0.4602106,0.3123382,0.2369693,2857052
200900,0.2101844,0.5188719,0.3185619,0.2387841,2857052
201000,0.1488866,0.4339961,0.3157336,0.2401661,2857052
201100,0.0686220,0.7036035,0.1597318,0.1817676,2857052
201200,0.0909394,0.7139077,0.1690006,0.1957127,2857052
201300,0.0351175,0.7456083,0.1228272,0.1924731,2857052
201400,0.0559032,0.8410065,0.0971393,0.1316919,2857052
201500,0.0889925,0.6965500,0.1747755,0.1786104,2857052
201600,0.0984982,0.5253104,0.2489747,0.1999946,2857052
201700,0.1512942,0.5611932,0.2662992,0.2325085,2927413
201800,0.0809154,0.6834760,0.1751588,0.1923706,2927413
201900,0.0857580,0.6307981,0.1991355,0.1859381,2927413
202000,0.0803300,0.6987125,0.1687130,0.1787347,2927413
202100,0.0836616,0.6051013,0.2081565,0.1770985,2927413
202200,0.0885675,0.7009148,0.1727746,0.1669233,2927413
202300,0.0671378,0.7429784,0.1430913,0.1544369,2927413
202400,0.0768701,0.7650476,0.1401030,0.1355294,2927413
202500,0.0531256,0.7352437,0.1377779,0.1422970,2927413
202600,0.0359916,0.8443666,0.0838483,0.1428965,2927413
202700,0.0352653,0.8410394,0.0847434,0.1094390,2927413
202800,0.0610955,0.8256052,0.1064153,0.1268160,2927413
202900,0.0576355,0.7738189,0.1250537,0.1362587,2927413
203000,0.0238662,0.9219525,0.0455387,0.0918418,2927413
203100,0.1320249,0.6323164,0.2262884,0.1800582,2927413
203200,0.0640767,0.7349471,0.1444672,0.1414260,2927413
203300,0.0773072,0.7539555,0.1448021,0.1404622,2927413
203400,0.0697009,0.7570773,0.1389896,0.1504514,2927413
203500,0.0594781,0.8337899,0.1021709,0.1315549,2927413
203600,0.0524909,0.8418614,0.0947500,0.1213236,2927413
203700,0.0662034,0.8035294,0.1183103,0.1630797,2927413
203800,0.0485658,0.7382051,0.1338574,0.1360727,2927413
203900,0.0474700,0.8529541,0.0873003,0.1241143,2975979
204000,0.0548940,0.8452503,0.0948363,0.1045659,2975979
204100,0.0509770,0.8039668,0.1089995,0.1202222,2975979
204200,0.0386104,0.8407182,0.0868789,0.1050804,2975979
204300,0.0444766,0.7964939,0.1080884,0.1094627,2975979
204400,0.0680510,0.6843472,0.1670918,0.1614969,2975979
204500,0.0390372,0.8342456,0.0897241,0.1057300,2975979
204600,0.0384713,0.8089374,0.0995078,0.1223317,2975979
204700,0.0726037,0.6518481,0.1828230,0.1511270,2975979
204800,0.0372705,0.8738922,0.0728054,0.0809003,2975979
204900,0.0589159,0.7043184,0.1536222,0.1310061,2975979
205000,0.0558692,0.8326938,0.1004440,0.1228384,2975979
205100,0.0371847,0.8200838,0.0942773,0.1010285,2975979
205200,0.0468579,0.8180882,0.1008794,0.1198280,2975979
205300,0.0254478,0.8652874,0.0691537,0.1002234,2975979
205400,0.0722741,0.7012140,0.1628789,0.1608750,2975979
205500,0.0599715,0.7913338,0.1194494,0.1123564,2975979
205600,0.0198625,0.9477452,0.0328194,0.0865982,2975979
205700,0.0778616,0.7003322,0.1665841,0.1301604,2975979
205800,0.0763036,0.7717558,0.1370798,0.1265595,2975979
205900,0.0841481,0.9058152,0.0881628,0.1062161,2975979
206000,0.0472255,0.8418276,0.0916043,0.1032128,2975979
206100,0.0495634,0.8420725,0.0929090,0.1021362,2973462
206200,0.0494043,0.8652788,0.0835310,0.1124478,2973462
206300,0.0242060,0.9007146,0.0542378,0.1002400,2973462
206400,0.0540369,0.8534717,0.0910334,0.1169286,2973462
206500,0.0409925,0.8426295,0.0875437,0.1147503,2973462
206600,0.0375308,0.8523629,0.0815733,0.0945558,2973462
206700,0.0374632,0.8181213,0.0952294,0.1192060,2973462
206800,0.0584105,0.6699383,0.1670710,0.1306068,2973462
206900,0.0631266,0.7991544,0.1182142,0.1280459,2973462
207000,0.0322995,0.8375490,0.0843601,0.0918105,2973462
207100,0.0562571,0.7961456,0.1152961,0.0942215,2973462
207200,0.0666097,0.6994239,0.1601962,0.1135821,2973462
207300,0.0538702,0.8371614,0.0974575,0.1036414,2973462
207400,0.0423262,0.7930958,0.1081574,0.0984853,2973462
207500,0.0357537,0.7570088,0.1186487,0.1025496,2973462
207600,0.0318308,0.8316182,0.0864512,0.1081923,2973462
207700,0.0686787,0.6680362,0.1739927,0.1259189,2973462
207800,0.0276411,0.7996548,0.0967227,0.0949333,2973462
207900,0.0553039,0.7382152,0.1378963,0.1392373,2973462
208000,0.0471455,0.8763524,0.0777463,0.1124750,2973462
208100,0.0991691,0.6932047,0.1822196,0.1304878,2973462
208200,0.0434189,0.8264247,0.0954815,0.1149080,2973462
208300,0.0571633,0.8458887,0.0959425,0.1252462,2973462
208400,0.0536566,0.8569886,0.0893985,0.0933125,2973093
208500,0.0580451,0.7769651,0.1240410,0.1240002,2973093
208600,0.0475183,0.8456037,0.0902695,0.1044289,2973093
208700,0.0518283,0.8639088,0.0855335,0.0885427,2973093
208800,0.0578341,0.7690161,0.1270940,0.1263492,2973093
208900,0.0262401,0.8971511,0.0568836,0.0828690,2973093
209000,0.0539027,0.7838453,0.1188035,0.1164135,2973093
209100,0.0629461,0.7468146,0.1390418,0.1162385,2973093
209200,0.0657620,0.7282073,0.1481743,0.1133945,2973093
209300,0.0565167,0.7102491,0.1498104,0.1191591,2973093
209400,0.0558106,0.8318869,0.1007316,0.1343573,2973093
209500,0.0451422,0.9006944,0.0668075,0.0948889,2973093
209600,0.0522974,0.8176481,0.1043192,0.1132231,2973093
209700,0.0563152,0.7427764,0.1366786,0.1005034,2973093
209800,0.0440807,0.7676885,0.1193730,0.1332357,2973093
209900,0.0489063,0.7348825,0.1353908,0.1210996,2973093
210000,0.0245533,0.9391844,0.0390583,0.0938229,2973093
210100,0.0486608,0.8036172,0.1077496,0.1127013,2973093
210200,0.0562386,0.7977746,0.1146333,0.1055150,2973093
210300,0.0487936,0.8090072,0.1056733,0.1194543,2973093
210400,0.0493271,0.8838140,0.0760707,0.0945783,2973093
210500,0.1033017,0.8005236,0.1417716,0.1214439,2973093
210600,0.0356205,0.8111218,0.0969236,0.0911617,2999811
210700,0.0272701,0.8633401,0.0710260,0.1073494,2999811
210800,0.0415291,0.7904953,0.1087193,0.1008018,2999811
210900,0.0522823,0.8144863,0.1055748,0.1084487,2999811
211000,0.0467231,0.7564800,0.1254419,0.1350038,2999811
211100,0.0207931,0.8966362,0.0538214,0.0824073,2999811
211200,0.1064947,0.7746619,0.1540321,0.1236102,2999811
211300,0.0653213,0.7082036,0.1559114,0.1245675,2999811
211400,0.0657564,0.7554786,0.1372624,0.1265367,2999811
211500,0.0419050,0.8024869,0.1041483,0.1068544,2999811
211600,0.0722563,0.6660997,0.1769139,0.1481503,2999811
211700,0.1108688,0.7185769,0.1790905,0.1369537,2999811
211800,0.0553614,0.8171635,0.1063514,0.1228104,2999811
211900,0.0972020,0.7582468,0.1550225,0.1341020,2999811
212000,0.0752986,0.7147444,0.1592814,0.1188759,2999811
212100,0.0567779,0.8288131,0.1025415,0.1205637,2999811
212200,0.0880064,0.6407543,0.1965021,0.1472355,2999811
212300,0.0371820,0.8316567,0.0896465,0.0968600,2999811
212400,0.0665528,0.7401612,0.1438672,0.1193064,2999811
212500,0.0391364,0.8758318,0.0731491,0.0883556,2999811
212600,0.0671374,0.7676183,0.1332351,0.1116420,2999811
212700,0.0435119,0.8549314,0.0841346,0.1048592,2999811
212800,0.0801757,0.5916973,0.2114265,0.1451488,2989918
212900,0.0778416,0.7070853,0.1638708,0.1351753,2989918
213000,0.0591108,0.8433314,0.0981339,0.1056386,2989918
213100,0.0198420,0.8806494,0.0596454,0.0807933,2989918
213200,0.0481449,0.8391603,0.0932228,0.1213683,2989918
213300,0.0665747,0.7840036,0.1263434,0.1062643,2989918
213400,0.0256430,0.8674531,0.0684046,0.1048701,2989918
213500,0.0537859,0.7203158,0.1441452,0.1037629,2989918
213600,0.0520274,0.8257548,0.1009145,0.0899784,2989918
213700,0.0520042,0.8246225,0.1013535,0.1019678,2989918
213800,0.0479492,0.8514780,0.0881783,0.1040402,2989918
213900,0.0215341,0.9261187,0.0424730,0.0865447,2989918
214000,0.0395183,0.8862449,0.0692130,0.0839074,2989918
214100,0.0414066,0.8448045,0.0869222,0.1000130,2989918
214200,0.0573152,0.8184990,0.1069895,0.1108603,2989918
214300,0.0451635,0.8242832,0.0973848,0.1152511,2989918
214400,0.0407917,0.8634588,0.0790915,0.0963423,2989918
214500,0.0422703,0.8153704,0.0992140,0.1185650,2989918
214600,0.0501770,0.7038157,0.1485799,0.1169558,2989918
214700,0.0493227,0.7221544,0.1407319,0.1170065,2989918
214800,0.0326588,0.8435599,0.0821713,0.1127561,2989918
214900,0.0418836,0.8228734,0.0959808,0.1050479,2989918
215000,0.0497773,0.8341699,0.0961984,0.1009830,2983743
215100,0.0321018,0.7957619,0.1009563,0.0987913,2983743
215200,0.0621251,0.6968564,0.1585325,0.1292872,2983743
215300,0.0561197,0.8188578,0.1061287,0.1094015,2983743
215400,0.0574819,0.7805817,0.1222564,0.1127713,2983743
215500,0.0245872,0.8436906,0.0772761,0.1070914,2983743
215600,0.0477363,0.7892309,0.1129494,0.1020404,2983743
215700,0.0549510,0.8092131,0.1092854,0.1115040,2983743
215800,0.0693155,0.6699232,0.1736200,0.1484800,2983743
215900,0.0346313,0.8736565,0.0713162,0.0749282,2983743
216000,0.0485494,0.8295699,0.0973017,0.0910998,2983743
216100,0.0535258,0.8101387,0.1080600,0.1074630,2983743
216200,0.0532523,0.7283421,0.1406145,0.1095964,2983743
216300,0.0647808,0.7946967,0.1209898,0.1242143,2983743
216400,0.0569232,0.7662312,0.1276614,0.1017166,2983743
216500,0.0705746,0.7082984,0.1590254,0.1327832,2983743
216600,0.0488927,0.8427796,0.0922238,0.1056192,2983743
216700,0.0630524,0.8045108,0.1160271,0.1047733,2983743
216800,0.0437165,0.7924023,0.1092690,0.1059428,2983743
216900,0.0527486,0.8384904,0.0962530,0.1076294,2983743
217000,0.0563159,0.7937499,0.1162896,0.0840829,2983743
217100,0.0733477,0.7006393,0.1637529,0.1481957,2983743
217200,0.0451967,0.8733233,0.0777887,0.0938207,2989249
217300,0.0225189,0.8993981,0.0537521,0.1007515,2989249
217400,0.0383611,0.8671642,0.0761510,0.0961819,2989249
217500,0.0344922,0.8521421,0.0798385,0.0833132,2989249
217600,0.0585263,0.7555654,0.1328896,0.1162330,2989249
217700,0.0513888,0.7748888,0.1208778,0.1114099,2989249
217800,0.0451405,0.8431031,0.0898431,0.0870463,2989249
217900,0.0554969,0.7884483,0.1179188,0.1309537,2989249
218000,0.0390017,0.7739305,0.1138288,0.1012915,2989249
218100,0.0328893,0.8296135,0.0878882,0.0871485,2989249
218200,0.0462661,0.7746025,0.1179187,0.1203145,2989249
218300,0.0355258,0.8637807,0.0758032,0.0912450,2989249
218400,0.0341831,0.8671937,0.0736324,0.0895918,2989249
218500,0.0472543,0.8184300,0.1009806,0.1135978,2989249
218600,0.0606486,0.7350999,0.1423492,0.1074098,2989249
218700,0.0393197,0.8450715,0.0855632,0.0957682,2989249
218800,0.0393729,0.8781856,0.0723495,0.1069724,2989249
218900,0.0562307,0.7931320,0.1164856,0.1121518,2989249
219000,0.0583396,0.7880085,0.1198004,0.0944921,2989249
219100,0.0546344,0.8020258,0.1119703,0.1351881,2989249
219200,0.0533027,0.7132771,0.1466708,0.1412592,2989249
219300,0.0659207,0.7249271,0.1495816,0.1277672,2989249
219400,0.0575994,0.7896853,0.1186855,0.1097193,3004869
219500,0.0529605,0.8476449,0.0927184,0.1118663,3004869
219600,0.0316689,0.8422664,0.0820948,0.0962031,3004869
219700,0.0382693,0.8395116,0.0871570,0.1017308,3004869
219800,0.0610451,0.7047170,0.1547403,0.1392493,3004869
219900,0.0496310,0.8238475,0.1002396,0.0884656,3004869
220000,0.0313273,0.8421183,0.0819491,0.1244524,3004869
220100,0.0575356,0.7650436,0.1285039,0.1216749,3004869
220200,0.0304031,0.8667411,0.0715454,0.1019593,3004869
220300,0.0217002,0.9280236,0.0418107,0.0903881,3004869
220400,0.0427062,0.8697261,0.0777333,0.0879924,3004869
220500,0.0463193,0.8429273,0.0906207,0.0968454,3004869
220600,0.0636929,0.6332965,0.1848971,0.1365403,3004869
220700,0.0339396,0.8381976,0.0850847,0.1158927,3004869
220800,0.0544281,0.7785016,0.1212562,0.1162071,3004869
220900,0.0317767,0.7984845,0.0996722,0.0932432,3004869
221000,0.0436414,0.8729246,0.0770150,0.0751213,3004869
221100,0.0312101,0.8808486,0.0663866,0.0757922,3004869
221200,0.0490292,0.7503086,0.1292941,0.1129289,3004869
221300,0.0646891,0.8143665,0.1130669,0.1058821,3004869
221400,0.0429921,0.8055408,0.1035789,0.1003125,3004869
221500,0.0537640,0.8063892,0.1097027,0.1040784,3004869
221600,0.0253591,0.8611923,0.0707385,0.0911317,3004869
221700,0.0665103,0.7034950,0.1585082,0.1225870,3010872
221800,0.0517206,0.7770966,0.1201937,0.1276799,3010872
221900,0.0480471,0.7998755,0.1088781,0.0984855,3010872
222000,0.0561929,0.8127593,0.1086120,0.1090959,3010872
222100,0.0735948,0.7339456,0.1505786,0.1131568,3010872
222200,0.0547407,0.7528524,0.1317035,0.1067903,3010872
222300,0.0534874,0.8005731,0.1118632,0.0922538,3010872
222400,0.0504534,0.8312713,0.0977635,0.1063285,3010872
222500,0.0672712,0.6559347,0.1779888,0.1443317,3010872
222600,0.0317414,0.8154808,0.0928525,0.0990979,3010872
222700,0.0402221,0.8367862,0.0894188,0.1050981,3010872
222800,0.0528795,0.8213146,0.1032019,0.1016261,3010872
222900,0.0622015,0.7191204,0.1496728,0.1359942,3010872
223000,0.0508309,0.7847307,0.1166063,0.1049440,3010872
223100,0.0587561,0.8019254,0.1144835,0.1034085,3010872
223200,0.0574333,0.7748370,0.1245252,0.1231702,3010872
223300,0.0568354,0.8227708,0.1049929,0.1160073,3010872
223400,0.0630343,0.7694497,0.1300407,0.1267876,3010872
223500,0.0311940,0.8525264,0.0777058,0.0958914,3010872
223600,0.0712778,0.7923017,0.1258460,0.1295239,3010872
223700,0.0298131,0.8226186,0.0888404,0.1011739,3010872
223800,0.0699637,0.7121534,0.1571169,0.1168817,3010872
223900,0.0553185,0.8273638,0.1022455,0.1209192,3006855
224000,0.0516365,0.8332173,0.0976950,0.1063232,3006855
224100,0.0444686,0.7170160,0.1398747,0.1207047,3006855
224200,0.0805375,0.7107346,0.1640287,0.1341653,3006855
224300,0.0329676,0.8994120,0.0600158,0.0887465,3006855
224400,0.0448748,0.8714496,0.0783451,0.0995732,3006855
224500,0.0362990,0.8494531,0.0819982,0.1134130,3006855
224600,0.0346122,0.8923681,0.0638201,0.0810858,3006855
224700,0.0548607,0.8117642,0.1082108,0.0996172,3006855
224800,0.0442598,0.8193429,0.0988188,0.0953269,3006855
224900,0.0357144,0.8034225,0.1000597,0.0933731,3006855
225000,0.0860239,0.5686156,0.2241682,0.1558753,3006855
225100,0.0391700,0.7981947,0.1042241,0.0955632,3006855
225200,0.0305618,0.8379159,0.0831707,0.1176307,3006855
225300,0.0497018,0.7772436,0.1189236,0.1112290,3006855
225400,0.0259414,0.8824024,0.0626039,0.0794048,3006855
225500,0.0577957,0.7759811,0.1242850,0.1149937,3006855
225600,0.0419475,0.8209910,0.0967721,0.0881904,3006855
225700,0.0558319,0.7134193,0.1481314,0.1365032,3006855
225800,0.0314051,0.8631759,0.0735727,0.1016774,3006855
225900,0.0529678,0.7551477,0.1297216,0.1224360,3006855
226000,0.0569430,0.8329848,0.1009719,0.1298448,3006855
226100,0.0527964,0.6874537,0.1566963,0.1204521,3010064
226200,0.0467959,0.7997584,0.1081742,0.1139457,3010064
226300,0.0544799,0.7980460,0.1134695,0.1081879,3010064
226400,0.0378352,0.8973625,0.0637561,0.0789666,3010064
226500,0.0480830,0.8549187,0.0868823,0.0987473,3010064
226600,0.0516966,0.8772099,0.0801340,0.0950134,3010064
226700,0.0354740,0.8526868,0.0802097,0.1193201,3010064
226800,0.0516126,0.7846031,0.1171263,0.1078960,3010064
226900,0.0531816,0.8116099,0.1072650,0.0841770,3010064
227000,0.0533957,0.7545446,0.1302196,0.1209745,3010064
227100,0.0488680,0.8152357,0.1032265,0.1137344,3010064
227200,0.0519372,0.7138632,0.1456171,0.1091844,3010064
227300,0.0425207,0.8822851,0.0725984,0.0820760,3010064
227400,0.0402781,0.8865328,0.0695537,0.0826842,3010064
227500,0.0462978,0.8723095,0.0788549,0.0902449,3010064
227600,0.0444839,0.8577225,0.0836014,0.0938795,3010064
227700,0.0575595,0.8525064,0.0935331,0.0893974,3010064
227800,0.0675172,0.6294987,0.1887108,0.1399036,3010064
227900,0.0660074,0.7568316,0.1368718,0.1152805,3010064
228000,0.0505959,0.7981960,0.1110791,0.1199312,3010064
228100,0.0498418,0.8390940,0.0942675,0.1189091,3010064
228200,0.0711867,0.7355702,0.1484839,0.1139691,3010064
228300,0.0464931,0.8111827,0.1034227,0.0928677,3017300
228400,0.0381345,0.8771704,0.0720125,0.0993801,3017300
228500,0.0476835,0.8461103,0.0901660,0.1064410,3017300
228600,0.0482465,0.7283593,0.1376042,0.1322218,3017300
228700,0.0551442,0.8067531,0.1103853,0.1175865,3017300
228800,0.0556248,0.8192708,0.1056666,0.1088803,3017300
228900,0.0541288,0.8051627,0.1104122,0.1039876,3017300
229000,0.0409551,0.8666458,0.0779148,0.0920919,3017300
229100,0.0563652,0.7737403,0.1243230,0.1160558,3017300
229200,0.0595206,0.7493666,0.1359657,0.1185711,3017300
229300,0.0677739,0.6510776,0.1802333,0.1284189,3017300
229400,0.0515790,0.8084166,0.1075808,0.1023866,3017300
229500,0.0427023,0.7727503,0.1165212,0.0944635,3017300
229600,0.0699188,0.7290126,0.1503462,0.1243004,3017300
229700,0.0460945,0.7888138,0.1121312,0.1087678,3017300
229800,0.0517583,0.8266197,0.1004071,0.0952040,3017300
229900,0.0305860,0.8399848,0.0823577,0.1249609,3017300
230000,0.0267145,0.8541098,0.0743848,0.1008042,3017300
230100,0.0619202,0.6789263,0.1655816,0.1239825,3017300
230200,0.0349544,0.8554664,0.0787861,0.0913850,3017300
230300,0.0584627,0.7469608,0.1362933,0.1120753,3017300
230400,0.0246285,0.8808874,0.0624222,0.0972096,3017300
230500,0.0514429,0.8555949,0.0886278,0.1054945,3023798
230600,0.0473506,0.8181759,0.1011400,0.1118531,3023798
230700,0.0466728,0.8683587,0.0806602,0.0878250,3023798
230800,0.0370146,0.8685651,0.0747828,0.0908009,3023798
230900,0.0637929,0.8062361,0.1157813,0.1230229,3023798
231000,0.0600948,0.7412323,0.1395640,0.1540932,3023798
231100,0.0381827,0.8144613,0.0971251,0.0996728,3023798
231200,0.0470514,0.7940399,0.1106149,0.1027595,3023798
231300,0.0372590,0.7869800,0.1075634,0.1110921,3023798
231400,0.0321731,0.7958446,0.1009660,0.1019862,3023798
231500,0.0659675,0.7980937,0.1203430,0.1165025,3023798
231600,0.0538721,0.8155990,0.1060837,0.1291239,3023798
231700,0.0694185,0.7108564,0.1573085,0.1393624,3023798
231800,0.0445213,0.8670759,0.0798824,0.1074690,3023798
231900,0.0351338,0.8601633,0.0770150,0.0982082,3023798
232000,0.0372563,0.8307625,0.0900488,0.0904354,3023798
232100,0.0604931,0.6894778,0.1605047,0.1199542,3023798
232200,0.0529217,0.7011050,0.1513110,0.1248062,3023798
232300,0.0464142,0.6944018,0.1500878,0.1396697,3023798
232400,0.0353250,0.8602014,0.0771145,0.0953303,3023798
232500,0.0414377,0.8884321,0.0694898,0.0833762,3023798
232600,0.0628455,0.8154833,0.1115140,0.1038976,3023798
232700,0.0631105,0.7623007,0.1329460,0.1120657,3043887
232800,0.0568149,0.7920008,0.1172886,0.1020248,3043887
232900,0.0471028,0.8519661,0.0874752,0.1000159,3043887
233000,0.0638104,0.7690246,0.1306764,0.1153023,3043887
233100,0.0712813,0.6102790,0.1986572,0.1360629,3043887
233200,0.0406529,0.8154407,0.0982155,0.1098296,3043887
233300,0.0248499,0.9172815,0.0479973,0.0931937,3043887
233400,0.0692373,0.8443217,0.1038137,0.1010433,3043887
233500,0.0441448,0.7862113,0.1120024,0.1428271,3043887
233600,0.0542146,0.7938445,0.1149909,0.1171610,3043887
233700,0.0474780,0.7402769,0.1323760,0.1286846,3043887
233800,0.0484490,0.8164092,0.1025057,0.0952483,3043887
233900,0.0655095,0.6857989,0.1649862,0.1248116,3043887
234000,0.0562039,0.8690329,0.0861092,0.1032851,3043887
234100,0.0579059,0.8167831,0.1080303,0.1060323,3043887
234200,0.0531944,0.7497679,0.1320095,0.1122754,3043887
234300,0.0526998,0.7601085,0.1275765,0.1120262,3043887
234400,0.0381876,0.8477861,0.0837981,0.0948362,3043887
234500,0.0304945,0.8260913,0.0878602,0.0974524,3043887
234600,0.0578248,0.7640001,0.1290948,0.1382733,3043887
234700,0.0438215,0.7277371,0.1351981,0.1336209,3043887
234800,0.0555714,0.7369050,0.1385809,0.1145810,3043887
234900,0.0626490,0.8236102,0.1081453,0.1074050,3038111
235000,0.0504162,0.8280037,0.0990482,0.1062684,3038111
235100,0.0523168,0.7631044,0.1261483,0.1156897,3038111
235200,0.0610141,0.7919905,0.1198122,0.1130284,3038111
235300,0.0323270,0.8565492,0.0767765,0.0824743,3038111
235400,0.0412304,0.8280889,0.0935027,0.1022872,3038111
235500,0.0199002,0.9347948,0.0380222,0.0848130,3038111
235600,0.0515288,0.7047539,0.1490157,0.1246981,3038111
235700,0.0380643,0.8295934,0.0910012,0.1042300,3038111
235800,0.0337037,0.8679407,0.0730460,0.0860115,3038111
235900,0.0345123,0.8959266,0.0623367,0.0807467,3038111
236000,0.0521760,0.8246043,0.1014639,0.0948069,3038111
236100,0.0287692,0.8230797,0.0880296,0.0819498,3038111
236200,0.0525399,0.8162289,0.1050324,0.1148738,3038111
236300,0.0237865,0.8448190,0.0763443,0.1035399,3038111
236400,0.0207255,0.8716122,0.0637904,0.0906638,3038111
236500,0.0859369,0.6304967,0.1993635,0.1271127,3038111
236600,0.0507265,0.8516064,0.0897933,0.1099698,3038111
236700,0.0371881,0.8650545,0.0762911,0.0947870,3038111
236800,0.0700380,0.7679175,0.1348558,0.1074755,3038111
236900,0.0528189,0.8110058,0.1072890,0.1050484,3038111
237000,0.0555986,0.7761617,0.1228945,0.1154677,3038111
237100,0.0432577,0.7136183,0.1405073,0.1137019,3038111
237200,0.0453185,0.8352256,0.0931009,0.0964631,3045278
237300,0.0661410,0.7316076,0.1470416,0.1139564,3045278
237400,0.0299388,0.8128960,0.0928049,0.1055856,3045278
237500,0.0525400,0.8138899,0.1059680,0.1052750,3045278
237600,0.0430382,0.8156887,0.0995474,0.1053488,3045278
237700,0.0247295,0.8854850,0.0606437,0.0795199,3045278
237800,0.0524977,0.6624091,0.1665350,0.1298226,3045278
237900,0.0358329,0.8335976,0.0880607,0.1012060,3045278
238000,0.0510933,0.8577164,0.0875694,0.1034978,3045278
238100,0.0554798,0.8399926,0.0972909,0.0961455,3045278
238200,0.0309145,0.8855005,0.0643485,0.0838181,3045278
238300,0.0424611,0.8158772,0.0991258,0.1131288,3045278
238400,0.0561738,0.8152423,0.1076073,0.1082434,3045278
238500,0.0287244,0.8526216,0.0761860,0.0788757,3045278
238600,0.0565170,0.7604290,0.1297386,0.1057415,3045278
238700,0.0488022,0.8232692,0.0999736,0.1033094,3045278
238800,0.0465975,0.8474995,0.0889587,0.1061365,3045278
238900,0.0452010,0.8027349,0.1060267,0.0978795,3045278
239000,0.0710049,0.5796732,0.2107336,0.1599850,3045278
239100,0.0424753,0.8702021,0.0774044,0.1050934,3045278
239200,0.0582042,0.7115921,0.1502857,0.1298103,3045278
239300,0.0606616,0.6732088,0.1671135,0.1490498,3045278
239400,0.0285798,0.9036916,0.0556713,0.0778693,3039394
239500,0.0361020,0.8756959,0.0713829,0.0800815,3039394
239600,0.0525042,0.7669997,0.1247026,0.1229848,3039394
239700,0.0377771,0.7868329,0.1079331,0.0946420,3039394
239800,0.0502248,0.8729348,0.0809610,0.0757199,3039394
239900,0.0455123,0.8090121,0.1037025,0.1041069,3039394
240000,0.0488413,0.8672303,0.0824126,0.0871327,3039394
240100,0.0516079,0.8738524,0.0814238,0.0980386,3039394
240200,0.0761125,0.7138868,0.1601128,0.1377774,3039394
240300,0.0398814,0.8623711,0.0789804,0.0766899,3039394
240400,0.0681483,0.5927415,0.2037924,0.1422260,3039394
240500,0.0588856,0.7428411,0.1381949,0.1058177,3039394
240600,0.0755308,0.7176076,0.1582754,0.1327341,3039394
240700,0.0222859,0.8834397,0.0599956,0.0965437,3039394
240800,0.0189055,0.9392076,0.0356603,0.0945445,3039394
240900,0.0485674,0.8859157,0.0747741,0.0999159,3039394
241000,0.0696433,0.7585645,0.1383602,0.1230158,3039394
241100,0.0613858,0.7272341,0.1459378,0.1260114,3039394
241200,0.0252968,0.8652406,0.0690818,0.0927612,3039394
241300,0.0358548,0.7833286,0.1081814,0.0957165,3039394
241400,0.0650054,0.8025863,0.1179688,0.1122794,3039394
241500,0.0444257,0.8022765,0.1057448,0.0949376,3039394
241600,0.0563887,0.7483133,0.1345079,0.0977640,3035292
241700,0.0447487,0.8548676,0.0849022,0.0972647,3035292
241800,0.0428613,0.8515806,0.0850845,0.1299118,3035292
241900,0.0527516,0.8268546,0.1009091,0.1159859,3035292
242000,0.0680721,0.6327531,0.1877420,0.1250777,3035292
242100,0.0672069,0.6843724,0.1665752,0.1306819,3035292
242200,0.0555813,0.7384759,0.1379584,0.1256162,3035292
242300,0.0275370,0.8726286,0.0674707,0.0876121,3035292
242400,0.0410836,0.7182000,0.1373702,0.1216879,3035292
242500,0.0370427,0.8602004,0.0781454,0.0939291,3035292
242600,0.0366309,0.8478109,0.0828542,0.1005041,3035292
242700,0.0350860,0.8172761,0.0941411,0.0988866,3035292
242800,0.0440873,0.7904540,0.1102708,0.1099775,3035292
242900,0.0436894,0.8674339,0.0792401,0.1019753,3035292
243000,0.0502012,0.7517292,0.1294291,0.1291396,3035292
243100,0.0504087,0.8311157,0.0977989,0.1187880,3035292
243200,0.0334186,0.8149530,0.0940700,0.0947225,3035292
243300,0.0410775,0.8439054,0.0870843,0.0806134,3035292
243400,0.0366424,0.8396170,0.0861387,0.0964066,3035292
243500,0.0607365,0.6514379,0.1758668,0.1263028,3035292
243600,0.0516976,0.8115566,0.1063959,0.1274953,3035292
243700,0.0525609,0.7470610,0.1327122,0.1157234,3035292
243800,0.0402616,0.8208618,0.0958123,0.0996056,3029494
243900,0.0270851,0.8366719,0.0815823,0.1013090,3029494
244000,0.0647227,0.7607341,0.1345400,0.1239241,3029494
244100,0.0679067,0.6384310,0.1853716,0.1519044,3029494
244200,0.0539065,0.8643205,0.0866157,0.0882891,3029494
244300,0.0599431,0.8138946,0.1104080,0.1040315,3029494
244400,0.0707694,0.7165926,0.1558246,0.1199519,3029494
244500,0.0556094,0.7803205,0.1212374,0.0981476,3029494
244600,0.0366710,0.8502942,0.0818849,0.0781522,3029494
244700,0.0438893,0.7892857,0.1106193,0.0971129,3029494
244800,0.0259421,0.8451967,0.0774866,0.0956234,3029494
244900,0.0442401,0.8333424,0.0932071,0.0903255,3029494
245000,0.0169073,0.9489710,0.0305560,0.0749633,3029494
245100,0.0717428,0.6356590,0.1887821,0.1286017,3029494
245200,0.0249278,0.8874042,0.0599950,0.0936776,3029494
245300,0.0533803,0.8495865,0.0921936,0.1012843,3029494
245400,0.0168612,0.9275864,0.0390821,0.0713342,3029494
245500,0.0604573,0.6725818,0.1672417,0.1429590,3029494
245600,0.0367327,0.9263301,0.0515076,0.0776995,3029494
245700,0.0669212,0.6929111,0.1629883,0.1231353,3029494
245800,0.0461476,0.9165678,0.0610614,0.1021545,3029494
245900,0.0606797,0.6908603,0.1600637,0.1521428,3029494
246000,0.0522105,0.8296959,0.0994480,0.0927554,3035201
246100,0.0359416,0.8785590,0.0701414,0.0976660,3035201
246200,0.0496563,0.8166775,0.1031228,0.1271173,3035201
246300,0.0264232,0.9036994,0.0543742,0.0712183,3035201
246400,0.0595603,0.7271709,0.1448678,0.1179934,3035201
246500,0.0519312,0.8175662,0.1041323,0.0900616,3035201
246600,0.0552057,0.7710822,0.1246906,0.1135010,3035201
246700,0.0510190,0.8437100,0.0931274,0.0984485,3035201
246800,0.0383894,0.8753872,0.0728788,0.0863885,3035201
246900,0.0221672,0.9241951,0.0436223,0.0716847,3035201
247000,0.0328414,0.8043454,0.0979667,0.1261939,3035201
247100,0.0357467,0.8216906,0.0927718,0.0779341,3035201
247200,0.0471569,0.8331277,0.0950431,0.0929463,3035201
247300,0.0424524,0.8911501,0.0690114,0.0882056,3035201
247400,0.0235548,0.8415532,0.0775116,0.1107164,3035201
247500,0.0634000,0.8104498,0.1138600,0.1210743,3035201
247600,0.0582668,0.7653411,0.1288236,0.0923695,3035201
247700,0.0630629,0.7056341,0.1555841,0.1314938,3035201
247800,0.0386537,0.8653508,0.0770519,0.0837843,3035201
247900,0.0527051,0.8218108,0.1028987,0.1062407,3035201
248000,0.0383387,0.8354713,0.0888147,0.0912579,3035201
248100,0.0303160,0.9223667,0.0492429,0.0852784,3035201
248200,0.0489928,0.8127429,0.1042985,0.0965405,3028623
248300,0.0426604,0.8703210,0.0774678,0.1096862,3028623
248400,0.0222993,0.8790455,0.0617614,0.0962586,3028623
248500,0.0230086,0.8647898,0.0678892,0.0705418,3028623
248600,0.0496866,0.8753707,0.0796637,0.1061233,3028623
248700,0.0264732,0.8877908,0.0607676,0.0777194,3028623
248800,0.0633658,0.7465242,0.1394098,0.1227206,3028623
248900,0.0376241,0.8352249,0.0884845,0.0874773,3028623
249000,0.0551573,0.7549700,0.1311064,0.1197083,3028623
249100,0.0592328,0.8121316,0.1106870,0.0978901,3028623
249200,0.0376012,0.7872391,0.1076651,0.1020224,3028623
249300,0.0531154,0.8385720,0.0964405,0.1049702,3028623
249400,0.0567665,0.7654178,0.1278928,0.1091349,3028623
249500,0.0348914,0.8787397,0.0694390,0.0836348,3028623
249600,0.0568589,0.7797450,0.1222173,0.1059188,3028623
249700,0.0624198,0.7358645,0.1431061,0.1122630,3028623
249800,0.0613293,0.6995598,0.1569737,0.1126965,3028623
249900,0.0554798,0.8219624,0.1045030,0.1066221,3028623
250000,0.0551502,0.7695763,0.1252596,0.1173234,3028623
250100,0.0291544,0.8614050,0.0729307,0.1050834,3028623
250200,0.0193401,0.9134195,0.0462363,0.0759528,3028623
250300,0.0387460,0.8442410,0.0855512,0.0901933,3028623
250400,0.0328971,0.9013075,0.0592153,0.1069233,3028623
250500,0.0293638,0.8815892,0.0649826,0.0803106,3027305
250600,0.0488749,0.8033447,0.1079871,0.1087451,3027305
250700,0.0467799,0.8493456,0.0883297,0.1135804,3027305
250800,0.0424955,0.8254502,0.0953172,0.1116261,3027305
250900,0.0384199,0.8755902,0.0728159,0.0922489,3027305
251000,0.0513800,0.8831544,0.0775662,0.0834356,3027305
251100,0.0531732,0.8718926,0.0831469,0.0997665,3027305
251200,0.0523186,0.8136774,0.1059202,0.1067270,3027305
251300,0.0325073,0.8926057,0.0624621,0.0820959,3027305
251400,0.0551610,0.8021579,0.1122335,0.1142885,3027305
251500,0.0182946,0.9072203,0.0480886,0.0990493,3027305
251600,0.0292318,0.8352184,0.0834517,0.1035677,3027305
251700,0.0446317,0.8386537,0.0913175,0.0920039,3027305
251800,0.0307898,0.8238959,0.0889155,0.0979720,3027305
251900,0.0573481,0.8080806,0.1111766,0.0986873,3027305
252000,0.0413313,0.7582844,0.1214850,0.1152783,3027305
252100,0.0400948,0.8107080,0.0997737,0.1014362,3027305
252200,0.0582273,0.8381119,0.0996917,0.1115381,3027305
252300,0.0490474,0.8409594,0.0930447,0.0960266,3027305
252400,0.0431670,0.9046905,0.0640240,0.0928052,3027305
252500,0.0216654,0.8663239,0.0664697,0.0908409,3027305
252600,0.0486405,0.8549096,0.0872205,0.0876703,3027305
252700,0.0615031,0.8389763,0.1013114,0.0964806,3036048
252800,0.0594190,0.6723203,0.1667233,0.1279532,3036048
252900,0.0270529,0.9144437,0.0504542,0.0787057,3036048
253000,0.0490568,0.7535646,0.1280082,0.0953962,3036048
253100,0.0467573,0.8407197,0.0917665,0.0922694,3036048
253200,0.0357348,0.8999535,0.0614595,0.0699059,3036048
253300,0.0480991,0.8537064,0.0873769,0.1149478,3036048
253400,0.0414238,0.8410525,0.0884333,0.0981255,3036048
253500,0.0291497,0.8600365,0.0734752,0.0852624,3036048
253600,0.0519148,0.7481954,0.1318707,0.1095860,3036048
253700,0.0325070,0.7812722,0.1069953,0.1034320,3036048
253800,0.0443734,0.7781483,0.1153647,0.1039040,3036048
253900,0.0429851,0.8315605,0.0931668,0.0852088,3036048
254000,0.0293772,0.8947612,0.0597218,0.0851108,3036048
254100,0.0524698,0.8171968,0.1046032,0.1033385,3036048
254200,0.0939822,0.6022734,0.2154800,0.1390637,3036048
254300,0.0303758,0.9155732,0.0519962,0.0797949,3036048
254400,0.0416383,0.8954704,0.0667948,0.0932118,3036048
254500,0.0499165,0.8243437,0.1002124,0.1057499,3036048
254600,0.0261313,0.8612958,0.0711605,0.0972118,3036048
254700,0.0537730,0.8262612,0.1017594,0.0905309,3036048
254800,0.0391166,0.7548675,0.1215230,0.1072940,3036048
254900,0.0539182,0.8132129,0.1070658,0.1171606,3037779
255000,0.0489638,0.7929678,0.1121912,0.0943232,3037779
255100,0.0334643,0.8871882,0.0652033,0.0814294,3037779
255200,0.0482761,0.8727499,0.0798657,0.0914672,3037779
255300,0.0341326,0.7764908,0.1098833,0.1080271,3037779
255400,0.0382978,0.8644991,0.0771790,0.0915825,3037779
255500,0.0252288,0.8741426,0.0654802,0.0858664,3037779
255600,0.0509382,0.8647473,0.0846640,0.1073432,3037779
255700,0.0615843,0.6432068,0.1796678,0.1376044,3037779
255800,0.0312578,0.9055388,0.0565392,0.0858652,3037779
255900,0.0467522,0.8660024,0.0816503,0.1203769,3037779
256000,0.0531391,0.8285845,0.1004497,0.1114717,3037779
256100,0.0458571,0.8589282,0.0839430,0.1000100,3037779
256200,0.0577991,0.8321596,0.1018156,0.0979244,3037779
256300,0.0481049,0.7580289,0.1256514,0.1038698,3037779
256400,0.0616315,0.6959300,0.1586069,0.1226325,3037779
256500,0.0436169,0.8458369,0.0878354,0.1173599,3037779
256600,0.0367834,0.6880041,0.1468684,0.1277297,3037779
256700,0.0357048,0.8348497,0.0874830,0.0894845,3037779
256800,0.0405335,0.8907949,0.0680022,0.0807450,3037779
256900,0.0198349,0.9049296,0.0499291,0.0660159,3037779
257000,0.0502047,0.8379669,0.0949361,0.0882388,3037779
257100,0.0315484,0.8877027,0.0638480,0.0856407,3031392
257200,0.0589876,0.7923293,0.1184609,0.1143509,3031392
257300,0.0643108,0.6928844,0.1614327,0.1337187,3031392
257400,0.0673505,0.7378695,0.1452625,0.1246009,3031392
257500,0.0703234,0.6195811,0.1943616,0.1491375,3031392
257600,0.0648555,0.6736850,0.1694393,0.1242290,3031392
257700,0.0424449,0.8696505,0.0776068,0.1095854,3031392
257800,0.0513310,0.8023068,0.1098759,0.0987101,3031392
257900,0.0673176,0.5907865,0.2040760,0.1377417,3031392
258000,0.0647511,0.7407496,0.1425508,0.1356128,3031392
258100,0.0400702,0.8427894,0.0869264,0.1065735,3031392
258200,0.0484241,0.8520409,0.0882381,0.1033656,3031392
258300,0.0342911,0.8895212,0.0647662,0.0817890,3031392
258400,0.0567237,0.7480053,0.1348321,0.1022591,3031392
258500,0.0592113,0.7419347,0.1387529,0.1082803,3031392
258600,0.0303348,0.8056052,0.0959588,0.1158902,3031392
258700,0.0605664,0.7665809,0.1297075,0.1250652,3031392
258800,0.0373501,0.8861536,0.0679486,0.0706689,3031392
258900,0.0624824,0.8441179,0.0998423,0.1027275,3031392
259000,0.0515930,0.7288011,0.1394354,0.1074073,3031392
259100,0.0422140,0.7669192,0.1185607,0.1140430,3031392
259200,0.0661989,0.7584372,0.1363445,0.1092579,3031392
259300,0.0272726,0.8403649,0.0802176,0.0864862,3034146
259400,0.0551658,0.7762399,0.1226035,0.1137159,3034146
259500,0.0448232,0.8534739,0.0855044,0.0986512,3034146
259600,0.0250982,0.8694532,0.0672776,0.0766686,3034146
259700,0.0329563,0.8627214,0.0746852,0.0786675,3034146
259800,0.0359982,0.7681981,0.1143197,0.1004379,3034146
259900,0.0621579,0.7676847,0.1302208,0.1001405,3034146
260000,0.0207498,0.9177904,0.0453337,0.0667197,3034146
260100,0.0596557,0.7242678,0.1460863,0.1096789,3034146
260200,0.0464838,0.8593558,0.0841480,0.0872964,3034146
260300,0.0516930,0.8171545,0.1041540,0.1026141,3034146
260400,0.0584301,0.7336153,0.1416119,0.1166307,3034146
260500,0.0492072,0.8516592,0.0888607,0.1046625,3034146
260600,0.0356163,0.8106722,0.0971009,0.0828032,3034146
260700,0.0459261,0.8849640,0.0735700,0.0723256,3034146
260800,0.0437841,0.8796943,0.0743927,0.0997523,3034146
260900,0.0508165,0.8222514,0.1015893,0.1039718,3034146
261000,0.0640626,0.7826159,0.1253912,0.1177672,3034146
261100,0.0565771,0.7755815,0.1237137,0.1146438,3034146
261200,0.0528586,0.8303398,0.0995793,0.1007177,3034146
261300,0.0447687,0.8274148,0.0958953,0.0831667,3034146
261400,0.0320037,0.7954865,0.1010077,0.1024918,3034146
261500,0.0549338,0.8427629,0.0958551,0.1103249,3042670
261600,0.0412148,0.8796761,0.0728584,0.0833182,3042670
261700,0.0429528,0.8835998,0.0723318,0.0700684,3042670
261800,0.0587713,0.8232442,0.1059651,0.0940019,3042670
261900,0.0256531,0.9270264,0.0445813,0.0757986,3042670
262000,0.0486751,0.7318658,0.1364587,0.1382420,3042670
262100,0.0507337,0.7035618,0.1490155,0.1324692,3042670
262200,0.0371901,0.8697796,0.0744022,0.0910172,3042670
262300,0.0583850,0.8180884,0.1077956,0.0871902,3042670
262400,0.0719663,0.8148949,0.1172218,0.1030685,3042670
262500,0.0484632,0.7574372,0.1261030,0.1124399,3042670
262600,0.0623816,0.7274687,0.1464415,0.1143529,3042670
262700,0.0372718,0.8346118,0.0885184,0.0924984,3042670
262800,0.0446586,0.7946978,0.1089161,0.1031836,3042670
262900,0.0545743,0.8340238,0.0991351,0.1298674,3042670
263000,0.0405302,0.9234157,0.0549519,0.0868933,3042670
263100,0.0443817,0.7795779,0.1147979,0.1127645,3042670
263200,0.0482704,0.8536599,0.0874983,0.1138498,3042670
263300,0.0475739,0.8740517,0.0789237,0.0862453,3042670
263400,0.0397439,0.7488238,0.1243168,0.1048048,3042670
263500,0.0570661,0.8161024,0.1077987,0.1085164,3042670
263600,0.0498590,0.8179485,0.1027360,0.1235383,3042670
263700,0.0589279,0.8159389,0.1089812,0.1010324,3042670
263800,0.0366427,0.6779335,0.1508122,0.1137188,3053572
263900,0.0094976,0.9728658,0.0165523,0.0618583,3053572
264000,0.0412494,0.8690658,0.0771233,0.1059821,3053572
264100,0.0486378,0.8118926,0.1044256,0.0896517,3053572
264200,0.0400519,0.7942557,0.1063289,0.1088218,3053572
264300,0.0572583,0.7530792,0.1331233,0.1243154,3053572
264400,0.0357642,0.8720804,0.0726264,0.1026818,3053572
264500,0.0406348,0.8113859,0.0998265,0.1077105,3053572
264600,0.0491804,0.8529570,0.0883255,0.0908534,3053572
264700,0.0341571,0.8494318,0.0807216,0.0778182,3053572
264800,0.0508988,0.8874202,0.0755712,0.0835589,3053572
264900,0.0209191,0.9440733,0.0349221,0.0615454,3053572
265000,0.0475431,0.8572742,0.0856162,0.1006408,3053572
265100,0.0507249,0.8103957,0.1062767,0.0936084,3053572
265200,0.0224412,0.9262776,0.0429537,0.0876638,3053572
265300,0.0653355,0.7364619,0.1446166,0.1262408,3053572
265400,0.0388823,0.8427165,0.0862428,0.0958590,3053572
265500,0.0366600,0.8343730,0.0882468,0.1058123,3053572
265600,0.0613202,0.7717100,0.1281081,0.1051017,3053572
265700,0.0239091,0.8858111,0.0600210,0.0888321,3053572
265800,0.0321573,0.8701603,0.0712302,0.0923642,3053572
265900,0.0527092,0.7906847,0.1153516,0.1090259,3053572
266000,0.0587329,0.7738048,0.1257178,0.1033510,3055589
266100,0.0238744,0.8452711,0.0762162,0.1013601,3055589
266200,0.0433436,0.8829058,0.0728438,0.0857836,3055589
266300,0.0310263,0.8890910,0.0629794,0.0819124,3055589
266400,0.0391285,0.8180385,0.0962617,0.1008509,3055589
266500,0.0445502,0.8730220,0.0775214,0.0917709,3055589
266600,0.0493784,0.8105474,0.1054081,0.1053148,3055589
266700,0.0541630,0.8322930,0.0995806,0.0950069,3055589
266800,0.0512372,0.8551445,0.0886845,0.1009612,3055589
266900,0.0550642,0.8008457,0.1127002,0.1083863,3055589
267000,0.0576127,0.8098783,0.1106163,0.0890542,3055589
267100,0.0333751,0.8732200,0.0707371,0.0933500,3055589
267200,0.0601443,0.6844246,0.1623167,0.1285451,3055589
267300,0.0207045,0.9419198,0.0356548,0.0836263,3055589
267400,0.0674096,0.6763971,0.1698869,0.1171793,3055589
267500,0.0246133,0.8719186,0.0660006,0.0761112,3055589
267600,0.0484461,0.8821959,0.0761893,0.0735976,3055589
267700,0.0303157,0.7319101,0.1254254,0.1127645,3055589
267800,0.0492601,0.8249318,0.0995834,0.1067107,3055589
267900,0.0457924,0.8390784,0.0918440,0.1018675,3055589
268000,0.0495223,0.8839155,0.0761472,0.0836804,3055589
268100,0.0522811,0.7982889,0.1120531,0.1004995,3055589
268200,0.0472873,0.8490297,0.0887605,0.0951249,3051237
268300,0.0348802,0.8754255,0.0707579,0.0849178,3051237
268400,0.0581463,0.8477157,0.0958015,0.0920861,3051237
268500,0.0382288,0.8893584,0.0671939,0.0822455,3051237
268600,0.0250436,0.8543909,0.0732698,0.0813807,3051237
268700,0.0240008,0.8545776,0.0725694,0.1086612,3051237
268800,0.0531753,0.8355154,0.0976990,0.0863781,3051237
268900,0.0155473,0.9156096,0.0430845,0.0593604,3051237
269000,0.0590623,0.7814835,0.1228440,0.1022479,3051237
269100,0.0700141,0.7276748,0.1509385,0.1028862,3051237
269200,0.0510738,0.8408327,0.0943112,0.0963207,3051237
269300,0.0517120,0.8292162,0.0993407,0.0993022,3051237
269400,0.0442625,0.8139057,0.1009952,0.0821530,3051237
269500,0.0526305,0.7842744,0.1178685,0.1193779,3051237
269600,0.0397255,0.8956742,0.0655656,0.0934930,3051237
269700,0.0553707,0.7805835,0.1209890,0.1202849,3051237
269800,0.0598128,0.7349485,0.1419083,0.1186533,3051237
269900,0.0459068,0.8095163,0.1037376,0.1152316,3051237
270000,0.0514371,0.8445376,0.0930472,0.0963244,3051237
270100,0.0333101,0.8584373,0.0766111,0.0845746,3051237
270200,0.0441981,0.8647242,0.0806292,0.0938693,3051237
270300,0.0462143,0.8282841,0.0964149,0.1014519,3051237
270400,0.0327174,0.8336493,0.0861707,0.0946019,3054308
270500,0.0386671,0.8597996,0.0792804,0.0934111,3054308
270600,0.0305606,0.8502925,0.0782194,0.0831371,3054308
270700,0.0458828,0.6936351,0.1500756,0.1165697,3054308
270800,0.0442556,0.8243015,0.0968328,0.0946816,3054308
270900,0.0308642,0.8663658,0.0719722,0.0887844,3054308
271000,0.0635435,0.7410824,0.1416931,0.1350399,3054308
271100,0.0607713,0.6899996,0.1604630,0.1312114,3054308
271200,0.0636389,0.7785908,0.1267470,0.1096825,3054308
271300,0.0623273,0.7179787,0.1502049,0.1176177,3054308
271400,0.0519869,0.8166603,0.1045280,0.0910325,3054308
271500,0.0528418,0.7833196,0.1183772,0.1412137,3054308
271600,0.0644116,0.6184670,0.1912601,0.1275896,3054308
271700,0.0278554,0.8625898,0.0716773,0.0836438,3054308
271800,0.0632825,0.7469333,0.1391962,0.1020388,3054308
271900,0.0517871,0.8236480,0.1016131,0.1385493,3054308
272000,0.0500723,0.8777130,0.0789582,0.0971760,3054308
272100,0.0467527,0.8434932,0.0906544,0.0988733,3054308
272200,0.0516477,0.7824794,0.1179968,0.0990268,3054308
272300,0.0568556,0.7519971,0.1333145,0.1056817,3054308
272400,0.0402284,0.8188957,0.0965788,0.1127524,3054308
272500,0.0296429,0.8342416,0.0840891,0.0924863,3054308
272600,0.0486278,0.8711808,0.0807044,0.0990944,3065607
272700,0.0394838,0.7657241,0.1174006,0.1082486,3065607
272800,0.0570241,0.8059466,0.1118358,0.1212161,3065607
272900,0.0397133,0.8842917,0.0701113,0.0786508,3065607
273000,0.0294448,0.8587024,0.0741859,0.0801957,3065607
273100,0.0541898,0.8070600,0.1096898,0.0937764,3065607
273200,0.0441301,0.8661301,0.0800260,0.0940250,3065607
273300,0.0557557,0.7523299,0.1325214,0.1236747,3065607
273400,0.0338956,0.8803190,0.0682098,0.0913028,3065607
273500,0.0424948,0.8859524,0.0711159,0.0950968,3065607
273600,0.0479001,0.8407152,0.0924540,0.0991571,3065607
273700,0.0528366,0.8464684,0.0931146,0.0935237,3065607
273800,0.0324770,0.8576476,0.0764272,0.0889862,3065607
273900,0.0210239,0.9077580,0.0495111,0.0791776,3065607
274000,0.0590429,0.6779115,0.1642611,0.1144444,3065607
274100,0.0324765,0.8828969,0.0663271,0.0706692,3065607
274200,0.0586619,0.6769123,0.1644322,0.1233437,3065607
274300,0.0471598,0.8095752,0.1044658,0.1018892,3065607
274400,0.0906990,0.7620051,0.1496173,0.1259689,3065607
274500,0.0281884,0.8605493,0.0726933,0.0870478,3065607
274600,0.0541662,0.7806282,0.1202485,0.1036371,3065607
274700,0.0379376,0.7772903,0.1118464,0.0992569,3065607
274800,0.0262001,0.9005826,0.0554870,0.0754749,3071460
274900,0.0259149,0.9274851,0.0445549,0.0681141,3071460
275000,0.0690312,0.7023784,0.1604674,0.1478917,3071460
275100,0.0518859,0.7200525,0.1431105,0.1248785,3071460
275200,0.0189035,0.8860453,0.0569239,0.0749042,3071460
275300,0.0523622,0.8130504,0.1061971,0.0997977,3071460
275400,0.0446429,0.8639510,0.0812053,0.0803673,3071460
275500,0.0342307,0.8729123,0.0713735,0.0794114,3071460
275600,0.0519489,0.8069808,0.1083770,0.0971555,3071460
275700,0.0363220,0.7870858,0.1069589,0.0994058,3071460
275800,0.0544246,0.7794783,0.1208634,0.1071559,3071460
275900,0.0391157,0.8466957,0.0847911,0.0933361,3071460
276000,0.0723731,0.6467112,0.1847394,0.1363117,3071460
276100,0.0502503,0.8495457,0.0903319,0.0797219,3071460
276200,0.0285906,0.8609670,0.0727676,0.0844743,3071460
276300,0.0416373,0.7196132,0.1371371,0.1314086,3071460
276400,0.0623216,0.7408867,0.1410383,0.1111313,3071460
276500,0.0501072,0.8394449,0.0942864,0.1068113,3071460
276600,0.0351722,0.8509301,0.0807313,0.1134669,3071460
276700,0.0312142,0.9180802,0.0514964,0.0863898,3071460
276800,0.0347424,0.8490967,0.0812068,0.1035303,3071460
276900,0.0338192,0.8840019,0.0666908,0.0855442,3071460
277000,0.0351691,0.8944124,0.0633365,0.0934939,3071460
277100,0.0454989,0.8399960,0.0913009,0.0961327,3078197
277200,0.0405294,0.8806547,0.0720558,0.1144252,3078197
277300,0.0534358,0.7993234,0.1123321,0.1082881,3078197
277400,0.0961684,0.5785502,0.2262810,0.1524812,3078197
277500,0.0629741,0.7019060,0.1570221,0.1248178,3078197
277600,0.0388831,0.8659279,0.0769587,0.1003176,3078197
277700,0.0545351,0.7389422,0.1371442,0.1036150,3078197
277800,0.0529820,0.8552765,0.0896786,0.1035628,3078197
277900,0.0478929,0.8545086,0.0869323,0.0932616,3078197
278000,0.0333484,0.8674077,0.0730459,0.0920496,3078197
278100,0.0449141,0.8774582,0.0759652,0.0843542,3078197
278200,0.0603302,0.7526436,0.1351406,0.1214691,3078197
278300,0.0412917,0.8255343,0.0945613,0.1294776,3078197
278400,0.0543858,0.8030262,0.1114210,0.1005015,3078197
278500,0.0378401,0.8449494,0.0847243,0.0883170,3078197
278600,0.0565712,0.7396368,0.1380880,0.1321108,3078197
278700,0.0410172,0.7257894,0.1342946,0.1182037,3078197
278800,0.0556105,0.7255939,0.1431287,0.1242509,3078197
278900,0.0346109,0.8989748,0.0611766,0.0766165,3078197
279000,0.0451655,0.8764971,0.0765004,0.0784986,3078197
279100,0.0553108,0.8129938,0.1079890,0.1105190,3078197
279200,0.0370534,0.8795904,0.0703959,0.0967060,3078197
279300,0.0589902,0.7226582,0.1463308,0.1068919,3080357
279400,0.0351646,0.8125741,0.0960691,0.0999960,3080357
279500,0.0441453,0.8688447,0.0789493,0.1081634,3080357
279600,0.0471672,0.7991097,0.1086564,0.0911258,3080357
279700,0.0393950,0.8673055,0.0767148,0.0909586,3080357
279800,0.0489237,0.8223159,0.1004279,0.1100809,3080357
279900,0.0606825,0.7802272,0.1243186,0.1050338,3080357
280000,0.0455866,0.8083849,0.1039980,0.0982276,3080357
280100,0.0629981,0.8213707,0.1092506,0.0977132,3080357
280200,0.0531563,0.7811887,0.1194183,0.1032668,3080357
280300,0.0149705,0.9351982,0.0349031,0.0906882,3080357
280400,0.0413565,0.8811488,0.0723544,0.0803659,3080357
280500,0.0691426,0.7109088,0.1571221,0.1220096,3080357
280600,0.0370669,0.7805752,0.1100101,0.0893490,3080357
280700,0.0467040,0.8517984,0.0873031,0.0882865,3080357
280800,0.0350345,0.8182313,0.0937282,0.0838078,3080357
280900,0.0380763,0.8786304,0.0713936,0.0871619,3080357
281000,0.0532609,0.7369940,0.1371590,0.1188108,3080357
281100,0.0569764,0.7684261,0.1268154,0.1021639,3080357
281200,0.0508204,0.7720146,0.1216864,0.0977889,3080357
281300,0.0377666,0.8116930,0.0979828,0.1064739,3080357
281400,0.0382186,0.8596216,0.0790825,0.0936943,3080357
281500,0.0248888,0.9216611,0.0462689,0.0815899,3085948
281600,0.0446318,0.8747722,0.0768702,0.0907721,3085948
281700,0.0681439,0.6770664,0.1700598,0.1170619,3085948
281800,0.0330017,0.7829629,0.1066159,0.1090972,3085948
281900,0.0344127,0.8796440,0.0687900,0.0822876,3085948
282000,0.0533552,0.8313034,0.0994918,0.0942762,3085948
282100,0.0366619,0.8668209,0.0752688,0.1085321,3085948
282200,0.0552640,0.8380924,0.0979214,0.0880133,3085948
282300,0.0226973,0.8385401,0.0782024,0.1124403,3085948
282400,0.0483992,0.8020467,0.1082208,0.1148258,3085948
282500,0.0308343,0.8566054,0.0758584,0.0905233,3085948
282600,0.0831562,0.5606879,0.2256186,0.1419962,3085948
282700,0.0626133,0.6525452,0.1765499,0.1314806,3085948
282800,0.0455031,0.8321828,0.0944287,0.0946187,3085948
282900,0.0539361,0.8220222,0.1035528,0.1179166,3085948
283000,0.0597692,0.7553880,0.1337063,0.1072398,3085948
283100,0.0517222,0.8443011,0.0933129,0.1140735,3085948
283200,0.0551559,0.7479683,0.1339062,0.1043432,3085948
283300,0.0433844,0.8684121,0.0786658,0.0738709,3085948
283400,0.0611182,0.7831361,0.1234165,0.1157274,3085948
283500,0.0545134,0.7826912,0.1196316,0.1084830,3085948
283600,0.0454592,0.8541040,0.0856339,0.0991278,3085948
283700,0.0452802,0.8766843,0.0764944,0.0916543,3085956
283800,0.0514049,0.7997572,0.1109401,0.1104137,3085956
283900,0.0603241,0.7208303,0.1478624,0.1214932,3085956
284000,0.0720281,0.8491434,0.1035595,0.0909698,3085956
284100,0.0389383,0.8419087,0.0865995,0.0888545,3085956
284200,0.0464315,0.7690051,0.1202569,0.1035434,3085956
284300,0.0391997,0.8414472,0.0869409,0.1036102,3085956
284400,0.0258321,0.8418521,0.0787584,0.0689710,3085956
284500,0.0301190,0.8565130,0.0754662,0.0891010,3085956
284600,0.0493925,0.7471808,0.1307632,0.1207341,3085956
284700,0.0488026,0.8705335,0.0810682,0.0823178,3085956
284800,0.0478294,0.7158340,0.1423641,0.1263450,3085956
284900,0.0652243,0.7110418,0.1547179,0.1126597,3085956
285000,0.0566779,0.7891489,0.1183472,0.1268747,3085956
285100,0.0406790,0.8699772,0.0764165,0.0797820,3085956
285200,0.0555593,0.8363855,0.0987813,0.0947673,3085956
285300,0.0351767,0.8559837,0.0787126,0.0925689,3085956
285400,0.0382724,0.8834423,0.0695865,0.0788380,3085956
285500,0.0639597,0.7821491,0.1255162,0.1115193,3085956
285600,0.0555591,0.7911745,0.1168656,0.1028232,3085956
285700,0.0400746,0.8657150,0.0777588,0.0802253,3085956
285800,0.0372455,0.8908762,0.0659969,0.0833876,3085956
285900,0.0467754,0.8593471,0.0843264,0.0864047,3089282
286000,0.0194242,0.9456315,0.0334019,0.0626525,3089282
286100,0.0305520,0.7939495,0.1007514,0.1241099,3089282
286200,0.0352980,0.8900831,0.0651456,0.0719825,3089282
286300,0.0486401,0.7486804,0.1297119,0.1101564,3089282
286400,0.0344859,0.8514688,0.0801040,0.0918110,3089282
286500,0.0357495,0.8891166,0.0658031,0.0751852,3089282
286600,0.0399070,0.8707132,0.0756589,0.0915678,3089282
286700,0.0401584,0.8830599,0.0708711,0.0879963,3089282
286800,0.0202434,0.9281763,0.0408756,0.0919598,3089282
286900,0.0495146,0.8038615,0.1081642,0.1005633,3089282
287000,0.0465471,0.8620039,0.0831267,0.0948913,3089282
287100,0.0456848,0.8313979,0.0948517,0.0978336,3089282
287200,0.0408356,0.7473639,0.1255558,0.1030153,3089282
287300,0.0428008,0.7885571,0.1102576,0.0968013,3089282
287400,0.0410498,0.8397411,0.0887334,0.0851961,3089282
287500,0.0578991,0.7637302,0.1292474,0.1061479,3089282
287600,0.0617713,0.8265047,0.1064609,0.0896740,3089282
287700,0.0673995,0.7379265,0.1452691,0.0944489,3089282
287800,0.0363710,0.8359508,0.0874423,0.1003934,3089282
287900,0.0332415,0.8503714,0.0797963,0.0871953,3089282
288000,0.0499443,0.8305817,0.0977339,0.1040243,3089282
288100,0.0402084,0.9077220,0.0610362,0.0965197,3087991
288200,0.0479676,0.8376685,0.0937132,0.1139760,3087991
288300,0.0551934,0.7385446,0.1376982,0.1230319,3087991
288400,0.0497523,0.7479588,0.1306679,0.0977476,3087991
288500,0.0403995,0.8333920,0.0908829,0.0995700,3087991
288600,0.0409973,0.8301024,0.0925574,0.0932364,3087991
288700,0.0475484,0.7865247,0.1139191,0.1092603,3087991
288800,0.0442919,0.7125705,0.1415469,0.1135213,3087991
288900,0.0703997,0.6646897,0.1763639,0.1433733,3087991
289000,0.0457658,0.8624571,0.0824767,0.0890414,3087991
289100,0.0459585,0.8550357,0.0855609,0.0964176,3087991
289200,0.0613262,0.7032183,0.1555084,0.1155843,3087991
289300,0.0383150,0.8691785,0.0753176,0.0930832,3087991
289400,0.0496007,0.8235850,0.1003264,0.0890634,3087991
289500,0.0168085,0.9455953,0.0318470,0.0582927,3087991
289600,0.0591465,0.6617892,0.1707723,0.1321675,3087991
289700,0.0280222,0.8780284,0.0656020,0.0983744,3087991
289800,0.0475950,0.6886241,0.1531073,0.1434272,3087991
289900,0.0335450,0.8211849,0.0916530,0.1063029,3087991
290000,0.0458422,0.8078923,0.1043484,0.1038361,3087991
290100,0.0379288,0.8533137,0.0814318,0.0992571,3087991
290200,0.0501713,0.7142582,0.1443995,0.0935500,3087991
290300,0.0423869,0.8319088,0.0926686,0.1071517,3096449
290400,0.0372088,0.7932390,0.1050297,0.0903078,3096449
290500,0.0516901,0.7954578,0.1128310,0.1045428,3096449
290600,0.0344574,0.8810406,0.0682582,0.0766711,3096449
290700,0.0470160,0.8731753,0.0789395,0.1040714,3096449
290800,0.0451182,0.7980698,0.1078430,0.1030032,3096449
290900,0.0352917,0.8453497,0.0830351,0.0977956,3096449
291000,0.0422607,0.8104762,0.1011660,0.0846667,3096449
291100,0.0368257,0.8851633,0.0680301,0.0804044,3096449
291200,0.0347467,0.8592031,0.0771668,0.1008258,3096449
291300,0.0225548,0.8909153,0.0571667,0.0751722,3096449
291400,0.0465466,0.7731794,0.1186562,0.1184957,3096449
291500,0.0304620,0.8165939,0.0916396,0.1067555,3096449
291600,0.0557447,0.8611057,0.0890045,0.1062378,3096449
291700,0.0455114,0.8129544,0.1021250,0.0877173,3096449
291800,0.0531622,0.7866210,0.1172489,0.0943848,3096449
291900,0.0503610,0.8590614,0.0865920,0.0859057,3096449
292000,0.0483307,0.8379101,0.0938344,0.0899960,3096449
292100,0.0454800,0.8314976,0.0946890,0.0861148,3096449
292200,0.0217811,0.9266688,0.0424011,0.0684558,3096449
292300,0.0298499,0.8667527,0.0712089,0.0890614,3096449
292400,0.0230290,0.9242663,0.0441109,0.0726977,3096449
292500,0.0444354,0.8877243,0.0715715,0.0841750,3096449
292600,0.0094466,0.9729410,0.0164915,0.0594681,3104551
292700,0.0526668,0.7904078,0.1154370,0.0935250,3104551
292800,0.0281659,0.8792957,0.0651813,0.0790775,3104551
292900,0.0329342,0.8833719,0.0664118,0.0882988,3104551
293000,0.0436161,0.8701077,0.0781266,0.1061276,3104551
293100,0.0560474,0.8439859,0.0960341,0.0917394,3104551
293200,0.0385579,0.9005307,0.0629224,0.0830706,3104551
293300,0.0507138,0.8326054,0.0973861,0.0938333,3104551
293400,0.0648147,0.7441771,0.1412180,0.0972426,3104551
293500,0.0376199,0.8362044,0.0880902,0.0945853,3104551
293600,0.0791839,0.7913308,0.1309780,0.0889344,3104551
293700,0.0541803,0.7532949,0.1311902,0.1288051,3104551
293800,0.0360966,0.7797831,0.1097447,0.0920733,3104551
293900,0.0488540,0.8104913,0.1051159,0.0959010,3104551
294000,0.0315187,0.9010944,0.0584734,0.0801002,3104551
294100,0.0565575,0.8162806,0.1074223,0.0946946,3104551
294200,0.0468881,0.8520738,0.0873033,0.0947803,3104551
294300,0.0206695,0.9630821,0.0271689,0.0704828,3104551
294400,0.0181253,0.9201397,0.0428193,0.0703528,3104551
294500,0.0489678,0.8568228,0.0866515,0.1039298,3104551
294600,0.0437596,0.8719629,0.0774706,0.0761118,3104551
294700,0.0487000,0.8262106,0.0987358,0.0919207,3104551
294800,0.0163299,0.8996140,0.0499524,0.0825691,3108398
294900,0.0483492,0.8137136,0.1035241,0.1131734,3108398
295000,0.0615282,0.7609150,0.1325509,0.1178240,3108398
295100,0.0268547,0.8763207,0.0655845,0.0852833,3108398
295200,0.0463411,0.8453684,0.0896573,0.0954243,3108398
295300,0.0309599,0.8736742,0.0691063,0.0729926,3108398
295400,0.0601891,0.7528136,0.1349880,0.1154764,3108398
295500,0.0570833,0.7838277,0.1207189,0.1068718,3108398
295600,0.0218312,0.8604710,0.0689103,0.0887900,3108398
295700,0.0448522,0.8611627,0.0824462,0.0964612,3108398
295800,0.0542038,0.8164365,0.1059477,0.0983797,3108398
295900,0.0431477,0.7927614,0.1087840,0.1017350,3108398
296000,0.0585257,0.7468133,0.1363901,0.1133875,3108398
296100,0.0207775,0.9533574,0.0311235,0.0804188,3108398
296200,0.0579261,0.8147801,0.1088436,0.0878466,3108398
296300,0.0451008,0.8147118,0.1011757,0.0978410,3108398
296400,0.0427025,0.8110706,0.1011932,0.0924305,3108398
296500,0.0536577,0.7975559,0.1131722,0.0920437,3108398
296600,0.0280739,0.8153477,0.0907053,0.0907738,3108398
296700,0.0676977,0.6748679,0.1706715,0.1403910,3108398
296800,0.0486735,0.8675343,0.0821904,0.0807459,3108398
296900,0.0443339,0.8589748,0.0830105,0.0982211,3108398
297000,0.0504463,0.8505756,0.0900375,0.0845709,3115978
297100,0.0507768,0.8104996,0.1062662,0.0929386,3115978
297200,0.0439237,0.7867213,0.1116657,0.0912278,3115978
297300,0.0656548,0.6435148,0.1819870,0.1275623,3115978
297400,0.0262894,0.8394703,0.0799855,0.0852955,3115978
297500,0.0629755,0.7563978,0.1352262,0.1247545,3115978
297600,0.0440706,0.7502133,0.1263570,0.1004463,3115978
297700,0.0330094,0.8373152,0.0848795,0.0933567,3115978
297800,0.0438472,0.8613939,0.0817508,0.1072170,3115978
297900,0.0354348,0.8741086,0.0716174,0.0855496,3115978
298000,0.0584443,0.8422704,0.0981584,0.0876739,3115978
298100,0.0254563,0.8686761,0.0678034,0.0839356,3115978
298200,0.0245857,0.8744882,0.0649562,0.1126683,3115978
298300,0.0394211,0.8495011,0.0838522,0.1044037,3115978
298400,0.0645224,0.7571992,0.1358338,0.1242584,3115978
298500,0.0758720,0.7280557,0.1543009,0.1118223,3115978
298600,0.0491840,0.7465078,0.1309073,0.1284658,3115978
298700,0.0265684,0.8220371,0.0871262,0.1046397,3115978
298800,0.0318612,0.9065456,0.0564985,0.0905418,3115978
298900,0.0606336,0.7285962,0.1449417,0.1145901,3115978
299000,0.0407712,0.8055848,0.1022288,0.0897308,3115978
299100,0.0397571,0.8884731,0.0684650,0.0905752,3115978
299200,0.0516526,0.7386543,0.1355299,0.1108011,3115738
299300,0.3485254,0.1349686,0.5551278,0.5807420,3115738
299400,0.5768444,0.3400834,0.6100733,0.5917217,3115738
299500,0.4129573,0.2285649,0.5563484,0.5458357,3115738
299600,0.3688951,0.5592580,0.3976339,0.4331699,3115738
299700,0.2635123,0.2688347,0.4505735,0.4406123,3115738
299800,0.1828641,0.4491496,0.3300586,0.3353241,3115738
299900,0.2386255,0.4997460,0.3432769,0.3656607,3115738
300000,0.2066892,0.6064669,0.2814268,0.3253229,3115738
300100,0.1748204,0.6624737,0.2399028,0.2605043,3115738
300200,0.1830371,0.3805750,0.3575923,0.3273459,3115738
300300,0.2101429,0.5053276,0.3239547,0.2598708,3115738
300400,0.0647855,0.8491699,0.0992034,0.1954246,3115738
300500,0.1532335,0.5450060,0.2739377,0.2540303,3115738
300600,0.1148005,0.7158449,0.1825423,0.2000443,3115738
300700,0.0901853,0.6747465,0.1842126,0.2168119,3115738
300800,0.1019920,0.6707762,0.1928847,0.2166963,3115738
300900,0.1560321,0.6612379,0.2291241,0.2040524,3115738
301000,0.0961455,0.6787515,0.1861867,0.1948498,3115738
301100,0.0908262,0.7076573,0.1714328,0.1812143,3115738
301200,0.0900715,0.7443979,0.1562837,0.1864977,3115738
301300,0.0832616,0.6525602,0.1889329,0.1881947,3115738
301400,0.1057374,0.7044408,0.1816661,0.1797666,3189897
301500,0.0912210,0.6320410,0.2019162,0.2005490,3189897
301600,0.0828818,0.7501304,0.1496769,0.1642080,3189897
301700,0.0847631,0.6460795,0.1924261,0.1661549,3189897
301800,0.0378665,0.8176925,0.0956429,0.1291023,3189897
301900,0.0777686,0.7504964,0.1464626,0.1441536,3189897
302000,0.0720471,0.7669429,0.1364511,0.1289136,3189897
302100,0.0589389,0.7585722,0.1319345,0.1303431,3189897
302200,0.0858864,0.6524574,0.1905489,0.1554068,3189897
302300,0.0527345,0.8377264,0.0965502,0.1168921,3189897
302400,0.0427357,0.8533926,0.0842844,0.0977901,3189897
302500,0.0658309,0.7502579,0.1393954,0.1383817,3189897
302600,0.0567135,0.7880583,0.1188048,0.1275548,3189897
302700,0.0549496,0.8081375,0.1097148,0.1107108,3189897
302800,0.0560839,0.7767622,0.1229454,0.1355632,3189897
302900,0.0459817,0.8928494,0.0704493,0.1028502,3189897
303000,0.0550433,0.8157600,0.1067220,0.1176148,3189897
303100,0.0490936,0.7844808,0.1156639,0.1247110,3189897
303200,0.0530495,0.8744175,0.0820627,0.1002505,3189897
303300,0.0676927,0.7706864,0.1323411,0.1130627,3189897
303400,0.0504811,0.8548639,0.0883431,0.1129956,3189897
303500,0.0441326,0.8511734,0.0860102,0.0830303,3189897
303600,0.0529443,0.8636897,0.0862907,0.1121423,3231848
303700,0.0593221,0.8013867,0.1150386,0.0847343,3231848
303800,0.0646479,0.7988656,0.1192425,0.1058862,3231848
303900,0.0412157,0.8788027,0.0732084,0.0826701,3231848
304000,0.0415239,0.8358837,0.0905608,0.1012166,3231848
304100,0.0419364,0.8526446,0.0841040,0.0998613,3231848
304200,0.0727698,0.6111061,0.1992195,0.1395082,3231848
304300,0.0575611,0.8001451,0.1144786,0.1076765,3231848
304400,0.0669438,0.6403531,0.1840251,0.1274837,3231848
304500,0.0468929,0.7964298,0.1095638,0.1085966,3231848
304600,0.0308776,0.8688895,0.0709708,0.0967994,3231848
304700,0.0539095,0.7547556,0.1304435,0.1094478,3231848
304800,0.0681871,0.6735756,0.1714820,0.1333113,3231848
304900,0.0578397,0.8433222,0.0973750,0.1180585,3231848
305000,0.0193215,0.9174199,0.0446249,0.0706527,3231848
305100,0.0458247,0.7775912,0.1164584,0.1092224,3231848
305200,0.0587991,0.7690407,0.1276632,0.1191345,3231848
305300,0.0296536,0.8352550,0.0836902,0.1010235,3231848
305400,0.0544004,0.8389109,0.0970758,0.0942153,3231848
305500,0.0405051,0.8100460,0.1002847,0.1156348,3231848
305600,0.0487815,0.8490554,0.0896467,0.1006299,3231848
305700,0.0606129,0.8016627,0.1157027,0.1088014,3231848
305800,0.0253618,0.8126284,0.0901657,0.0965407,3231848
305900,0.0601171,0.8530191,0.0948626,0.0869310,3241384
306000,0.0379429,0.7969991,0.1039661,0.0842213,3241384
306100,0.0966945,0.6804956,0.1858184,0.1329738,3241384
306200,0.0502409,0.7654980,0.1239453,0.1091530,3241384
306300,0.0279195,0.8646946,0.0708739,0.0990474,3241384
306400,0.0344288,0.8684780,0.0732661,0.0816348,3241384
306500,0.0436598,0.8810898,0.0737600,0.0859817,3241384
306600,0.0308437,0.8523538,0.0775647,0.0813087,3241384
306700,0.0596869,0.7253977,0.1456531,0.1096765,3241384
306800,0.0683212,0.8064075,0.1184297,0.1155598,3241384
306900,0.0341376,0.8279759,0.0892922,0.0920199,3241384
307000,0.0303762,0.8668656,0.0714795,0.0822737,3241384
307100,0.0311829,0.9095719,0.0548810,0.0896228,3241384
307200,0.0214307,0.8841813,0.0591859,0.0925638,3241384
307300,0.0424228,0.8413516,0.0889130,0.0953093,3241384
307400,0.0339590,0.8573655,0.0774292,0.0902876,3241384
307500,0.0360459,0.8138754,0.0960774,0.0895508,3241384
307600,0.0524909,0.8167410,0.1047981,0.1192673,3241384
307700,0.0423582,0.8400265,0.0894043,0.1040707,3241384
307800,0.0565011,0.7743086,0.1241772,0.1106493,3241384
307900,0.0482000,0.8310401,0.0965039,0.0975319,3241384
308000,0.0479201,0.7580817,0.1255194,0.1250887,3241384
308100,0.0315002,0.8289654,0.0873140,0.0777838,3244752
308200,0.0525776,0.7755278,0.1213354,0.1120633,3244752
308300,0.0556420,0.7948692,0.1154375,0.1085223,3244752
308400,0.0200925,0.9254142,0.0418898,0.0670229,3244752
308500,0.0291750,0.7691176,0.1098579,0.1071976,3244752
308600,0.0481765,0.7475240,0.1298963,0.1082246,3244752
308700,0.0594747,0.7591749,0.1320148,0.0987087,3244752
308800,0.0369982,0.8251396,0.0921431,0.1110555,3244752
308900,0.0548780,0.8031826,0.1116538,0.0933961,3244752
309000,0.0484204,0.8629578,0.0838691,0.1164921,3244752
309100,0.0488597,0.7766958,0.1186375,0.1014493,3244752
309200,0.0435550,0.8551037,0.0840915,0.0893897,3244752
309300,0.0332200,0.8751191,0.0698843,0.0806695,3244752
309400,0.0499457,0.8144808,0.1041751,0.0882020,3244752
309500,0.0487676,0.8038038,0.1077390,0.1120676,3244752
309600,0.0679590,0.6434492,0.1833957,0.1288375,3244752
309700,0.0545291,0.7681118,0.1254727,0.1131677,3244752
309800,0.0504034,0.8381231,0.0949928,0.0861585,3244752
309900,0.0574791,0.8377422,0.0993906,0.0942369,3244752
310000,0.0548671,0.8039708,0.1113319,0.1104956,3244752
310100,0.0530304,0.8663267,0.0852876,0.1012291,3244752
310200,0.0353677,0.8662410,0.0747242,0.1003764,3244752
310300,0.0372521,0.8037407,0.1008550,0.0923173,3255845
310400,0.0251845,0.8423820,0.0781579,0.0780310,3255845
310500,0.0454677,0.8399954,0.0912825,0.1014462,3255845
310600,0.0424232,0.8865990,0.0708143,0.1015478,3255845
310700,0.0397717,0.7128705,0.1387148,0.1167828,3255845
310800,0.0219046,0.8941188,0.0554952,0.0687416,3255845
310900,0.0280247,0.8188256,0.0892846,0.0934963,3255845
311000,0.0516295,0.8702322,0.0828848,0.0835417,3255845
311100,0.0434224,0.8682770,0.0787427,0.0909123,3255845
311200,0.0366668,0.8749501,0.0720200,0.0973369,3255845
311300,0.0491385,0.8717104,0.0807989,0.0824580,3255845
311400,0.0355979,0.7310610,0.1289343,0.1056762,3255845
311500,0.0705236,0.8411150,0.1058682,0.1063973,3255845
311600,0.0394954,0.8480227,0.0844882,0.0876994,3255845
311700,0.0492714,0.8311502,0.0971027,0.0969876,3255845
311800,0.0614598,0.7478471,0.1377370,0.1107893,3255845
311900,0.0480998,0.8794932,0.0770626,0.0990235,3255845
312000,0.0556763,0.8021334,0.1125524,0.1266159,3255845
312100,0.0409569,0.8330528,0.0913530,0.1101052,3255845
312200,0.0579193,0.7928137,0.1176261,0.1131885,3255845
312300,0.0206150,0.9466982,0.0336897,0.0742834,3255845
312400,0.0940535,0.7597814,0.1525195,0.1143662,3255845
312500,0.0555375,0.7697039,0.1254410,0.0994012,3263408
312600,0.0466005,0.8176317,0.1009076,0.0864320,3263408
312700,0.0598234,0.8089708,0.1123057,0.1088517,3263408
312800,0.0392047,0.8614130,0.0789576,0.0903480,3263408
312900,0.0613303,0.8641573,0.0911353,0.0756399,3263408
313000,0.0506086,0.8619761,0.0855747,0.0844477,3263408
313100,0.0321346,0.9174023,0.0523198,0.0663964,3263408
313200,0.0240607,0.8767571,0.0637335,0.0760894,3263408
313300,0.0287521,0.8999951,0.0572532,0.0697328,3263408
313400,0.0329046,0.8549299,0.0777708,0.0958408,3263408
313500,0.0415256,0.8867795,0.0702036,0.0847797,3263408
313600,0.0207673,0.8747041,0.0625788,0.0832386,3263408
313700,0.0423392,0.8685296,0.0779917,0.0782411,3263408
313800,0.0399463,0.8549648,0.0819819,0.0862807,3263408
313900,0.0460657,0.8687801,0.0801274,0.0819951,3263408
314000,0.0583124,0.8342516,0.1012868,0.1064177,3263408
314100,0.0500498,0.8635686,0.0846024,0.0819163,3263408
314200,0.0629016,0.7263557,0.1471987,0.1097313,3263408
314300,0.0516207,0.8322623,0.0980675,0.1010684,3263408
314400,0.0402986,0.8489055,0.0846170,0.0849902,3263408
314500,0.0464846,0.8683671,0.0805440,0.0810876,3263408
314600,0.0777496,0.7564412,0.1440733,0.1060127,3263408
314700,0.0366763,0.8764457,0.0714275,0.1004247,3270646
314800,0.0491792,0.8362913,0.0949910,0.0986589,3270646
314900,0.0397424,0.8102647,0.0997395,0.0958410,3270646
315000,0.0388636,0.8627695,0.0782104,0.0856230,3270646
315100,0.0437886,0.8743591,0.0765295,0.0874601,3270646
315200,0.0295421,0.8467252,0.0790352,0.0874251,3270646
315300,0.0527623,0.7362770,0.1371466,0.1206399,3270646
315400,0.0248443,0.8671670,0.0680398,0.0882302,3270646
315500,0.0301675,0.8664606,0.0715163,0.0895891,3270646
315600,0.0450295,0.7464612,0.1284333,0.1323547,3270646
315700,0.0611236,0.7577517,0.1335735,0.1041734,3270646
315800,0.0507369,0.8748465,0.0805036,0.1000863,3270646
315900,0.0298134,0.9155383,0.0516727,0.0692172,3270646
316000,0.0334644,0.7310050,0.1276767,0.0963225,3270646
316100,0.0394991,0.8300579,0.0916763,0.1160795,3270646
316200,0.0543617,0.8121501,0.1077570,0.0954685,3270646
316300,0.0517984,0.7430873,0.1338441,0.1238490,3270646
316400,0.0559897,0.7038246,0.1520640,0.1072154,3270646
316500,0.0484409,0.8691053,0.0814224,0.1016795,3270646
316600,0.0204352,0.9529577,0.0310780,0.0765719,3270646
316700,0.1020377,0.7709918,0.1528259,0.1179954,3270646
316800,0.0518505,0.8554071,0.0889474,0.0967066,3270646
316900,0.0350696,0.7730877,0.1118066,0.1023966,3268747
317000,0.0398808,0.7741753,0.1142584,0.1115668,3268747
317100,0.0270524,0.9087664,0.0527249,0.0914686,3268747
317200,0.0528168,0.8151335,0.1056367,0.1068502,3268747
317300,0.0480667,0.8835663,0.0754135,0.0933097,3268747
317400,0.0580941,0.7845756,0.1210262,0.1041303,3268747
317500,0.0556022,0.8022740,0.1124517,0.0936670,3268747
317600,0.0247154,0.8519191,0.0740616,0.0879590,3268747
317700,0.0137558,0.9448779,0.0303023,0.0702354,3268747
317800,0.0195166,0.9159084,0.0453466,0.0782396,3268747
317900,0.0517717,0.8371844,0.0961893,0.1091698,3268747
318000,0.0352447,0.8003309,0.1010145,0.0982221,3268747
318100,0.0225437,0.8929699,0.0563383,0.0798486,3268747
318200,0.0406751,0.8191067,0.0967624,0.0956966,3268747
318300,0.0534129,0.8256854,0.1017736,0.0900329,3268747
318400,0.0587292,0.8331125,0.1019926,0.0974273,3268747
318500,0.0545139,0.7783946,0.1213505,0.0987740,3268747
318600,0.0525365,0.8299239,0.0995524,0.0964943,3268747
318700,0.0316952,0.9013791,0.0584655,0.0788310,3268747
318800,0.0288627,0.8423681,0.0803704,0.0891246,3268747
318900,0.0289362,0.8429148,0.0801958,0.0877508,3268747
319000,0.0249701,0.9068104,0.0522579,0.0919929,3268747
319100,0.0579747,0.8566099,0.0921409,0.1118844,3268747
319200,0.0554492,0.7039843,0.1516758,0.1186076,3267551
319300,0.0378114,0.8912665,0.0661802,0.0984507,3267551
319400,0.0294533,0.8556547,0.0754101,0.0889999,3267551
319500,0.0389832,0.8787009,0.0719096,0.0965096,3267551
319600,0.0331060,0.8791089,0.0682200,0.0786680,3267551
319700,0.0525295,0.7467784,0.1328064,0.1047710,3267551
319800,0.0556159,0.8386655,0.0979033,0.1000644,3267551
319900,0.0371322,0.8556682,0.0800121,0.0961950,3267551
320000,0.0631454,0.8451972,0.0998084,0.0889669,3267551
320100,0.0380701,0.7754904,0.1126459,0.0987874,3267551
320200,0.0668395,0.6936389,0.1626481,0.1269445,3267551
320300,0.0424228,0.8753588,0.0753102,0.0866107,3267551
320400,0.0615384,0.7238880,0.1473678,0.1204568,3267551
320500,0.0638486,0.7407354,0.1420150,0.1195249,3267551
320600,0.0314993,0.8218111,0.0901752,0.0966021,3267551
320700,0.0219737,0.8654914,0.0669876,0.0827268,3267551
320800,0.0365020,0.8535837,0.0804677,0.0835260,3267551
320900,0.0433717,0.8616047,0.0813811,0.0921922,3267551
321000,0.0458203,0.8688020,0.0799714,0.0759497,3267551
321100,0.0733890,0.7371863,0.1491589,0.1169024,3267551
321200,0.0312093,0.8737663,0.0692190,0.0848679,3267551
321300,0.0264905,0.8396487,0.0800348,0.0987101,3267551
321400,0.0582342,0.8162521,0.1084397,0.0985018,3272690
321500,0.0256003,0.8478860,0.0762058,0.0804494,3272690
321600,0.0265565,0.9106436,0.0516764,0.0867714,3272690
321700,0.0531663,0.8406546,0.0956379,0.0860004,3272690
321800,0.0482841,0.8191446,0.1013126,0.0976191,3272690
321900,0.0413564,0.8350030,0.0908126,0.0851708,3272690
322000,0.0435740,0.8744990,0.0763448,0.0863658,3272690
322100,0.0311167,0.8070503,0.0958499,0.1053642,3272690
322200,0.0468798,0.7904063,0.1119653,0.0884496,3272690
322300,0.0418224,0.8947183,0.0672061,0.0774349,3272690
322400,0.0548648,0.8366790,0.0982473,0.1014456,3272690
322500,0.0508801,0.8839874,0.0769331,0.0853483,3272690
322600,0.0545223,0.7848890,0.1187578,0.1091321,3272690
322700,0.0567394,0.7719558,0.1252613,0.1153960,3272690
322800,0.0469642,0.8689741,0.0805889,0.0891722,3272690
322900,0.0479438,0.8023283,0.1078350,0.0957053,3272690
323000,0.0502111,0.7939948,0.1125288,0.0953583,3272690
323100,0.0629300,0.7643495,0.1320182,0.1128192,3272690
323200,0.0446181,0.8746192,0.0769232,0.0949776,3272690
323300,0.0360130,0.8763757,0.0710576,0.0764181,3272690
323400,0.0324601,0.8656749,0.0732061,0.0889913,3272690
323500,0.0463094,0.8668245,0.0810559,0.0988680,3272690
323600,0.0356842,0.8629193,0.0762428,0.1027368,3269363
323700,0.0528142,0.7851827,0.1176155,0.1129768,3269363
323800,0.0243128,0.8994574,0.0548047,0.0910632,3269363
323900,0.0264148,0.8483605,0.0765047,0.0898875,3269363
324000,0.0309639,0.8226386,0.0895229,0.0853343,3269363
324100,0.0618257,0.7285658,0.1456691,0.1145070,3269363
324200,0.0403776,0.8599395,0.0802508,0.0951648,3269363
324300,0.0474872,0.8356147,0.0942465,0.0831774,3269363
324400,0.0198340,0.8787301,0.0604083,0.0716774,3269363
324500,0.0270346,0.8648062,0.0702983,0.0744565,3269363
324600,0.0552037,0.7535374,0.1317073,0.1099016,3269363
324700,0.0640953,0.7106260,0.1542068,0.1331796,3269363
324800,0.0347037,0.8545721,0.0789934,0.0947929,3269363
324900,0.0369690,0.8596147,0.0783355,0.0980544,3269363
325000,0.0493204,0.8695722,0.0817633,0.1019206,3269363
325100,0.0336328,0.8633052,0.0748576,0.0877797,3269363
325200,0.0349769,0.8898696,0.0650383,0.0785210,3269363
325300,0.0632523,0.7503508,0.1378111,0.1096954,3269363
325400,0.0485316,0.8711261,0.0806685,0.0885803,3269363
325500,0.0571041,0.8309350,0.1018885,0.0889817,3269363
325600,0.0627901,0.7122600,0.1527701,0.1332054,3269363
325700,0.0501355,0.7712033,0.1216000,0.1142200,3269363
325800,0.0466852,0.8119480,0.1032319,0.1050365,3267769
325900,0.0648487,0.7491140,0.1392636,0.1321544,3267769
326000,0.0461100,0.8896819,0.0717933,0.0886513,3267769
326100,0.0342562,0.8253599,0.0904098,0.0968011,3267769
326200,0.0454048,0.8332171,0.0939560,0.0818745,3267769
326300,0.0462392,0.8281929,0.0964664,0.0973342,3267769
326400,0.0456690,0.7892358,0.1117071,0.1015727,3267769
326500,0.0521383,0.7939980,0.1136838,0.1055320,3267769
326600,0.0450544,0.8716263,0.0783821,0.0780577,3267769
326700,0.0434803,0.8767487,0.0753887,0.0736596,3267769
326800,0.0514958,0.7879035,0.1157361,0.1037334,3267769
326900,0.0585788,0.8002411,0.1150508,0.0983778,3267769
327000,0.0420966,0.8350134,0.0912526,0.0938222,3267769
327100,0.0554070,0.8126470,0.1081854,0.0911976,3267769
327200,0.0409242,0.7307608,0.1322502,0.1156849,3267769
327300,0.0275526,0.9135240,0.0511220,0.0738357,3267769
327400,0.0483885,0.8623701,0.0840851,0.1052858,3267769
327500,0.0362609,0.8033987,0.1003970,0.0966116,3267769
327600,0.0394088,0.8309880,0.0912501,0.0838106,3267769
327700,0.0268887,0.8327066,0.0830506,0.0949033,3267769
327800,0.0416711,0.7333321,0.1316698,0.1119777,3267769
327900,0.0400804,0.8568561,0.0813058,0.1036684,3267769
328000,0.0530932,0.7349126,0.1378909,0.1077159,3272612
328100,0.0478294,0.8631092,0.0834540,0.0973412,3272612
328200,0.0552508,0.7972485,0.1142511,0.1015767,3272612
328300,0.0425556,0.8217274,0.0968424,0.0890546,3272612
328400,0.0501139,0.8120949,0.1052303,0.0990609,3272612
328500,0.0607805,0.7177742,0.1493586,0.1161383,3272612
328600,0.0175155,0.9520763,0.0296788,0.0693198,3272612
328700,0.0233982,0.8626821,0.0689661,0.0726084,3272612
328800,0.0412488,0.7155535,0.1385279,0.1132806,3272612
328900,0.0481584,0.8517711,0.0881866,0.0919527,3272612
329000,0.0410741,0.8812009,0.0721641,0.0886203,3272612
329100,0.0561121,0.7856395,0.1194115,0.0975815,3272612
329200,0.0269225,0.9070461,0.0533350,0.0782793,3272612
329300,0.0368300,0.8431745,0.0848282,0.0857513,3272612
329400,0.0226187,0.8503566,0.0734286,0.0875429,3272612
329500,0.0533562,0.8287414,0.1005172,0.0972700,3272612
329600,0.0399712,0.9026682,0.0629154,0.0954092,3272612
329700,0.0449848,0.8721784,0.0781195,0.0838069,3272612
329800,0.0589766,0.6896394,0.1595302,0.1243864,3272612
329900,0.0263230,0.8976699,0.0567258,0.0802145,3272612
330000,0.0517000,0.8190388,0.1034045,0.1140531,3272612
330100,0.0211304,0.8779457,0.0615000,0.0848966,3272612
330200,0.0319795,0.7835289,0.1057761,0.0915683,3273235
330300,0.0367927,0.8372740,0.0871661,0.0935443,3273235
330400,0.0592874,0.6743103,0.1658483,0.1299564,3273235
330500,0.0495495,0.8762767,0.0792190,0.0883215,3273235
330600,0.0476389,0.8740197,0.0789755,0.0725737,3273235
330700,0.0478118,0.7384579,0.1333040,0.1123992,3273235
330800,0.0645300,0.7011981,0.1582388,0.1148417,3273235
330900,0.0400462,0.8529842,0.0828341,0.1011261,3273235
331000,0.0455199,0.8912643,0.0708062,0.0905963,3273235
331100,0.0444346,0.7402010,0.1305804,0.1014522,3273235
331200,0.0549750,0.7915195,0.1163772,0.0954169,3273235
331300,0.0325004,0.8339112,0.0859358,0.1148408,3273235
331400,0.0428468,0.8161043,0.0992664,0.0960317,3273235
331500,0.0368546,0.8640363,0.0764982,0.0904029,3273235
331600,0.0548944,0.8337569,0.0994339,0.0927970,3273235
331700,0.0411737,0.7976642,0.1056386,0.0947971,3273235
331800,0.0342380,0.8661337,0.0740893,0.0823698,3273235
331900,0.0513486,0.8743908,0.0810529,0.0866065,3273235
332000,0.0595795,0.7753321,0.1256149,0.1049963,3273235
332100,0.0542840,0.8382751,0.0972604,0.0881155,3273235
332200,0.0376951,0.8632762,0.0773066,0.0897619,3273235
332300,0.0503146,0.8225436,0.1011713,0.0945369,3273235
332400,0.0297806,0.8653250,0.0717384,0.1102062,3273235
332500,0.0250231,0.9123695,0.0500661,0.0776395,3273550
332600,0.0608049,0.7095618,0.1526582,0.1355396,3273550
332700,0.0572673,0.7404936,0.1381629,0.1313500,3273550
332800,0.0501360,0.8477796,0.0909697,0.0864855,3273550
332900,0.0566037,0.7399136,0.1379968,0.0960887,3273550
333000,0.0306681,0.8664154,0.0718347,0.0874259,3273550
333100,0.0477649,0.7788304,0.1171268,0.1048538,3273550
333200,0.0258058,0.8393369,0.0797487,0.0844461,3273550
333300,0.0545318,0.7165194,0.1461113,0.1198963,3273550
333400,0.0358750,0.8499269,0.0815542,0.0875451,3273550
333500,0.0365743,0.8804920,0.0697478,0.0834056,3273550
333600,0.0192592,0.9088251,0.0480255,0.0807669,3273550
333700,0.0397356,0.8586749,0.0803714,0.0811235,3273550
333800,0.0494556,0.8447903,0.0917573,0.0832220,3273550
333900,0.0477557,0.7430294,0.1314417,0.1114283,3273550
334000,0.0545551,0.8499508,0.0927527,0.0963128,3273550
334100,0.0496134,0.8206681,0.1015008,0.1037694,3273550
334200,0.0418943,0.8844355,0.0713624,0.0912377,3273550
334300,0.0488869,0.8263454,0.0987940,0.1033852,3273550
334400,0.0298586,0.7484339,0.1185416,0.1056319,3273550
334500,0.0511034,0.8598869,0.0867073,0.0974590,3273550
334600,0.0238327,0.8956330,0.0560464,0.1000663,3273550
334700,0.0558614,0.7927084,0.1164335,0.0967958,3273550
334800,0.0235161,0.9026883,0.0530343,0.0983908,3273550
334900,0.0610262,0.6783564,0.1652732,0.1330373,3273550
335000,0.0424666,0.8526503,0.0844198,0.0916715,3273550
335100,0.0438382,0.8873965,0.0713443,0.0797176,3273550
335200,0.0282227,0.8749797,0.0669417,0.0799670,3273550
335300,0.0560162,0.7858760,0.1192593,0.1008332,3273550
335400,0.0392147,0.8654132,0.0773635,0.0828804,3273550
335500,0.0519578,0.8440301,0.0935626,0.0827769,3273550
335600,0.0440887,0.8360146,0.0920474,0.1111609,3273550
335700,0.0288070,0.8534329,0.0759111,0.0805107,3273550
335800,0.0322921,0.8463236,0.0808458,0.0872782,3273550
335900,0.0499719,0.8208656,0.1016369,0.1065294,3273550
336000,0.0429228,0.8408515,0.0894131,0.0958487,3273550
336100,0.0528689,0.8229047,0.1025594,0.0947400,3273550
336200,0.0340846,0.8669121,0.0736859,0.0920617,3273550
336300,0.0206856,0.9319042,0.0396497,0.0638832,3273550
336400,0.0481765,0.8195446,0.1010881,0.0858987,3273550
336500,0.0527918,0.8466604,0.0930109,0.0916750,3273550
336600,0.0542420,0.8446611,0.0946808,0.0977356,3273550
336700,0.0364539,0.8292474,0.0901734,0.0861454,3273550
336800,0.0463654,0.8590320,0.0842064,0.1027908,3273550
336900,0.0334992,0.8675998,0.0730596,0.0784624,3273550
337000,0.0388153,0.8130655,0.0980630,0.0913579,3273550
337100,0.0477306,0.8694372,0.0808635,0.0824138,3273550
337200,0.0293362,0.8925987,0.0605623,0.0749953,3273550
337300,0.0423397,0.7408412,0.1290673,0.1038247,3273550
337400,0.0255142,0.8680297,0.0680966,0.0638960,3273550
337500,0.0515510,0.8465279,0.0923194,0.0958433,3273550
337600,0.0558698,0.7978680,0.1143747,0.1074213,3273550
337700,0.0423350,0.7380910,0.1301646,0.1146690,3273550
337800,0.0445073,0.8443121,0.0889795,0.0926940,3273550
337900,0.0259745,0.8902347,0.0594908,0.0748017,3273550
338000,0.0246104,0.8926618,0.0577015,0.0784235,3273550
338100,0.0429741,0.8350300,0.0917725,0.0968061,3273550
338200,0.0400849,0.8224711,0.0950625,0.0959983,3273550
338300,0.0593252,0.6763550,0.1650531,0.1146793,3273550
338400,0.0907317,0.7736430,0.1449818,0.1075496,3273550
338500,0.0562477,0.7385854,0.1383144,0.1116174,3273550
338600,0.0416134,0.7859456,0.1105898,0.1065883,3273550
338700,0.0454603,0.8270640,0.0964506,0.1081034,3273550
338800,0.0398591,0.7793132,0.1121902,0.1086510,3273550
338900,0.0634538,0.6508361,0.1777378,0.1425197,3273550
339000,0.0476915,0.8402688,0.0925074,0.0908276,3273550
339100,0.0627550,0.7442781,0.1399418,0.1005625,3273550
339200,0.0261216,0.9475251,0.0366629,0.0614052,3273550
339300,0.0425363,0.8530550,0.0842998,0.0851997,3273550
339400,0.0246876,0.8848673,0.0608656,0.0845100,3273550
339500,0.0304696,0.8767144,0.0675960,0.0860960,3273550
339600,0.0483730,0.8449965,0.0910252,0.0866901,3273550
339700,0.0332881,0.8903815,0.0638203,0.0879026,3273550
339800,0.0580850,0.7602642,0.1307453,0.1249746,3273550
339900,0.0431937,0.8721689,0.0770487,0.0836901,3273550
340000,0.0471661,0.8591291,0.0846480,0.0857957,3273550
340100,0.0590045,0.6822423,0.1625057,0.1121803,3273550
340200,0.0331463,0.8950014,0.0618872,0.0874078,3273550
340300,0.0490617,0.8347736,0.0955276,0.0893337,3273550
340400,0.0491256,0.8451553,0.0914132,0.1057076,3273550
340500,0.0496199,0.8493759,0.0900216,0.0848399,3273550
340600,0.0504821,0.7348074,0.1363663,0.0999258,3273550
340700,0.0237691,0.8920895,0.0574257,0.0821997,3273550
340800,0.0463532,0.8321505,0.0949517,0.0940586,3273550
340900,0.0445224,0.8573275,0.0837825,0.0975494,3273550
341000,0.0458443,0.8680214,0.0802980,0.0970533,3273550
341100,0.0281780,0.8167911,0.0901904,0.0765150,3273550
341200,0.0191898,0.9131144,0.0462681,0.0652159,3273550
341300,0.0576761,0.8029529,0.1134245,0.0888966,3273550
341400,0.0282707,0.8405293,0.0807507,0.0763032,3273550
341500,0.0262414,0.9025086,0.0547414,0.0794503,3273550
341600,0.0507685,0.8083349,0.1071271,0.1016305,3273550
341700,0.0242920,0.8028474,0.0934363,0.0942654,3273550
341800,0.0231143,0.8986782,0.0543973,0.0834533,3273550
341900,0.0414476,0.8749528,0.0748874,0.0879111,3273550
342000,0.0379914,0.7092780,0.1390836,0.1200751,3273550
342100,0.0884931,0.7946640,0.1352302,0.1090479,3273550
342200,0.0510725,0.8237140,0.1011579,0.0809913,3273550
342300,0.0480770,0.7993603,0.1091021,0.0883165,3273550
342400,0.0358190,0.9024506,0.0605112,0.0842923,3273550
342500,0.0491852,0.8629794,0.0843194,0.0739817,3273550
342600,0.0305764,0.8855386,0.0641304,0.0747053,3273550
342700,0.0308269,0.9102201,0.0544081,0.0718217,3273550
342800,0.0449632,0.8946062,0.0691354,0.0718082,3273550
342900,0.0448022,0.8796543,0.0750196,0.0760412,3273550
343000,0.0539986,0.7153149,0.1462732,0.1159508,3273550
343100,0.0447740,0.8416690,0.0901968,0.0745749,3273550
343200,0.0212596,0.8759957,0.0623575,0.0720388,3273550
343300,0.0459137,0.8892795,0.0718364,0.0777433,3273550
343400,0.0376647,0.8953903,0.0644427,0.0785099,3273550
343500,0.0426986,0.7971019,0.1067784,0.0932477,3273550
343600,0.0475422,0.8448659,0.0905790,0.1068808,3273550
343700,0.0457021,0.8813461,0.0748828,0.0780769,3273550
343800,0.0475052,0.8405895,0.0922673,0.0784758,3273550
343900,0.0269025,0.9024523,0.0551606,0.0930933,3273550
344000,0.0519615,0.7915711,0.1145485,0.1011286,3273550
344100,0.0465205,0.7703558,0.1197700,0.0855518,3273550
344200,0.0324280,0.8141119,0.0938120,0.0807909,3273550
344300,0.0527855,0.8474875,0.0926763,0.0882414,3273550
344400,0.0502079,0.8200026,0.1021237,0.1205191,3273550
344500,0.0528985,0.7126687,0.1466717,0.1126086,3273550
344600,0.0395990,0.8851489,0.0696998,0.0952417,3273550
344700,0.0429839,0.8665249,0.0791804,0.0752810,3273550
344800,0.0466076,0.8138207,0.1024363,0.0932148,3273550
344900,0.0383284,0.8493079,0.0832739,0.0806284,3273550
345000,0.0657305,0.6459267,0.1810676,0.1309079,3273550
345100,0.0464173,0.8592858,0.0841360,0.0905763,3273550
345200,0.0271620,0.8759229,0.0659281,0.0772845,3273550
345300,0.0238305,0.9095126,0.0504933,0.0672225,3273550
345400,0.0575990,0.8557013,0.0922789,0.0781217,3273550
345500,0.0245391,0.8942102,0.0570394,0.0738086,3273550
345600,0.0521321,0.8627145,0.0861935,0.0952189,3273550
345700,0.0334575,0.8664070,0.0735117,0.0718235,3273550
345800,0.0433959,0.7994535,0.1062562,0.1034098,3273550
345900,0.0561123,0.8044451,0.1118893,0.0934293,3273550
346000,0.0482255,0.8844340,0.0751617,0.0759336,3273550
346100,0.0372390,0.7633292,0.1170117,0.0952739,3273550
346200,0.0406112,0.8807154,0.0720806,0.0728743,3273550
346300,0.0389126,0.8717807,0.0746353,0.0904429,3273550
346400,0.0316712,0.8846833,0.0651294,0.0872689,3273550
346500,0.0406631,0.8604942,0.0802002,0.0737183,3273550
346600,0.0432088,0.8965037,0.0673238,0.0748892,3273550
346700,0.0455531,0.8886397,0.0718760,0.0750287,3273550
346800,0.0245843,0.9017688,0.0540430,0.0895679,3273550
346900,0.0575174,0.8342053,0.1008283,0.0933683,3273550
347000,0.0354128,0.8862793,0.0667359,0.0783997,3273550
347100,0.0387765,0.8479103,0.0841018,0.0762651,3273550
347200,0.0232901,0.8917539,0.0572725,0.0650325,3273550
347300,0.0444550,0.8431362,0.0894186,0.0806839,3273550
347400,0.0336971,0.8890868,0.0645835,0.0774528,3273550
347500,0.0591607,0.7826719,0.1224277,0.0980686,3273550
347600,0.0501244,0.7907546,0.1137728,0.0963720,3273550
347700,0.0432218,0.8564004,0.0833729,0.0829897,3273550
347800,0.0231795,0.8880133,0.0587024,0.0638468,3273550
347900,0.0473251,0.8160297,0.1019832,0.0802761,3273550
348000,0.0440123,0.8658696,0.0800595,0.0885016,3273550
348100,0.0410518,0.8380091,0.0894274,0.0855240,3273550
348200,0.0459419,0.8329286,0.0943937,0.0863038,3273550
348300,0.0285987,0.8399445,0.0811814,0.0830482,3273550
348400,0.0428776,0.7772713,0.1148181,0.0918507,3273550
348500,0.0394211,0.8705364,0.0754381,0.0896803,3273550
348600,0.0442740,0.8924553,0.0695823,0.0714599,3273550
348700,0.0512925,0.8007997,0.1104556,0.0967835,3273550
348800,0.0247339,0.8735511,0.0654199,0.0696586,3273550
348900,0.0370973,0.8242466,0.0925597,0.1002697,3273550
349000,0.0388127,0.8842583,0.0695843,0.0791999,3273550
349100,0.0443452,0.8686039,0.0791656,0.1059709,3273550
349200,0.0403942,0.8324863,0.0912420,0.0858028,3273550
349300,0.0317093,0.8693981,0.0712664,0.0776353,3273550
349400,0.0440182,0.8718081,0.0776877,0.0706033,3273550
349500,0.0382758,0.8903408,0.0668292,0.0821366,3273550
349600,0.0340772,0.8010625,0.1000213,0.0862449,3273550
349700,0.0588454,0.6947030,0.1574260,0.1109365,3273550
349800,0.0485295,0.7875381,0.1141025,0.0938352,3273550
349900,0.0404707,0.8594794,0.0804907,0.0802506,3273550
350000,0.0442362,0.8318173,0.0938148,0.0958726,3273550
350100,0.0431014,0.8988562,0.0663184,0.0855819,3273550
350200,0.0558292,0.7443233,0.1357682,0.0980353,3273550
350300,0.0354087,0.7768948,0.1104873,0.1007128,3273550
350400,0.0466631,0.8424354,0.0910237,0.1071522,3273550
350500,0.0424296,0.8364750,0.0908677,0.0845995,3273550
350600,0.0265694,0.8576688,0.0728742,0.0777680,3273550
350700,0.0673646,0.7693450,0.1326807,0.1085222,3273550
350800,0.0356895,0.9070247,0.0586038,0.0745488,3273550
350900,0.0347876,0.8769679,0.0700854,0.0854496,3273550
351000,0.0466659,0.8270791,0.0971679,0.0874461,3273550
351100,0.0536987,0.8699703,0.0842311,0.0746597,3273550
351200,0.0351424,0.8822256,0.0681952,0.0677319,3273550
351300,0.0305639,0.8950387,0.0603229,0.0691808,3273550
351400,0.0419647,0.8771888,0.0743033,0.0753308,3273550
351500,0.0356352,0.8873184,0.0664538,0.0828511,3273550
351600,0.0334057,0.8955947,0.0618056,0.0705958,3273550
351700,0.0366237,0.8128341,0.0968406,0.0875682,3273550
351800,0.0419072,0.8922125,0.0682593,0.0684610,3273550
351900,0.0395951,0.9189366,0.0561824,0.0863112,3273550
352000,0.0354305,0.8983342,0.0619246,0.0867635,3273550
352100,0.0429398,0.8898637,0.0698184,0.0817218,3273550
352200,0.0325593,0.8838629,0.0659904,0.0825301,3273550
352300,0.0391898,0.8994211,0.0637454,0.0749950,3273550
352400,0.0446931,0.8018982,0.1060566,0.1001156,3273550
352500,0.0448839,0.8863851,0.0723763,0.0742049,3273550
352600,0.0497529,0.8796723,0.0779828,0.0747667,3273550
352700,0.0373229,0.9043961,0.0606353,0.0666962,3273550
352800,0.0233493,0.8984211,0.0546412,0.0761815,3273550
352900,0.0440261,0.8340901,0.0927796,0.0870328,3273550
353000,0.0548430,0.7928836,0.1157523,0.0945526,3273550
353100,0.0351711,0.9214790,0.0525110,0.0737832,3273550
353200,0.0450972,0.8771349,0.0762044,0.0757487,3273550
353300,0.0398608,0.8884299,0.0685445,0.0674222,3273550
353400,0.0242521,0.8882551,0.0592493,0.0723975,3273550
353500,0.0799401,0.7264385,0.1573887,0.1176903,3273550
353600,0.0322016,0.8058460,0.0969826,0.0817146,3273550
353700,0.0256519,0.9288417,0.0438545,0.0719856,3273550
353800,0.0340722,0.8713433,0.0719060,0.0838001,3273550
353900,0.0542472,0.7942216,0.1148596,0.0965192,3273550
354000,0.0467934,0.7926788,0.1110045,0.0902718,3273550
354100,0.0457912,0.8686564,0.0800121,0.0873123,3273550
354200,0.0830193,0.7271211,0.1589632,0.1140469,3273550
354300,0.0525447,0.8500784,0.0914955,0.0877445,3273550
354400,0.0294456,0.8809801,0.0652753,0.0757353,3273550
354500,0.0497791,0.8390803,0.0942354,0.0796159,3273550
354600,0.0408813,0.8438622,0.0869839,0.0817624,3273550
354700,0.0438360,0.8603204,0.0821735,0.0843262,3273550
354800,0.0474707,0.8692633,0.0807771,0.0758079,3273550
354900,0.0306794,0.8648064,0.0724851,0.0735821,3273550
355000,0.0434428,0.8821143,0.0732199,0.0842365,3273550
355100,0.0318364,0.8802038,0.0670203,0.0948399,3273550
355200,0.0391065,0.7681877,0.1161888,0.0889463,3273550
355300,0.0578331,0.7515167,0.1340932,0.0966185,3273550
355400,0.0284234,0.8882170,0.0617673,0.0787618,3273550
355500,0.0414812,0.8483609,0.0855444,0.0862307,3273550
355600,0.0577407,0.7999852,0.1146503,0.1040012,3273550
355700,0.0381647,0.8812801,0.0703868,0.0787325,3273550
355800,0.0232508,0.8940984,0.0563111,0.0796534,3273550
355900,0.0580891,0.6808795,0.1625016,0.1058696,3273550
356000,0.0318024,0.8463290,0.0805499,0.1050025,3273550
356100,0.0472310,0.8084006,0.1049783,0.0921592,3273550
356200,0.0492019,0.8040993,0.1078814,0.0914390,3273550
356300,0.0266874,0.9063838,0.0534590,0.0747528,3273550
356400,0.0449815,0.8223566,0.0980463,0.0948856,3273550
356500,0.0468522,0.8164608,0.1015270,0.0879559,3273550
356600,0.0520012,0.7319098,0.1384368,0.1001804,3273550
356700,0.0376481,0.8845110,0.0687845,0.0871405,3273550
356800,0.0119802,0.9428494,0.0300484,0.0679368,3273550
356900,0.0221873,0.8746510,0.0634520,0.0779258,3273550
357000,0.0314816,0.8917386,0.0621935,0.0682464,3273550
357100,0.0362492,0.8573403,0.0788134,0.0752106,3273550
357200,0.0262341,0.8574983,0.0727412,0.0780427,3273550
357300,0.0392471,0.9092745,0.0598385,0.0812585,3273550
357400,0.0379723,0.8319845,0.0899896,0.1116216,3273550
357500,0.0135538,0.9523157,0.0272060,0.0547749,3273550
357600,0.0536574,0.8058641,0.1098488,0.0962351,3273550
357700,0.0285713,0.8754576,0.0669597,0.0741158,3273550
357800,0.0212668,0.8330966,0.0795214,0.0786413,3273550
357900,0.0372002,0.8104382,0.0981449,0.0912764,3273550
358000,0.0457614,0.8389715,0.0918682,0.0855501,3273550
358100,0.0289306,0.8806490,0.0650987,0.0819020,3273550
358200,0.0230186,0.8834578,0.0604280,0.0919637,3273550
358300,0.0177848,0.9122744,0.0457611,0.0716394,3273550
358400,0.0433504,0.8473709,0.0870619,0.0958262,3273550
358500,0.0383454,0.8671842,0.0761336,0.0896672,3273550
358600,0.0413598,0.8744054,0.0750537,0.0865891,3273550
358700,0.0397071,0.8534430,0.0824471,0.0882165,3273550
358800,0.0573100,0.7997135,0.1145006,0.1000338,3273550
358900,0.0331102,0.8728204,0.0707380,0.0714599,3273550
359000,0.0511394,0.8790905,0.0790475,0.0795796,3273550
359100,0.0270076,0.8825293,0.0631928,0.0789446,3273550
359200,0.0398526,0.8758252,0.0735815,0.0709996,3273550
359300,0.0473583,0.8284897,0.0970191,0.0893195,3273550
359400,0.0424577,0.8412496,0.0889748,0.0677432,3273550
359500,0.0453280,0.7594819,0.1234041,0.0926238,3273550
359600,0.0389293,0.8420371,0.0865427,0.0936171,3273550
359700,0.0594069,0.6990995,0.1560044,0.1113579,3273550
359800,0.0253433,0.8728818,0.0660533,0.0689003,3273550
359900,0.0601438,0.8743639,0.0863407,0.0828821,3273550
360000,0.0596965,0.7491604,0.1361538,0.1003619,3273550
360100,0.0338470,0.9023139,0.0593826,0.0699669,3273550
360200,0.0475063,0.8008084,0.1081804,0.0813233,3273550
360300,0.0346722,0.8475618,0.0817786,0.0752393,3273550
360400,0.0190223,0.9219255,0.0426432,0.0710585,3273550
360500,0.0423473,0.9009676,0.0650214,0.0818809,3273550
360600,0.0209976,0.8901706,0.0565304,0.0836118,3273550
360700,0.0450414,0.8591691,0.0833572,0.0805585,3273550
360800,0.0483324,0.8149940,0.1030018,0.0888474,3273550
360900,0.0455351,0.8321375,0.0944661,0.0964233,3273550
361000,0.0406571,0.7574992,0.1213946,0.0873232,3273550
361100,0.0414631,0.8565694,0.0822501,0.0750826,3273550
361200,0.0370940,0.8160084,0.0958530,0.0996085,3273550
361300,0.0281111,0.9174491,0.0498870,0.0701642,3273550
361400,0.0520438,0.7004182,0.1510590,0.1142050,3273550
361500,0.0200260,0.8808731,0.0596664,0.0882376,3273550
361600,0.0584927,0.7798938,0.1231381,0.0899648,3273550
361700,0.0519166,0.8291564,0.0994874,0.1088734,3273550
361800,0.0563993,0.8911754,0.0773694,0.0879650,3273550
361900,0.0369704,0.8675307,0.0751700,0.0754256,3273550
362000,0.0558513,0.8421090,0.0966672,0.0841673,3273550
362100,0.0456563,0.8825545,0.0743719,0.0732828,3273550
362200,0.0461294,0.7868621,0.1129328,0.1003831,3273550
362300,0.0433363,0.8158866,0.0996472,0.0886999,3273550
362400,0.0259622,0.8829613,0.0623928,0.0572700,3273550
362500,0.0264954,0.8435298,0.0784853,0.0775979,3273550
362600,0.0352850,0.9037249,0.0596810,0.0700752,3273550
362700,0.0301581,0.8871005,0.0632547,0.0683652,3273550
362800,0.0434809,0.8305154,0.0938824,0.0858272,3273550
362900,0.0340764,0.8093702,0.0966978,0.0869894,3273550
363000,0.0419813,0.8666202,0.0785407,0.0815969,3273550
363100,0.0200861,0.8791404,0.0603955,0.0684334,3273550
363200,0.0478193,0.8350641,0.0946660,0.0803506,3273550
363300,0.0459837,0.7185986,0.1401508,0.1080983,3273550
363400,0.0545706,0.8090274,0.1091314,0.0845726,3273550
363500,0.0430073,0.8996025,0.0659634,0.0774026,3273550
363600,0.0563713,0.7482095,0.1345390,0.1071954,3273550
363700,0.0141614,0.9277375,0.0374018,0.0613420,3273550
363800,0.0403785,0.8617256,0.0795369,0.1006656,3273550
363900,0.0411751,0.7822016,0.1118244,0.0997866,3273550
364000,0.0531441,0.8624523,0.0869055,0.0774850,3273550
364100,0.0524740,0.7944728,0.1136953,0.0993857,3273550
364200,0.0505154,0.7910594,0.1138855,0.0959211,3273550
364300,0.0534347,0.8263013,0.1015403,0.0815972,3273550
364400,0.0359835,0.8802453,0.0694920,0.0793572,3273550
364500,0.0436014,0.8456280,0.0879097,0.1044697,3273550
364600,0.0475426,0.8044425,0.1067486,0.1031156,3273550
364700,0.0519582,0.7512994,0.1306552,0.1066169,3273550
364800,0.0283030,0.8778946,0.0658239,0.0735315,3273550
364900,0.0534563,0.8109502,0.1076937,0.0939777,3273550
365000,0.0504368,0.8394663,0.0944756,0.0907980,3273550
365100,0.0688954,0.7389802,0.1457452,0.1204015,3273550
365200,0.0495902,0.8163345,0.1032203,0.0814034,3273550
365300,0.0524918,0.8243513,0.1017545,0.0995084,3273550
365400,0.0393062,0.8462839,0.0850701,0.0797085,3273550
365500,0.0172058,0.9006106,0.0500793,0.0668705,3273550
365600,0.0233652,0.8927816,0.0569065,0.0838773,3273550
365700,0.0358828,0.8591033,0.0778884,0.0906853,3273550
365800,0.0252670,0.8013068,0.0946375,0.0855079,3273550
365900,0.0288208,0.8254095,0.0871287,0.0750819,3273550
366000,0.0511572,0.8187097,0.1032105,0.0814077,3273550
366100,0.0189797,0.9178212,0.0442594,0.0758334,3273550
366200,0.0429115,0.8673331,0.0788137,0.0880683,3273550
366300,0.0329414,0.8789002,0.0682048,0.0851472,3273550
366400,0.0290279,0.9286140,0.0459711,0.0654374,3273550
366500,0.0410432,0.8508964,0.0842674,0.0818215,3273550
366600,0.0496275,0.7888526,0.1142355,0.0854033,3273550
366700,0.0447112,0.8200552,0.0988047,0.0904050,3273550
366800,0.0540112,0.7812456,0.1199085,0.0910674,3273550
366900,0.0327686,0.8696359,0.0718068,0.0923825,3273550
367000,0.0447043,0.8331637,0.0935571,0.1052357,3273550
367100,0.0520336,0.8046716,0.1093515,0.0895832,3273550
367200,0.0420269,0.8701749,0.0771462,0.0734141,3273550
367300,0.0435140,0.8694823,0.0783155,0.0755051,3273550
367400,0.0257229,0.8669984,0.0686344,0.0758557,3273550
367500,0.0604331,0.8436199,0.0988119,0.0818472,3273550
367600,0.0324250,0.8857900,0.0651390,0.0783952,3273550
367700,0.0655164,0.7416562,0.1426474,0.1197372,3273550
367800,0.0506514,0.7952559,0.1122885,0.1017219,3273550
367900,0.0451137,0.8561803,0.0845961,0.0854421,3273550
368000,0.0448850,0.7601949,0.1228530,0.0990766,3273550
368100,0.0324465,0.8880911,0.0642315,0.0670314,3273550
368200,0.0402512,0.8347864,0.0902362,0.0970705,3273550
368300,0.0387550,0.8374772,0.0882621,0.0743931,3273550
368400,0.0377663,0.8793482,0.0709205,0.0715926,3273550
368500,0.0486769,0.8109486,0.1048267,0.0995205,3273550
368600,0.0315449,0.8975891,0.0598913,0.0693063,3273550
368700,0.0430445,0.8672712,0.0789182,0.0877170,3273550
368800,0.0539585,0.7540598,0.1307512,0.0994155,3273550
368900,0.0537919,0.7977492,0.1131755,0.0972538,3273550
369000,0.0402200,0.8715413,0.0755155,0.0730697,3273550
369100,0.0519256,0.8467602,0.0924513,0.0812342,3273550
369200,0.0426553,0.8932796,0.0682813,0.0842864,3273550
369300,0.0331668,0.9264705,0.0493119,0.0690676,3273550
369400,0.0317383,0.8885281,0.0636317,0.0758008,3273550
369500,0.0318753,0.8440688,0.0814977,0.0865967,3273550
369600,0.0473978,0.8890278,0.0728276,0.0739036,3273550
369700,0.0357374,0.8647521,0.0755416,0.0722134,3273550
369800,0.0308103,0.9130660,0.0532597,0.0743303,3273550
369900,0.0375478,0.8449237,0.0845592,0.0861114,3273550
370000,0.0293685,0.8788346,0.0660872,0.0697557,3273550
370100,0.0401413,0.8781707,0.0728165,0.0660555,3273550
370200,0.0552062,0.8472091,0.0942401,0.0796565,3273550
370300,0.0513249,0.8720834,0.0819616,0.0941121,3273550
370400,0.0508881,0.8437575,0.0930299,0.0792203,3273550
370500,0.0440840,0.8812214,0.0739619,0.0969488,3273550
370600,0.0216006,0.8768263,0.0622299,0.0731777,3273550
370700,0.0296136,0.8956710,0.0594998,0.0665223,3273550
370800,0.0447813,0.8526778,0.0857976,0.0808970,3273550
370900,0.0337618,0.8824396,0.0672813,0.0687496,3273550
371000,0.0243397,0.9214160,0.0460374,0.0749022,3273550
371100,0.0349559,0.8634887,0.0755781,0.0778041,3273550
371200,0.0240568,0.9283096,0.0431102,0.0613764,3273550
371300,0.0434399,0.8590071,0.0824611,0.0755008,3273550
371400,0.0458541,0.8852773,0.0734015,0.0893644,3273550
371500,0.0188943,0.9483429,0.0319994,0.0697575,3273550
371600,0.0297314,0.7354171,0.1236720,0.0929184,3273550
371700,0.0198687,0.8604771,0.0677304,0.0769188,3273550
371800,0.0187708,0.8545101,0.0694585,0.0850032,3273550
371900,0.0326241,0.9205062,0.0513720,0.0743940,3273550
372000,0.0453794,0.8483120,0.0879029,0.0779899,3273550
372100,0.0494853,0.8919312,0.0729187,0.0755611,3273550
372200,0.0422374,0.8373961,0.0903840,0.0958358,3273550
372300,0.0436886,0.8383049,0.0908912,0.0750635,3273550
372400,0.0358394,0.8932601,0.0641996,0.0793298,3273550
372500,0.0473289,0.8370429,0.0935802,0.0858267,3273550
372600,0.0533411,0.8446395,0.0941488,0.0886016,3273550
372700,0.0516767,0.7947208,0.1131177,0.0912917,3273550
372800,0.0314646,0.8986917,0.0594021,0.0806561,3273550
372900,0.0252155,0.8823248,0.0621994,0.0677911,3273550
373000,0.0400721,0.8133764,0.0986927,0.0937365,3273550
373100,0.0365715,0.8832741,0.0686333,0.1055403,3273550
373200,0.0164717,0.9226522,0.0408221,0.0574868,3273550
373300,0.0302838,0.8057321,0.0958775,0.0910564,3273550
373400,0.0319393,0.9174362,0.0521891,0.0870655,3273550
373500,0.0478912,0.7679821,0.1215419,0.1009776,3273550
373600,0.0288939,0.8891029,0.0616951,0.0587089,3273550
373700,0.0472114,0.8541769,0.0866561,0.0844455,3273550
373800,0.0404915,0.8725606,0.0752706,0.0741426,3273550
373900,0.0598598,0.8126105,0.1108717,0.0953268,3273550
374000,0.0302388,0.9018002,0.0574232,0.0762396,3273550
374100,0.0417703,0.8280902,0.0938261,0.0946186,3273550
374200,0.0303440,0.8882546,0.0629046,0.0695377,3273550
374300,0.0441536,0.8516905,0.0858159,0.0739305,3273550
374400,0.0213163,0.9076788,0.0497183,0.0799849,3273550
374500,0.0387447,0.8737317,0.0737541,0.0788138,3273550
374600,0.0135477,0.9245955,0.0382904,0.0619677,3273550
374700,0.0464216,0.8096270,0.1040021,0.0839896,3273550
374800,0.0307745,0.8643150,0.0727387,0.0787759,3273550
374900,0.0418034,0.8585529,0.0816609,0.0813210,3273550
375000,0.0405072,0.8592756,0.0805941,0.0723374,3273550
375100,0.0523238,0.8096223,0.1075454,0.0857031,3273550
375200,0.0300039,0.8705266,0.0697917,0.0836170,3273550
375300,0.0465143,0.8075633,0.1048833,0.1051925,3273550
375400,0.0453413,0.7998173,0.1072778,0.0820272,3273550
375500,0.0527871,0.8350394,0.0976565,0.0849455,3273550
375600,0.0451298,0.7693603,0.1193338,0.0857975,3273550
375700,0.0334183,0.8890379,0.0644358,0.0905875,3273550
375800,0.0408207,0.8595717,0.0806638,0.0722903,3273550
375900,0.0353376,0.8943416,0.0634659,0.0668337,3273550
376000,0.0489904,0.8541114,0.0877497,0.0875537,3273550
376100,0.0518943,0.8222157,0.1022503,0.0998288,3273550
376200,0.0325675,0.8636898,0.0740646,0.0760221,3273550
376300,0.0382009,0.8627651,0.0778145,0.0841896,3273550
376400,0.0319264,0.8764910,0.0685595,0.0687809,3273550
376500,0.0230326,0.8985324,0.0544066,0.0709203,3273550
376600,0.0393159,0.8515590,0.0829659,0.0970668,3273550
376700,0.0414726,0.8356042,0.0906419,0.0786519,3273550
376800,0.0490084,0.8856527,0.0751440,0.0770828,3273550
376900,0.0438817,0.7842416,0.1126324,0.0915367,3273550
377000,0.0463876,0.8536372,0.0863776,0.0948892,3273550
377100,0.0412057,0.8109161,0.1003570,0.0867192,3273550
377200,0.0278400,0.8911558,0.0602416,0.0764138,3273550
377300,0.0429605,0.8860288,0.0713648,0.0775062,3273550
377400,0.0292196,0.8680384,0.0703164,0.0695587,3273550
377500,0.0276722,0.8914787,0.0600119,0.0659629,3273550
377600,0.0479828,0.8856980,0.0745105,0.0756822,3273550
377700,0.0430998,0.7836505,0.1123997,0.1040965,3273550
377800,0.0494440,0.8772749,0.0787565,0.0791822,3273550
377900,0.0461815,0.8511145,0.0872631,0.0911644,3273550
378000,0.0539125,0.8590769,0.0887167,0.0950469,3273550
378100,0.0432723,0.8502787,0.0858519,0.0904842,3273550
378200,0.0397359,0.8732527,0.0745404,0.0843974,3273550
378300,0.0308527,0.8893025,0.0627906,0.0691812,3273550
378400,0.0437269,0.8430929,0.0889990,0.0800871,3273550
378500,0.0364616,0.8680217,0.0746683,0.0817744,3273550
378600,0.0361096,0.8973805,0.0627136,0.0684094,3273550
378700,0.0231792,0.8997482,0.0540082,0.0614891,3273550
378800,0.0163976,0.9182292,0.0425469,0.0742022,3273550
378900,0.0396811,0.8301968,0.0917299,0.0897178,3273550
379000,0.0222168,0.9029945,0.0521322,0.0674364,3273550
379100,0.0342609,0.8607743,0.0762468,0.0817329,3273550
379200,0.0613074,0.7422285,0.1398930,0.0984430,3273550
379300,0.0386418,0.8990486,0.0635656,0.0741109,3273550
379400,0.0295781,0.8795391,0.0659312,0.0687542,3273550
379500,0.0310193,0.8067121,0.0959267,0.0965574,3273550
379600,0.0310628,0.9194622,0.0508528,0.0708137,3273550
379700,0.0312551,0.8740866,0.0691184,0.0677514,3273550
379800,0.0465895,0.7452492,0.1298541,0.1011065,3273550
379900,0.0496322,0.7400760,0.1337489,0.0900806,3273550
380000,0.0341643,0.8831503,0.0672384,0.0793348,3273550
380100,0.0235523,0.8828439,0.0609938,0.0740303,3273550
380200,0.0174449,0.9393802,0.0347149,0.0622387,3273550
380300,0.0300583,0.8354536,0.0838535,0.0808459,3273550
380400,0.0491922,0.8401097,0.0934714,0.0732154,3273550
380500,0.0430349,0.8528074,0.0846980,0.0904327,3273550
380600,0.0230906,0.8950458,0.0558361,0.0791280,3273550
380700,0.0494176,0.8629967,0.0844519,0.0796757,3273550
380800,0.0179435,0.9272650,0.0398601,0.0621923,3273550
380900,0.0477359,0.8651979,0.0825624,0.0804982,3273550
381000,0.0660989,0.6966653,0.1609932,0.1164210,3273550
381100,0.0519689,0.7507026,0.1309003,0.0962089,3273550
381200,0.0474318,0.8159699,0.1020711,0.0829446,3273550
381300,0.0462988,0.8714525,0.0791983,0.0749505,3273550
381400,0.0383232,0.8812455,0.0704957,0.0762955,3273550
381500,0.0413301,0.8513226,0.0842690,0.0819532,3273550
381600,0.0437673,0.8134309,0.1008880,0.1070287,3273550
381700,0.0229326,0.9001982,0.0536803,0.0996763,3273550
381800,0.0186283,0.9104190,0.0470094,0.0668289,3273550
381900,0.0224521,0.8975379,0.0544561,0.0621861,3273550
382000,0.0398820,0.8405486,0.0877098,0.0823575,3273550
382100,0.0196008,0.8853294,0.0576288,0.0769427,3273550
382200,0.0506241,0.7157311,0.1440820,0.1117007,3273550
382300,0.0248799,0.9128328,0.0497948,0.0760238,3273550
382400,0.0326139,0.9202174,0.0514814,0.0718880,3273550
382500,0.0396725,0.8243361,0.0940691,0.0836843,3273550
382600,0.0481558,0.8263152,0.0983674,0.0913654,3273550
382700,0.0243259,0.9275393,0.0435798,0.0583414,3273550
382800,0.0500115,0.8233576,0.1006639,0.0924329,3273550
382900,0.0497653,0.7861618,0.1153945,0.0982758,3273550
383000,0.0291734,0.8814623,0.0649191,0.0783985,3273550
383100,0.0420449,0.8988365,0.0656924,0.0732538,3273550
383200,0.0181371,0.9079313,0.0477098,0.0677900,3273550
383300,0.0278331,0.8943496,0.0589600,0.0671496,3273550
383400,0.0278039,0.7972434,0.0977850,0.0791214,3273550
383500,0.0224285,0.8685313,0.0660446,0.0767064,3273550
383600,0.0324602,0.8872845,0.0645623,0.0670116,3273550
383700,0.0372149,0.8998129,0.0624038,0.0800491,3273550
383800,0.0254338,0.8852586,0.0611568,0.0718584,3273550
383900,0.0373869,0.8943932,0.0646749,0.0658998,3273550
384000,0.0369684,0.8686389,0.0747255,0.0786805,3273550
384100,0.0406028,0.8731015,0.0751211,0.0850888,3273550
384200,0.0355537,0.8511365,0.0808776,0.0851419,3273550
384300,0.0257349,0.8814801,0.0628489,0.0740456,3273550
384400,0.0324838,0.8121789,0.0946188,0.0920426,3273550
384500,0.0443958,0.8782908,0.0753212,0.0862993,3273550
384600,0.0440734,0.8413174,0.0899171,0.0911574,3273550
384700,0.0454592,0.8663141,0.0807499,0.0746156,3273550
384800,0.0386292,0.8426522,0.0861167,0.0816697,3273550
384900,0.0255714,0.9095320,0.0515300,0.0655384,3273550
385000,0.0396668,0.8684763,0.0764095,0.0900183,3273550
385100,0.0402489,0.7278538,0.1330078,0.0986077,3273550
385200,0.0231473,0.8635859,0.0684540,0.0781635,3273550
385300,0.0232074,0.9097246,0.0500346,0.0635602,3273550
385400,0.0611424,0.7701329,0.1286323,0.1018302,3273550
385500,0.0198360,0.9254332,0.0417283,0.0671686,3273550
385600,0.0325606,0.8403768,0.0833857,0.0723048,3273550
385700,0.0344089,0.9057813,0.0583328,0.0625131,3273550
385800,0.0417165,0.8843606,0.0712857,0.0621620,3273550
385900,0.0269353,0.9057893,0.0538455,0.0690759,3273550
386000,0.0503563,0.7844241,0.1164441,0.1079819,3273550
386100,0.0528341,0.7035618,0.1502757,0.1103965,3273550
386200,0.0363128,0.9064184,0.0592203,0.0605827,3273550
386300,0.0469237,0.7915927,0.1115171,0.0890243,3273550
386400,0.0278477,0.9003698,0.0565607,0.0692915,3273550
386500,0.0502549,0.7763470,0.1196141,0.0929379,3273550
386600,0.0251512,0.8827854,0.0619766,0.0713466,3273550
386700,0.0156721,0.9215831,0.0407700,0.0691404,3273550
386800,0.0616543,0.7220719,0.1481638,0.1100008,3273550
386900,0.0257985,0.8859769,0.0610884,0.0727377,3273550
387000,0.0402045,0.8025526,0.1031017,0.0869443,3273550
387100,0.0406777,0.8808057,0.0720843,0.0827903,3273550
387200,0.0426748,0.8330931,0.0923677,0.0874381,3273550
387300,0.0222838,0.8801296,0.0613184,0.0664367,3273550
387400,0.0549444,0.8166604,0.1063025,0.0832693,3273550
387500,0.0377010,0.8935030,0.0652194,0.0688052,3273550
387600,0.0322940,0.8826295,0.0663246,0.0737312,3273550
387700,0.0501207,0.8523363,0.0891379,0.0907083,3273550
387800,0.0343414,0.8815678,0.0679777,0.0641741,3273550
387900,0.0446623,0.8416518,0.0901367,0.0827223,3273550
388000,0.0474840,0.8529990,0.0872908,0.0720170,3273550
388100,0.0305979,0.8757689,0.0680512,0.0719088,3273550
388200,0.0473680,0.8496909,0.0885444,0.0979712,3273550
388300,0.0454148,0.8818743,0.0744991,0.0692718,3273550
388400,0.0361947,0.8714272,0.0731460,0.0683297,3273550
388500,0.0297506,0.8980550,0.0586284,0.0659226,3273550
388600,0.0353891,0.8620218,0.0764247,0.0789981,3273550
388700,0.0206082,0.9092084,0.0486815,0.0630980,3273550
388800,0.0428444,0.8905178,0.0694995,0.0683992,3273550
388900,0.0445542,0.8387173,0.0912456,0.0869423,3273550
389000,0.0289256,0.8111218,0.0929066,0.0890384,3273550
389100,0.0500496,0.8744017,0.0802691,0.0905459,3273550
389200,0.0334096,0.7682977,0.1127267,0.0870660,3273550
389300,0.0715614,0.8482641,0.1036312,0.0849786,3273550
389400,0.0282461,0.8557402,0.0746516,0.0830209,3273550
389500,0.0199717,0.8685738,0.0645535,0.0808580,3273550
389600,0.0436543,0.8770618,0.0753679,0.0645685,3273550
389700,0.0454072,0.8568743,0.0844946,0.0850636,3273550
389800,0.0231757,0.9043560,0.0521630,0.0631671,3273550
389900,0.0422021,0.8153864,0.0991667,0.0840152,3273550
390000,0.0429499,0.9402282,0.0496786,0.0545658,3273550
390100,0.0351134,0.7925018,0.1040673,0.0836799,3273550
390200,0.0234282,0.9122229,0.0491678,0.0798475,3273550
390300,0.0367443,0.9133120,0.0567218,0.0660174,3273550
390400,0.0322049,0.8659396,0.0729471,0.0704932,3273550
390500,0.0510526,0.8413576,0.0940885,0.0886366,3273550
390600,0.0386865,0.8814231,0.0706426,0.0733280,3273550
390700,0.0388569,0.8654565,0.0771316,0.0686397,3273550
390800,0.0485729,0.8101909,0.1050674,0.0838392,3273550
390900,0.0427946,0.7867072,0.1109939,0.0917537,3273550
391000,0.0317350,0.9016368,0.0583863,0.0786511,3273550
391100,0.0443958,0.8347994,0.0927177,0.0796129,3273550
391200,0.0250294,0.9296721,0.0431488,0.0822968,3273550
391300,0.0438153,0.8422027,0.0894081,0.0758890,3273550
391400,0.0449944,0.8875039,0.0719951,0.0816007,3273550
391500,0.0172539,0.9214736,0.0417629,0.0562057,3273550
391600,0.0154664,0.9194635,0.0414944,0.0658788,3273550
391700,0.0457444,0.8271583,0.0965833,0.0841119,3273550
391800,0.0497705,0.7882825,0.1145493,0.0916874,3273550
391900,0.0469384,0.8696769,0.0802922,0.0752059,3273550
392000,0.0360025,0.8432506,0.0843013,0.0842773,3273550
392100,0.0203674,0.9147459,0.0463221,0.0608302,3273550
392200,0.0451842,0.8830090,0.0739069,0.0708275,3273550
392300,0.0307818,0.7881185,0.1032217,0.0845768,3273550
392400,0.0399522,0.8306812,0.0916988,0.0952221,3273550
392500,0.0138971,0.9416099,0.0316943,0.0636073,3273550
392600,0.0160707,0.9245512,0.0398219,0.0702824,3273550
392700,0.0513570,0.8089232,0.1072449,0.0931635,3273550
392800,0.0536144,0.7128609,0.1470243,0.1075587,3273550
392900,0.0433287,0.8319861,0.0932028,0.0841829,3273550
393000,0.0303662,0.9042474,0.0565207,0.0626614,3273550
393100,0.0244343,0.9218325,0.0459276,0.0683495,3273550
393200,0.0444436,0.8509504,0.0862860,0.0807841,3273550
393300,0.0267081,0.9147442,0.0501272,0.0654792,3273550
393400,0.0425815,0.8366940,0.0908713,0.0824807,3273550
393500,0.0418759,0.8325133,0.0921202,0.0915064,3273550
393600,0.0394043,0.8709986,0.0752431,0.0722394,3273550
393700,0.0356500,0.8844693,0.0676023,0.0967978,3273550
393800,0.0382122,0.9043027,0.0612062,0.0822004,3273550
393900,0.0328240,0.7649307,0.1137222,0.0943849,3273550
394000,0.0568926,0.7753211,0.1240071,0.0992232,3273550
394100,0.0367208,0.8515290,0.0814209,0.0804300,3273550
394200,0.0362763,0.8955504,0.0635457,0.0735577,3273550
394300,0.0468622,0.7367748,0.1334074,0.0982398,3273550
394400,0.0304541,0.8017271,0.0975817,0.0852392,3273550
394500,0.0348477,0.8951280,0.0628574,0.0664695,3273550
394600,0.0430517,0.8387743,0.0903213,0.0787110,3273550
394700,0.0424080,0.7361495,0.1309850,0.1044821,3273550
394800,0.0500545,0.7599212,0.1260642,0.1136197,3273550
394900,0.0524099,0.8452297,0.0933540,0.0758634,3273550
395000,0.0471955,0.8258110,0.0979929,0.0960814,3273550
395100,0.0506130,0.7796906,0.1184916,0.0854470,3273550
395200,0.0388317,0.8801381,0.0712438,0.0719257,3273550
395300,0.0379164,0.8193185,0.0950224,0.0827197,3273550
395400,0.0352788,0.9082687,0.0578598,0.0703313,3273550
395500,0.0457015,0.7733209,0.1180925,0.0980966,3273550
395600,0.0490803,0.7891778,0.1137771,0.1036541,3273550
395700,0.0607137,0.7347913,0.1425117,0.1214549,3273550
395800,0.0361592,0.8664261,0.0751250,0.0706805,3273550
395900,0.0397189,0.8573405,0.0808951,0.0949561,3273550
396000,0.0450624,0.8240100,0.0974334,0.0869019,3273550
396100,0.0312660,0.9055135,0.0565542,0.0879547,3273550
396200,0.0292016,0.8969043,0.0587592,0.0829053,3273550
396300,0.0354447,0.8151240,0.0952172,0.0751381,3273550
396400,0.0288306,0.8167549,0.0905964,0.0971229,3273550
396500,0.0449461,0.8552666,0.0848610,0.0850969,3273550
396600,0.0492538,0.8427514,0.0924517,0.0771533,3273550
396700,0.0426368,0.8766931,0.0749048,0.0759309,3273550
396800,0.0514460,0.8064796,0.1082757,0.0798872,3273550
396900,0.0406427,0.9079280,0.0612144,0.0705280,3273550
397000,0.0353123,0.9045386,0.0593720,0.0722152,3273550
397100,0.0265791,0.8572780,0.0730362,0.0772827,3273550
397200,0.0205755,0.9170290,0.0455337,0.0623088,3273550
397300,0.0437905,0.7731500,0.1170143,0.0980766,3273550
397400,0.0456786,0.8314089,0.0948436,0.0947658,3273550
397500,0.0519522,0.7727410,0.1220750,0.0990989,3273550
397600,0.0407581,0.8701445,0.0763970,0.0730597,3273550
397700,0.0218983,0.9403853,0.0369848,0.0520175,3273550
397800,0.0538639,0.7900567,0.1162957,0.1098516,3273550
397900,0.0258225,0.8807963,0.0631750,0.0814745,3273550
398000,0.0300752,0.9094092,0.0542815,0.0709282,3273550
398100,0.0343081,0.8972124,0.0616999,0.0647532,3273550
398200,0.0404742,0.7793192,0.1125568,0.0871868,3273550
398300,0.0467857,0.8785729,0.0766423,0.0735706,3273550
398400,0.0328557,0.8910092,0.0633098,0.0751985,3273550
398500,0.0246901,0.8724936,0.0658166,0.0653678,3273550
398600,0.0218648,0.8777731,0.0620096,0.0708936,3273550
398700,0.0391781,0.8703657,0.0753606,0.0744037,3273550
398800,0.0335987,0.8807141,0.0678736,0.0684439,3273550
398900,0.0529528,0.7310820,0.1393389,0.0968635,3273550
399000,0.0227158,0.8170089,0.0868260,0.0746835,3273550
399100,0.0409711,0.8802865,0.0724680,0.0733580,3273550
399200,0.0414848,0.8447709,0.0869825,0.0778033,3273550
399300,0.0311189,0.8313002,0.0861513,0.0754254,3273550
399400,0.0447881,0.8723256,0.0779426,0.0747101,3273550
399500,0.0373800,0.8358418,0.0880913,0.0791905,3273550
399600,0.0513237,0.9016805,0.0701220,0.0709975,3273550
399700,0.0159201,0.9313750,0.0370021,0.0600976,3273550
399800,0.0350501,0.8743799,0.0712781,0.0721961,3273550
399900,0.0352283,0.9047633,0.0592317,0.0757841,3273550
400000,0.0191358,0.8820071,0.0586786,0.0741597,3273550
400100,0.0429845,0.8319364,0.0930161,0.0882332,3273550
400200,0.0406191,0.8175903,0.0973353,0.0784994,3273550
400300,0.0439356,0.7602341,0.1222677,0.1114751,3273550
400400,0.0403020,0.8608353,0.0798471,0.0757176,3273550
400500,0.0459223,0.7314494,0.1349736,0.0939681,3273550
400600,0.0666283,0.7083019,0.1566563,0.0957489,3273550
400700,0.0161351,0.9022309,0.0487887,0.0719961,3273550
400800,0.0346706,0.8787726,0.0692933,0.0717573,3273550
400900,0.0285731,0.8959432,0.0587666,0.0621726,3273550
401000,0.0317496,0.8925792,0.0620181,0.0692361,3273550
401100,0.0426364,0.7853326,0.1114488,0.0885430,3273550
401200,0.0216680,0.9000480,0.0529816,0.0682101,3273550
401300,0.0378509,0.8638982,0.0771513,0.0832391,3273550
401400,0.0182286,0.9098535,0.0469958,0.0683400,3273550
401500,0.0383183,0.8865221,0.0683822,0.0813325,3273550
401600,0.0498080,0.7976686,0.1108174,0.0859256,3273550
401700,0.0416669,0.8713351,0.0764661,0.0791705,3273550
401800,0.0323065,0.8939044,0.0618221,0.0670352,3273550
401900,0.0412434,0.8811918,0.0722693,0.0792865,3273550
402000,0.0134840,0.9385241,0.0326808,0.0611237,3273550
402100,0.0505655,0.8401071,0.0942965,0.0965500,3273550
402200,0.0502313,0.8208852,0.1017847,0.0860346,3273550
402300,0.0536350,0.6716241,0.1635314,0.1046135,3273550
402400,0.0406610,0.8355435,0.0901792,0.0793082,3273550
402500,0.0286956,0.8747549,0.0673154,0.0651185,3273550
402600,0.0356380,0.8579961,0.0781843,0.0717257,3273550
402700,0.0359660,0.9049711,0.0595912,0.0734964,3273550
402800,0.0273378,0.8976707,0.0573344,0.0608480,3273550
402900,0.0479613,0.8299680,0.0967896,0.0827104,3273550
403000,0.0300586,0.8741213,0.0683866,0.0812361,3273550
403100,0.0614352,0.7225761,0.1478307,0.1050160,3273550
403200,0.0442030,0.8701803,0.0784497,0.0809921,3273550
403300,0.0506672,0.8927222,0.0733114,0.0713741,3273550
403400,0.0249136,0.9046812,0.0530757,0.0676455,3273550
403500,0.0582097,0.7804919,0.1227291,0.0973212,3273550
403600,0.0316990,0.9149145,0.0530536,0.0785086,3273550
403700,0.0388081,0.8203990,0.0951252,0.1059523,3273550
403800,0.0281874,0.9062139,0.0544269,0.0693527,3273550
403900,0.0186096,0.9519942,0.0303681,0.0638636,3273550
404000,0.0398051,0.8885239,0.0684735,0.0692806,3273550
404100,0.0321859,0.9114450,0.0547335,0.0765264,3273550
404200,0.0339699,0.8375130,0.0853768,0.0764942,3273550
404300,0.0222559,0.8932118,0.0560688,0.0696686,3273550
404400,0.0418352,0.8207355,0.0968069,0.0833256,3273550
404500,0.0324918,0.8706743,0.0712254,0.0925250,3273550
404600,0.0603692,0.7893460,0.1204831,0.0879198,3273550
404700,0.0319643,0.8714349,0.0706046,0.0748340,3273550
404800,0.0510332,0.8012358,0.1101256,0.0930948,3273550
404900,0.0527224,0.7707241,0.1233438,0.1095353,3273550
405000,0.0441741,0.8405257,0.0902942,0.0715553,3273550
405100,0.0225873,0.8893157,0.0578261,0.0773723,3273550
405200,0.0388677,0.8706930,0.0750434,0.0802985,3273550
405300,0.0200343,0.8911461,0.0555621,0.0883180,3273550
405400,0.0342794,0.8894189,0.0648001,0.0810416,3273550
405500,0.0410474,0.8049788,0.1026369,0.0828720,3273550
405600,0.0366824,0.8884318,0.0666367,0.0833262,3273550
405700,0.0397052,0.8671398,0.0769672,0.0716891,3273550
405800,0.0442418,0.8941730,0.0688759,0.0604159,3273550
405900,0.0463285,0.7630335,0.1225837,0.1028626,3273550
406000,0.0378693,0.8692844,0.0750078,0.0768253,3273550
406100,0.0372166,0.8345569,0.0885072,0.0962932,3273550
406200,0.0449047,0.8729767,0.0777522,0.0751820,3273550
406300,0.0434600,0.8361201,0.0916280,0.0757937,3273550
406400,0.0351867,0.9040170,0.0595052,0.0640615,3273550
406500,0.0347898,0.8631948,0.0755960,0.0890766,3273550
406600,0.0337465,0.8540949,0.0786099,0.0742289,3273550
406700,0.0283276,0.8558477,0.0746575,0.0712567,3273550
406800,0.0315737,0.8883896,0.0635884,0.0667808,3273550
406900,0.0520868,0.8126862,0.1061776,0.0843824,3273550
407000,0.0467789,0.8152975,0.1019483,0.0937945,3273550
407100,0.0473501,0.8175662,0.1013836,0.0980592,3273550
407200,0.0316549,0.7949441,0.1010153,0.0930369,3273550
407300,0.0367202,0.9136793,0.0565604,0.0803201,3273550
407400,0.0238721,0.9322625,0.0414182,0.0671920,3273550
407500,0.0514700,0.8425492,0.0938623,0.0760503,3273550
407600,0.0477284,0.8041012,0.1069965,0.0962298,3273550
407700,0.0250210,0.9025997,0.0539727,0.0764631,3273550
407800,0.0491535,0.7690436,0.1218746,0.0962065,3273550
407900,0.0478653,0.8693207,0.0809909,0.0693679,3273550
408000,0.0379280,0.8933537,0.0654154,0.0711735,3273550
408100,0.0221377,0.8619393,0.0685069,0.0711772,3273550
408200,0.0392388,0.9010837,0.0631098,0.0798367,3273550
408300,0.0321778,0.8807979,0.0669876,0.0794788,3273550
408400,0.0493446,0.8830155,0.0764006,0.0849938,3273550
408500,0.0421042,0.8643155,0.0795363,0.0893566,3273550
408600,0.0443001,0.8607046,0.0822982,0.0776282,3273550
408700,0.0390666,0.7782178,0.1121529,0.0999541,3273550
408800,0.0420783,0.8887811,0.0697346,0.0709607,3273550
408900,0.0262638,0.9131753,0.0504882,0.0670064,3273550
409000,0.0573636,0.7806962,0.1221397,0.0904131,3273550
409100,0.0326922,0.8810408,0.0671990,0.0729584,3273550
409200,0.0189809,0.9142945,0.0456707,0.0631243,3273550
409300,0.0386200,0.8770781,0.0723408,0.0739106,3273550
409400,0.0331858,0.8044559,0.0981291,0.0922197,3273550
409500,0.0429334,0.8162402,0.0992640,0.0879151,3273550
409600,0.0480240,0.8297307,0.0969221,0.0740063,3273550
409700,0.0507410,0.8575349,0.0874306,0.0898427,3273550
409800,0.0527980,0.8686767,0.0842081,0.0802824,3273550
409900,0.0343382,0.8678240,0.0734733,0.0947196,3273550
410000,0.0554264,0.7037094,0.1517721,0.1029661,3273550
410100,0.0264449,0.8710976,0.0674279,0.0724032,3273550
410200,0.0536326,0.7622656,0.1272733,0.1055265,3273550
410300,0.0421066,0.8873684,0.0703166,0.0862075,3273550
410400,0.0462800,0.8186922,0.1002911,0.0903273,3273550
410500,0.0458777,0.7701584,0.1194633,0.1045132,3273550
410600,0.0337423,0.8689567,0.0726627,0.0736128,3273550
410700,0.0400159,0.8895540,0.0681879,0.0737153,3273550
410800,0.0147180,0.9351119,0.0347860,0.0549541,3273550
410900,0.0213888,0.8943557,0.0550910,0.0623878,3273550
411000,0.0544883,0.6336460,0.1792346,0.1315382,3273550
411100,0.0192020,0.9213499,0.0429812,0.0653069,3273550
411200,0.0330534,0.8737911,0.0703156,0.0822876,3273550
411300,0.0362310,0.8170940,0.0949010,0.0827442,3273550
411400,0.0460856,0.8610348,0.0832375,0.0918723,3273550
411500,0.0425861,0.8585747,0.0821218,0.0806391,3273550
411600,0.0291278,0.8806221,0.0652278,0.0739029,3273550
411700,0.0186797,0.9310224,0.0387989,0.0643879,3273550
411800,0.0210754,0.8741914,0.0629687,0.0707704,3273550
411900,0.0647170,0.7967295,0.1201384,0.0908123,3273550
412000,0.0300547,0.9040977,0.0563938,0.0639083,3273550
412100,0.0654238,0.7940336,0.1216408,0.0890398,3273550
412200,0.0440450,0.8561639,0.0839614,0.0788382,3273550
412300,0.0434109,0.8543012,0.0843261,0.0724711,3273550
412400,0.0601499,0.6705393,0.1678742,0.1126921,3273550
412500,0.0436091,0.8016202,0.1055173,0.0812559,3273550
412600,0.0296566,0.9002498,0.0576941,0.0716030,3273550
412700,0.0422512,0.9090153,0.0617446,0.0696700,3273550
412800,0.0467618,0.8364098,0.0934932,0.0820854,3273550
412900,0.0415921,0.8661032,0.0785140,0.0725998,3273550
413000,0.0350169,0.8269862,0.0902157,0.0932679,3273550
413100,0.0445255,0.8330158,0.0935090,0.0812432,3273550
413200,0.0318985,0.8786131,0.0676938,0.0773101,3273550
413300,0.0339066,0.9202798,0.0522321,0.0758556,3273550
413400,0.0192813,0.9347735,0.0376594,0.0608714,3273550
413500,0.0414722,0.8981138,0.0656378,0.0645609,3273550
413600,0.0316304,0.9244882,0.0491830,0.0622379,3273550
413700,0.0321195,0.8636734,0.0738023,0.0833469,3273550
413800,0.0185658,0.8855360,0.0569251,0.0793518,3273550
413900,0.0112696,0.9665188,0.0201543,0.0503855,3273550
414000,0.0477098,0.8294523,0.0968450,0.0861457,3273550
414100,0.0647346,0.6530890,0.1776051,0.1159981,3273550
414200,0.0408099,0.8783634,0.0731406,0.0632013,3273550
414300,0.0323161,0.9044746,0.0575998,0.0725050,3273550
414400,0.0426529,0.8365353,0.0909776,0.0834301,3273550
414500,0.0375060,0.8918449,0.0657656,0.0809564,3273550
414600,0.0177509,0.9505669,0.0304238,0.0527875,3273550
414700,0.0348580,0.8769364,0.0701403,0.0800082,3273550
414800,0.0318032,0.8782732,0.0677726,0.0748509,3273550
414900,0.0212252,0.9062023,0.0502542,0.0686874,3273550
415000,0.0363743,0.9072127,0.0589395,0.0870082,3273550
415100,0.0218015,0.9098719,0.0491321,0.0611730,3273550
415200,0.0357519,0.9051056,0.0594089,0.0848496,3273550
415300,0.0292283,0.8907747,0.0612271,0.0863743,3273550
415400,0.0389583,0.8840587,0.0697515,0.0707368,3273550
415500,0.0453024,0.8248688,0.0972339,0.0824595,3273550
415600,0.0147069,0.9258209,0.0384958,0.0514787,3273550
415700,0.0165167,0.9262056,0.0394278,0.0633264,3273550
415800,0.0309102,0.9072341,0.0556525,0.0640421,3273550
415900,0.0505847,0.8886883,0.0748755,0.0794770,3273550
416000,0.0546404,0.7746769,0.1229135,0.0989778,3273550
416100,0.0426254,0.7837217,0.1120866,0.0829732,3273550
416200,0.0605087,0.6952810,0.1581928,0.1076938,3273550
416300,0.0196516,0.8887386,0.0562955,0.0705119,3273550
416400,0.0323386,0.8548145,0.0774774,0.0820782,3273550
416500,0.0414536,0.8325726,0.0918431,0.0808278,3273550
416600,0.0277500,0.9019549,0.0558681,0.0617235,3273550
416700,0.0355400,0.9007997,0.0610041,0.0858961,3273550
416800,0.0453231,0.8542103,0.0855098,0.0810188,3273550
416900,0.0421699,0.8428887,0.0881465,0.0664952,3273550
417000,0.0323671,0.8825563,0.0663978,0.0799763,3273550
417100,0.0171710,0.9191306,0.0426504,0.0593042,3273550
417200,0.0300543,0.8708104,0.0697084,0.0842026,3273550
417300,0.0254765,0.9023908,0.0543296,0.0747697,3273550
417400,0.0292667,0.8716193,0.0689123,0.0759229,3273550
417500,0.0253528,0.8842211,0.0615232,0.0680329,3273550
417600,0.0311784,0.8972218,0.0598183,0.0592615,3273550
417700,0.0708609,0.6334976,0.1891175,0.1255687,3273550
417800,0.0423645,0.8744860,0.0756243,0.0673975,3273550
417900,0.0387834,0.9066315,0.0606175,0.0656658,3273550
418000,0.0288958,0.8705193,0.0691298,0.0782490,3273550
418100,0.0230312,0.9021890,0.0529431,0.0772004,3273550
418200,0.0384643,0.7310692,0.1306509,0.1034539,3273550
418300,0.0571916,0.8149965,0.1083164,0.0797373,3273550
418400,0.0357736,0.8737494,0.0719644,0.0744095,3273550
418500,0.0416028,0.8485447,0.0855438,0.0776835,3273550
418600,0.0335701,0.9174631,0.0531568,0.0698689,3273550
418700,0.0446736,0.8635092,0.0814005,0.0848020,3273550
418800,0.0286021,0.8797437,0.0652638,0.0725938,3273550
418900,0.0281650,0.8631188,0.0716515,0.0825500,3273550
419000,0.0374661,0.6423817,0.1655270,0.1139238,3273550
419100,0.0248798,0.8859568,0.0605452,0.0656205,3273550
419200,0.0425226,0.8646160,0.0796671,0.0768375,3273550
419300,0.0393390,0.8346252,0.0897533,0.0807995,3273550
419400,0.0306796,0.9043846,0.0566539,0.0708372,3273550
419500,0.0350255,0.8830376,0.0678003,0.0781013,3273550
419600,0.0415948,0.7907915,0.1086403,0.0938449,3273550
419700,0.0318997,0.8887618,0.0636351,0.0752021,3273550
419800,0.0343934,0.8752103,0.0705519,0.0922180,3273550
419900,0.0391475,0.9015793,0.0628568,0.0640342,3273550
420000,0.0354797,0.8665296,0.0746759,0.1035696,3273550
420100,0.0264000,0.9083544,0.0524983,0.0618686,3273550
420200,0.0441344,0.8610954,0.0820424,0.0694451,3273550
420300,0.0236449,0.9274558,0.0432046,0.0553558,3273550
420400,0.0374479,0.8942634,0.0647634,0.0632961,3273550
420500,0.0314677,0.8992023,0.0591997,0.0607270,3273550
420600,0.0328406,0.8308133,0.0873791,0.0714361,3273550
420700,0.0296709,0.9191251,0.0501525,0.0679044,3273550
420800,0.0512286,0.7992638,0.1110316,0.0919470,3273550
420900,0.0353643,0.8833965,0.0678600,0.0834276,3273550
421000,0.0446604,0.8508574,0.0864533,0.0722742,3273550
421100,0.0371975,0.8552319,0.0802258,0.0803849,3273550
421200,0.0470466,0.7693779,0.1204768,0.1000612,3273550
421300,0.0269035,0.8814594,0.0635584,0.0668470,3273550
421400,0.0435631,0.8637422,0.0806410,0.0925931,3273550
421500,0.0204097,0.8943490,0.0545062,0.0720505,3273550
421600,0.0330923,0.8786916,0.0683787,0.0845587,3273550
421700,0.0538188,0.7140480,0.1466721,0.1090973,3273550
421800,0.0441553,0.8721415,0.0776366,0.0861416,3273550
421900,0.0424242,0.8966604,0.0667903,0.0856728,3273550
422000,0.0444576,0.8094834,0.1028812,0.0955686,3273550
422100,0.0403565,0.8463584,0.0856705,0.0857314,3273550
422200,0.0518446,0.8658195,0.0847790,0.0827665,3273550
422300,0.0280248,0.7923226,0.0998858,0.0935192,3273550
422400,0.0408801,0.9045818,0.0626953,0.0665435,3273550
422500,0.0368674,0.8609617,0.0777358,0.0722269,3273550
422600,0.1066904,0.5119253,0.2592441,0.1504008,3273550
422700,0.0233758,0.9057415,0.0517289,0.0730313,3273550
422800,0.0426438,0.7864698,0.1109984,0.0939088,3273550
422900,0.0289476,0.8188624,0.0898236,0.0840763,3273550
423000,0.0488202,0.7491091,0.1296484,0.0908036,3273550
423100,0.0216781,0.9011347,0.0525530,0.0733213,3273550
423200,0.0205426,0.9170578,0.0455024,0.0563938,3273550
423300,0.0428600,0.8790134,0.0741106,0.0780226,3273550
423400,0.0469269,0.8234931,0.0987589,0.0796444,3273550
423500,0.0390580,0.8622631,0.0785296,0.0886211,3273550
423600,0.0449325,0.8871861,0.0720851,0.0786189,3273550
423700,0.0422118,0.8054426,0.1031501,0.0994364,3273550
423800,0.0506862,0.7914138,0.1138462,0.0898786,3273550
423900,0.0373098,0.9084373,0.0590110,0.0653083,3273550
424000,0.0289418,0.8311706,0.0848969,0.0799000,3273550
424100,0.0483765,0.9210691,0.0605982,0.0732751,3273550
424200,0.0476578,0.7563275,0.1260637,0.1107401,3273550
424300,0.0336777,0.8322664,0.0873001,0.0797118,3273550
424400,0.0399355,0.8511437,0.0835038,0.0836083,3273550
424500,0.0221302,0.8500828,0.0732450,0.0795089,3273550
424600,0.0422224,0.8482274,0.0860425,0.0826854,3273550
424700,0.0278966,0.8947518,0.0588373,0.0644149,3273550
424800,0.0510306,0.8082623,0.1073134,0.0857077,3273550
424900,0.0289131,0.8858221,0.0630190,0.0722322,3273550
425000,0.0400511,0.8897148,0.0681447,0.0977383,3273550
425100,0.0337677,0.8338766,0.0867100,0.0794698,3273550
425200,0.0444426,0.8889731,0.0710763,0.0741225,3273550
425300,0.0343980,0.8769722,0.0698499,0.0928384,3273550
425400,0.0288249,0.8951937,0.0592174,0.0802478,3273550
425500,0.0483449,0.7878404,0.1138708,0.0841145,3273550
425600,0.0442845,0.8385480,0.0911515,0.0758333,3273550
425700,0.0422266,0.8414785,0.0887446,0.0689799,3273550
425800,0.0426301,0.8375700,0.0905501,0.0763711,3273550
425900,0.0585115,0.7355741,0.1408772,0.1031369,3273550
426000,0.0216121,0.8568647,0.0702214,0.0625122,3273550
426100,0.0498824,0.8431703,0.0926613,0.0851776,3273550
426200,0.0217530,0.9147420,0.0471550,0.0600784,3273550
426300,0.0253313,0.8897327,0.0593057,0.0641618,3273550
426400,0.0364209,0.8966784,0.0631812,0.0651265,3273550
426500,0.0223176,0.9187813,0.0458780,0.0569299,3273550
426600,0.0214097,0.8886025,0.0574048,0.0745059,3273550
426700,0.0327222,0.8903070,0.0635105,0.0793481,3273550
426800,0.0329663,0.8996422,0.0599229,0.0667086,3273550
426900,0.0418931,0.8850784,0.0711045,0.0801151,3273550
427000,0.0338185,0.8603793,0.0761393,0.0739827,3273550
427100,0.0504598,0.8218101,0.1015518,0.0764397,3273550
427200,0.0293480,0.9057342,0.0553151,0.0859263,3273550
427300,0.0161502,0.9213660,0.0411437,0.0587493,3273550
427400,0.0289392,0.9005551,0.0571414,0.0580810,3273550
427500,0.0139437,0.9379732,0.0331769,0.0655077,3273550
427600,0.0462863,0.8358439,0.0934342,0.0808625,3273550
427700,0.0453278,0.8084774,0.1038057,0.0882883,3273550
427800,0.0341349,0.8856335,0.0662275,0.0904159,3273550
427900,0.0321943,0.8097537,0.0954151,0.0822420,3273550
428000,0.0187504,0.9342978,0.0375311,0.0769002,3273550
428100,0.0355082,0.8863885,0.0667495,0.0763501,3273550
428200,0.0430659,0.7864698,0.1112516,0.0902627,3273550
428300,0.0466003,0.8389065,0.0923976,0.0800231,3273550
428400,0.0322805,0.8336585,0.0859049,0.0745513,3273550
428500,0.0438021,0.8653989,0.0801217,0.0873095,3273550
428600,0.0275712,0.8564625,0.0739577,0.0592566,3273550
428700,0.0370127,0.9126147,0.0571617,0.0657558,3273550
428800,0.0188320,0.8908517,0.0549585,0.0769825,3273550
428900,0.0248816,0.8942341,0.0572353,0.0653783,3273550
429000,0.0574135,0.7425897,0.1374123,0.0981808,3273550
429100,0.0384520,0.8405808,0.0868388,0.0637734,3273550
429200,0.0395283,0.9046379,0.0618618,0.0743352,3273550
429300,0.0223214,0.8790934,0.0617555,0.0655162,3273550
429400,0.0563012,0.7892290,0.1180892,0.0890092,3273550
429500,0.0405921,0.8597008,0.0804749,0.0750173,3273550
429600,0.0522072,0.8143045,0.1056025,0.0785702,3273550
429700,0.0315553,0.8523277,0.0780021,0.0644528,3273550
429800,0.0293609,0.8626354,0.0725624,0.0747436,3273550
429900,0.0505168,0.8545138,0.0885045,0.0839443,3273550
430000,0.0411509,0.7593079,0.1209674,0.1028400,3273550
430100,0.0351448,0.8787146,0.0696011,0.0762574,3273550
430200,0.0506095,0.7892101,0.1146817,0.0793895,3273550
430300,0.0511077,0.8080342,0.1074510,0.0869742,3273550
430400,0.0339368,0.8589661,0.0767757,0.0778780,3273550
430500,0.0272991,0.8109484,0.0920001,0.0948013,3273550
430600,0.0373077,0.8872603,0.0674805,0.0631422,3273550
430700,0.0197260,0.8839311,0.0582632,0.0869351,3273550
430800,0.0407492,0.9000225,0.0644405,0.0798873,3273550
430900,0.0311310,0.9069455,0.0559004,0.0580480,3273550
431000,0.0212823,0.9197872,0.0448545,0.0735617,3273550
431100,0.0271440,0.9029242,0.0551167,0.0703935,3273550
431200,0.0429629,0.8897569,0.0698750,0.0704525,3273550
431300,0.0412477,0.9062522,0.0622478,0.0670820,3273550
431400,0.0357110,0.9094232,0.0576573,0.0743258,3273550
431500,0.0219803,0.8748627,0.0632431,0.0882168,3273550
431600,0.0484908,0.7681193,0.1218468,0.0959883,3273550
431700,0.0373344,0.8950148,0.0643947,0.0664998,3273550
431800,0.0173168,0.9411010,0.0339497,0.0620397,3273550
431900,0.0345383,0.8511223,0.0802741,0.0758191,3273550
432000,0.0372945,0.9024959,0.0613783,0.0701963,3273550
432100,0.0408490,0.8038750,0.1029594,0.0869743,3273550
432200,0.0556366,0.7763778,0.1228309,0.0899914,3273550
432300,0.0268841,0.9201949,0.0480525,0.0618158,3273550
432400,0.0308789,0.9108553,0.0541852,0.0694480,3273550
432500,0.0235728,0.8880847,0.0589098,0.0618208,3273550
432600,0.0392525,0.8454229,0.0853823,0.0951104,3273550
432700,0.0302413,0.8493751,0.0783948,0.0730371,3273550
432800,0.0464956,0.8453391,0.0897617,0.0900813,3273550
432900,0.0290415,0.8917295,0.0607331,0.0610951,3273550
433000,0.0514958,0.7774589,0.1199139,0.0975137,3273550
433100,0.0292345,0.9008725,0.0571917,0.0629761,3273550
433200,0.0421097,0.8557053,0.0829837,0.0799355,3273550
433300,0.0445888,0.8813665,0.0742067,0.0800819,3273550
433400,0.0408538,0.8507596,0.0842085,0.0850052,3273550
433500,0.0391348,0.8712367,0.0749862,0.0841354,3273550
433600,0.0148639,0.9383281,0.0335871,0.0542532,3273550
433700,0.0489160,0.7981094,0.1101059,0.0890086,3273550
433800,0.0345541,0.9111839,0.0562589,0.0708364,3273550
433900,0.0702447,0.6561387,0.1796914,0.1172497,3273550
434000,0.0387900,0.8168470,0.0965352,0.0751976,3273550
434100,0.0356922,0.8606208,0.0771670,0.0832480,3273550
434200,0.0521927,0.7862423,0.1168187,0.0901713,3273550
434300,0.0492178,0.7476463,0.1304722,0.0917268,3273550
434400,0.0215993,0.8975307,0.0539473,0.0622445,3273550
434500,0.0429717,0.8579787,0.0825916,0.0717934,3273550
434600,0.0485983,0.7739787,0.1195675,0.1047902,3273550
434700,0.0437653,0.8361666,0.0917926,0.0740766,3273550
434800,0.0234176,0.9172596,0.0471467,0.0517885,3273550
434900,0.0376193,0.8817915,0.0698550,0.0742779,3273550
435000,0.0481841,0.8370777,0.0940794,0.0790840,3273550
435100,0.0356383,0.8075123,0.0983781,0.0809728,3273550
435200,0.0516979,0.8055569,0.1087960,0.0995951,3273550
435300,0.0376219,0.8878824,0.0674202,0.0799564,3273550
435400,0.0363147,0.9160888,0.0553533,0.0580043,3273550
435500,0.0424953,0.8836246,0.0720474,0.0785459,3273550
435600,0.0179982,0.8915300,0.0541869,0.0620792,3273550
435700,0.0378194,0.8878564,0.0675491,0.0776380,3273550
435800,0.0330100,0.8716207,0.0711577,0.0716177,3273550
435900,0.0460250,0.8694003,0.0798549,0.0841610,3273550
436000,0.0440686,0.8341845,0.0927674,0.0812140,3273550
436100,0.0357288,0.9045576,0.0596142,0.0841753,3273550
436200,0.0344131,0.8714337,0.0720744,0.0804181,3273550
436300,0.0367223,0.8849769,0.0680426,0.0698686,3273550
436400,0.0286879,0.8247527,0.0873117,0.0761187,3273550
436500,0.0295290,0.9148273,0.0517865,0.0583404,3273550
436600,0.0351883,0.8833610,0.0677686,0.0691196,3273550
436700,0.0366522,0.9053516,0.0598507,0.0641793,3273550
436800,0.0418329,0.8308616,0.0927551,0.0731765,3273550
436900,0.0330132,0.8877847,0.0646940,0.0709316,3273550
437000,0.0451557,0.8385125,0.0916884,0.0826538,3273550
437100,0.0449084,0.7646457,0.1210868,0.1220872,3273550
437200,0.0202368,0.9418802,0.0353900,0.0634419,3273550
437300,0.0347805,0.9078635,0.0577229,0.0883555,3273550
437400,0.0381707,0.8863966,0.0683438,0.0739190,3273550
437500,0.0498039,0.8786330,0.0784292,0.0841336,3273550
437600,0.0317323,0.9071016,0.0561987,0.0727255,3273550
437700,0.0436431,0.8193712,0.0984374,0.0861203,3273550
437800,0.0566922,0.7999876,0.1140203,0.0833120,3273550
437900,0.0375312,0.8118718,0.0977700,0.0760897,3273550
438000,0.0336127,0.8938851,0.0626136,0.0776868,3273550
438100,0.0211662,0.8925395,0.0556839,0.0675676,3273550
438200,0.0512848,0.8987886,0.0712555,0.0677469,3273550
438300,0.0350243,0.8788600,0.0694706,0.0664679,3273550
438400,0.0401722,0.8800675,0.0720764,0.0943607,3273550
438500,0.0206109,0.8938459,0.0548282,0.0665612,3273550
438600,0.0166921,0.9121689,0.0451477,0.0549367,3273550
438700,0.0206870,0.9093277,0.0486811,0.0649464,3273550
438800,0.0402499,0.7594475,0.1203710,0.1040261,3273550
438900,0.0472700,0.8397377,0.0924670,0.0773008,3273550
439000,0.0509104,0.8264102,0.0999822,0.0746413,3273550
439100,0.0414773,0.8580622,0.0816615,0.0682221,3273550
439200,0.0386268,0.8433596,0.0858322,0.0899758,3273550
439300,0.0466333,0.8080072,0.1047771,0.0768306,3273550
439400,0.0482995,0.8858991,0.0746201,0.0715282,3273550
439500,0.0229697,0.8714824,0.0651888,0.0899770,3273550
439600,0.0278822,0.8344296,0.0829575,0.0860267,3273550
439700,0.0247976,0.8516864,0.0742040,0.0696831,3273550
439800,0.0240623,0.8905259,0.0582270,0.0670104,3273550
439900,0.0587577,0.7946943,0.1173769,0.0915246,3273550
440000,0.0360534,0.9004003,0.0614720,0.0666819,3273550
440100,0.0324039,0.8963481,0.0609031,0.0632578,3273550
440200,0.0384499,0.8651710,0.0770015,0.0752268,3273550
440300,0.0335208,0.9063382,0.0575772,0.0739537,3273550
440400,0.0457998,0.8362354,0.0929857,0.0865505,3273550
440500,0.0246160,0.8740200,0.0651616,0.0774604,3273550
440600,0.0445657,0.8546603,0.0848753,0.0748604,3273550
440700,0.0142846,0.9241847,0.0388969,0.0723027,3273550
440800,0.0277435,0.9215385,0.0480307,0.0632215,3273550
440900,0.0303249,0.8186264,0.0907444,0.0762809,3273550
441000,0.0181716,0.8900576,0.0548799,0.0739652,3273550
441100,0.0547686,0.7589398,0.1292852,0.0900691,3273550
441200,0.0244095,0.8936667,0.0571790,0.0793077,3273550
441300,0.0246442,0.9062747,0.0522767,0.0616344,3273550
441400,0.0486963,0.8101742,0.1051481,0.0970249,3273550
441500,0.0359685,0.9026384,0.0605257,0.0749825,3273550
441600,0.0274726,0.8611170,0.0720368,0.0681878,3273550
441700,0.0365417,0.9046456,0.0600668,0.0763170,3273550
441800,0.0314688,0.8942322,0.0611884,0.0708773,3273550
441900,0.0333494,0.9143009,0.0542893,0.0642194,3273550
442000,0.0317864,0.8965808,0.0604395,0.0613655,3273550
442100,0.0289187,0.8851771,0.0632804,0.0627355,3273550
442200,0.0294065,0.8504735,0.0774545,0.0736401,3273550
442300,0.0299056,0.9173473,0.0510044,0.0594527,3273550
442400,0.0170091,0.9186466,0.0427468,0.0558690,3273550
442500,0.0438462,0.8699182,0.0783404,0.0736892,3273550
442600,0.0239439,0.8989714,0.0547778,0.0611695,3273550
442700,0.0442308,0.8816444,0.0738807,0.0734454,3273550
442800,0.0348374,0.8788326,0.0693694,0.0823735,3273550
442900,0.0231865,0.8873332,0.0589786,0.0743438,3273550
443000,0.0272988,0.9246680,0.0465121,0.0825136,3273550
443100,0.0490234,0.8298271,0.0974832,0.0963317,3273550
443200,0.0445011,0.8688713,0.0791521,0.0765262,3273550
443300,0.0406659,0.9022490,0.0634999,0.0827388,3273550
443400,0.0250451,0.8814204,0.0624589,0.0702725,3273550
443500,0.0475447,0.7739527,0.1189457,0.0889014,3273550
443600,0.0268228,0.8949130,0.0581285,0.0802752,3273550
443700,0.0367860,0.9045382,0.0602563,0.0616747,3273550
443800,0.0251261,0.8363048,0.0805537,0.0843194,3273550
443900,0.0406907,0.8611631,0.0799491,0.0899388,3273550
444000,0.0573347,0.7112809,0.1498885,0.1065957,3273550
444100,0.0465296,0.8180004,0.1007176,0.0832263,3273550
444200,0.0442711,0.8565297,0.0839508,0.0665662,3273550
444300,0.0364536,0.9001254,0.0618220,0.0820317,3273550
444400,0.0432659,0.8779008,0.0747992,0.0818509,3273550
444500,0.0333887,0.8350983,0.0859939,0.0800536,3273550
444600,0.0351254,0.8596811,0.0772028,0.0761387,3273550
444700,0.0269099,0.9049501,0.0541659,0.0800999,3273550
444800,0.0219155,0.8997250,0.0532593,0.0854777,3273550
444900,0.0337997,0.9132144,0.0549940,0.0788501,3273550
445000,0.0287667,0.8758087,0.0669365,0.0736833,3273550
445100,0.0302504,0.9160438,0.0517327,0.0741486,3273550
445200,0.0277399,0.8850401,0.0626279,0.0836997,3273550
445300,0.0461242,0.8916358,0.0710202,0.0833064,3273550
445400,0.0399471,0.8308208,0.0916400,0.0845980,3273550
445500,0.0289786,0.9016085,0.0567438,0.0671516,3273550
445600,0.0640351,0.7633594,0.1330773,0.0991401,3273550
445700,0.0386166,0.8053516,0.1010293,0.0887763,3273550
445800,0.0352180,0.9081425,0.0578738,0.0621138,3273550
445900,0.0345372,0.8999628,0.0607372,0.0654064,3273550
446000,0.0250914,0.8597372,0.0711599,0.0739930,3273550
446100,0.0383162,0.8186039,0.0955481,0.0768722,3273550
446200,0.0387077,0.8751932,0.0731474,0.0670219,3273550
446300,0.0176951,0.9092325,0.0469240,0.0659223,3273550
446400,0.0440865,0.8555732,0.0842227,0.0727060,3273550
446500,0.0440433,0.8876192,0.0713783,0.0608331,3273550
446600,0.0258931,0.9193063,0.0478133,0.0648145,3273550
446700,0.0221811,0.9001604,0.0532445,0.0709147,3273550
446800,0.0331902,0.8765714,0.0692856,0.0709065,3273550
446900,0.0483661,0.7998903,0.1090635,0.1029263,3273550
447000,0.0207564,0.9096003,0.0486138,0.0643153,3273550
447100,0.0143798,0.9425020,0.0316271,0.0445430,3273550
447200,0.0175172,0.9225398,0.0414944,0.0640948,3273550
447300,0.0245378,0.8941762,0.0570522,0.0688786,3273550
447400,0.0219907,0.9118676,0.0484474,0.0702931,3273550
447500,0.0396750,0.8170410,0.0969886,0.0739464,3273550
447600,0.0277287,0.8625293,0.0716255,0.0778357,3273550
447700,0.0536641,0.6922395,0.1553026,0.1086676,3273550
447800,0.0351068,0.8648402,0.0751280,0.0692609,3273550
447900,0.0682603,0.6482764,0.1816456,0.1040537,3273550
448000,0.0252032,0.9114769,0.0505312,0.0600149,3273550
448100,0.0180611,0.9150730,0.0448074,0.0646179,3273550
448200,0.0497363,0.8650838,0.0838083,0.0755276,3273550
448300,0.0231141,0.8905305,0.0576562,0.0705422,3273550
448400,0.0496351,0.8211554,0.1013189,0.0816841,3273550
448500,0.0415415,0.8984399,0.0655490,0.0720128,3273550
448600,0.0405817,0.8899083,0.0683857,0.0693631,3273550
448700,0.0458960,0.8981564,0.0682751,0.0678396,3273550
448800,0.0270945,0.9170030,0.0494555,0.0732351,3273550
448900,0.0573857,0.7071657,0.1515651,0.1040881,3273550
449000,0.0368962,0.8805537,0.0699162,0.0718297,3273550
449100,0.0542491,0.7958915,0.1141929,0.1000353,3273550
449200,0.0195076,0.9228061,0.0425821,0.0672471,3273550
449300,0.0446185,0.8509209,0.0864028,0.0732984,3273550
449400,0.0409789,0.8648226,0.0786583,0.0732488,3273550
449500,0.0455719,0.8757365,0.0770485,0.0867079,3273550
449600,0.0273602,0.8879146,0.0612503,0.0671422,3273550
449700,0.0246446,0.8170877,0.0879517,0.0790211,3273550
449800,0.0359000,0.9067923,0.0588231,0.0735316,3273550
449900,0.0203314,0.9171738,0.0453293,0.0689101,3273550
450000,0.0250667,0.9000112,0.0550355,0.0624512,3273550
450100,0.0375903,0.8771873,0.0716793,0.0779400,3273550
450200,0.0381715,0.9005356,0.0626887,0.0677054,3273550
450300,0.0496703,0.8418604,0.0930580,0.0850924,3273550
450400,0.0500403,0.7228347,0.1408903,0.0978918,3273550
450500,0.0505264,0.7938639,0.1127703,0.1073477,3273550
450600,0.0394347,0.8858092,0.0693372,0.0677489,3273550
450700,0.0300673,0.8809972,0.0656415,0.0640191,3273550
450800,0.0451951,0.8916859,0.0704427,0.0813232,3273550
450900,0.0510009,0.8260286,0.1001891,0.0755911,3273550
451000,0.0241054,0.9154727,0.0482741,0.0672754,3273550
451100,0.0312235,0.8866965,0.0640555,0.0548771,3273550
451200,0.0520206,0.8256872,0.1009375,0.1001133,3273550
451300,0.0222843,0.9353818,0.0392179,0.0725660,3273550
451400,0.0533533,0.8118960,0.1072536,0.0851344,3273550
451500,0.0393941,0.9030268,0.0624257,0.0707842,3273550
451600,0.0351740,0.9117354,0.0564102,0.0613226,3273550
451700,0.0399811,0.8465151,0.0853826,0.0853691,3273550
451800,0.0185157,0.8986222,0.0516606,0.0626253,3273550
451900,0.0303509,0.8604642,0.0740248,0.0964212,3273550
452000,0.0328500,0.8277274,0.0886190,0.0740934,3273550
452100,0.0361007,0.8781747,0.0703905,0.0640486,3273550
452200,0.0395407,0.8492316,0.0840318,0.0865007,3273550
452300,0.0472094,0.7443222,0.1305968,0.0995767,3273550
452400,0.0334034,0.8206224,0.0917930,0.1016516,3273550
452500,0.0529426,0.8350344,0.0977518,0.0821773,3273550
452600,0.0196701,0.9261018,0.0413613,0.0591394,3273550
452700,0.0283111,0.8855138,0.0627811,0.0673827,3273550
452800,0.0383747,0.9092358,0.0593305,0.0587686,3273550
452900,0.0389648,0.8345922,0.0895420,0.0930485,3273550
453000,0.0356917,0.9102758,0.0573047,0.0680957,3273550
453100,0.0478392,0.8621087,0.0838601,0.0712409,3273550
453200,0.0254614,0.8761466,0.0648182,0.0709323,3273550
453300,0.0181097,0.9115449,0.0462479,0.0585471,3273550
453400,0.0377563,0.8836380,0.0691986,0.0653434,3273550
453500,0.0426496,0.8137398,0.1000938,0.0956528,3273550
453600,0.0240853,0.9113301,0.0499191,0.0671016,3273550
453700,0.0597763,0.8748146,0.0859399,0.0662555,3273550
453800,0.0286216,0.8529925,0.0759760,0.0802784,3273550
453900,0.0456202,0.8470507,0.0885519,0.0886495,3273550
454000,0.0428789,0.8927593,0.0686236,0.0599426,3273550
454100,0.0464042,0.8076201,0.1047945,0.1012350,3273550
454200,0.0492656,0.8895977,0.0737203,0.0750436,3273550
454300,0.0388390,0.8804196,0.0711356,0.0768007,3273550
454400,0.0504851,0.7982572,0.1109882,0.0838863,3273550
454500,0.0455337,0.8803130,0.0751950,0.0966538,3273550
454600,0.0510375,0.8095567,0.1067998,0.0830700,3273550
454700,0.0221352,0.8817868,0.0605664,0.0730337,3273550
454800,0.0294592,0.8375200,0.0826675,0.0874597,3273550
454900,0.0417376,0.8769224,0.0742736,0.0799864,3273550
455000,0.0422218,0.8561627,0.0828680,0.0735676,3273550
455100,0.0298572,0.8942424,0.0602174,0.0662782,3273550
455200,0.0515265,0.7709149,0.1225500,0.0964340,3273550
455300,0.0381904,0.8838499,0.0693743,0.0761552,3273550
455400,0.0300199,0.8980485,0.0587926,0.0739210,3273550
455500,0.0131799,0.9509658,0.0275216,0.0564717,3273550
455600,0.0377539,0.9055092,0.0604487,0.0714479,3273550
455700,0.0458562,0.8476551,0.0884517,0.0819186,3273550
455800,0.0524676,0.7956592,0.1132169,0.0916620,3273550
455900,0.0396042,0.8764743,0.0731728,0.0652101,3273550
456000,0.0516982,0.8310205,0.0986107,0.1001428,3273550
456100,0.0416881,0.8337503,0.0915128,0.0690505,3273550
456200,0.0377455,0.8997887,0.0627318,0.0683679,3273550
456300,0.0278915,0.8214219,0.0881662,0.1025570,3273550
456400,0.0236399,0.9210303,0.0457718,0.0681189,3273550
456500,0.0318610,0.8790371,0.0675018,0.0709899,3273550
456600,0.0441977,0.8602548,0.0824167,0.0902795,3273550
456700,0.0180940,0.9501343,0.0308027,0.0513716,3273550
456800,0.0590046,0.7932013,0.1181222,0.0823002,3273550
456900,0.0254656,0.9024092,0.0543157,0.0616412,3273550
457000,0.0324548,0.8366433,0.0848156,0.0749093,3273550
457100,0.0466878,0.8270105,0.0972085,0.0803363,3273550
457200,0.0494212,0.8307831,0.0973394,0.0858618,3273550
457300,0.0311259,0.9175186,0.0516681,0.0700065,3273550
457400,0.0204507,0.9118074,0.0475475,0.0694123,3273550
457500,0.0297515,0.8832133,0.0645656,0.0631855,3273550
457600,0.0266795,0.9045891,0.0541720,0.0799527,3273550
457700,0.0481023,0.8214037,0.1002999,0.0790027,3273550
457800,0.0356205,0.8296659,0.0895059,0.0758782,3273550
457900,0.0181801,0.9096798,0.0470361,0.0616361,3273550
458000,0.0215262,0.9108053,0.0485936,0.0854503,3273550
458100,0.0313637,0.8634099,0.0734543,0.0724852,3273550
458200,0.0439947,0.7914340,0.1098232,0.0898033,3273550
458300,0.0427280,0.9009467,0.0652581,0.0772230,3273550
458400,0.0296412,0.8796847,0.0659108,0.0639799,3273550
458500,0.0263030,0.8164151,0.0892158,0.0898451,3273550
458600,0.0305611,0.8916171,0.0616898,0.0732183,3273550
458700,0.0646755,0.6817000,0.1661253,0.1056354,3273550
458800,0.0412777,0.8865986,0.0701272,0.0792592,3273550
458900,0.0417549,0.8216504,0.0963928,0.0782656,3273550
459000,0.0353556,0.8722651,0.0723073,0.0796739,3273550
459100,0.0206771,0.8861170,0.0579595,0.0778509,3273550
459200,0.0444602,0.8889738,0.0710866,0.0712117,3273550
459300,0.0383178,0.9064907,0.0603944,0.0794835,3273550
459400,0.0199335,0.9036325,0.0505071,0.0823136,3273550
459500,0.0296453,0.8855648,0.0635612,0.0807936,3273550
459600,0.0441360,0.8570694,0.0836539,0.0745686,3273550
459700,0.0404135,0.8575863,0.0812136,0.0871130,3273550
459800,0.0339126,0.9115604,0.0557234,0.0586854,3273550
459900,0.0187362,0.8902523,0.0551408,0.0632660,3273550
460000,0.0338503,0.9071754,0.0574400,0.0595269,3273550
460100,0.0410767,0.8440908,0.0870097,0.0755870,3273550
460200,0.0460664,0.7839339,0.1140663,0.0878445,3273550
460300,0.0169190,0.9148428,0.0442143,0.0828640,3273550
460400,0.0362355,0.8907449,0.0654433,0.0669739,3273550
460500,0.0303313,0.8882966,0.0628801,0.0725990,3273550
460600,0.0212361,0.9196192,0.0448940,0.0580950,3273550
460700,0.0348783,0.8881853,0.0656529,0.0579177,3273550
460800,0.0323302,0.8603548,0.0752562,0.0671848,3273550
460900,0.0609018,0.8349956,0.1025428,0.0865226,3273550
461000,0.0505525,0.7533193,0.1290038,0.0959330,3273550
461100,0.0575690,0.7972199,0.1156535,0.0943859,3273550
461200,0.0435165,0.8549565,0.0841273,0.0785025,3273550
461300,0.0484693,0.7286521,0.1376208,0.0921672,3273550
461400,0.0690529,0.6740601,0.1718077,0.1105196,3273550
461500,0.0256928,0.8840539,0.0617941,0.0747217,3273550
461600,0.0379883,0.8942761,0.0650825,0.0803836,3273550
461700,0.0291757,0.9051419,0.0554487,0.0701943,3273550
461800,0.0215422,0.9226671,0.0438585,0.0583952,3273550
461900,0.0271073,0.9482823,0.0369515,0.0623640,3273550
462000,0.0553708,0.8045558,0.1114002,0.0867270,3273550
462100,0.0260231,0.8896630,0.0597487,0.0614277,3273550
462200,0.0486776,0.8304837,0.0970131,0.0973318,3273550
462300,0.0547588,0.8699279,0.0848842,0.0815561,3273550
462400,0.0474854,0.8662463,0.0819927,0.0825658,3273550
462500,0.0417315,0.8920615,0.0682143,0.0705818,3273550
462600,0.0327739,0.8933438,0.0623268,0.0781743,3273550
462700,0.0287859,0.8384765,0.0818809,0.0858656,3273550
462800,0.0233710,0.8982977,0.0547036,0.0732704,3273550
462900,0.0361890,0.8433342,0.0843797,0.0764672,3273550
463000,0.0249260,0.9158031,0.0486343,0.0625896,3273550
463100,0.0364071,0.8739112,0.0722798,0.0742725,3273550
463200,0.0504883,0.7777523,0.1191921,0.1153153,3273550
463300,0.0586965,0.7412140,0.1387323,0.1055622,3273550
463400,0.0501338,0.7872022,0.1151994,0.0902198,3273550
463500,0.0433898,0.8788931,0.0744767,0.0815414,3273550
463600,0.0313891,0.9086554,0.0553713,0.0676319,3273550
463700,0.0343467,0.8972290,0.0617164,0.0774147,3273550
463800,0.0470774,0.7851657,0.1141802,0.0856221,3273550
463900,0.0321759,0.9054128,0.0571404,0.0637805,3273550
464000,0.0375966,0.9080091,0.0593543,0.0598212,3273550
464100,0.0148627,0.9416709,0.0322493,0.0453071,3273550
464200,0.0304167,0.8280377,0.0870349,0.0903895,3273550
464300,0.0423681,0.8950790,0.0673893,0.0815156,3273550
464400,0.0620526,0.7642576,0.1315285,0.1041646,3273550
464500,0.0332321,0.8401070,0.0838965,0.0827469,3273550
464600,0.0529542,0.8742424,0.0820755,0.0704248,3273550
464700,0.0396275,0.8518965,0.0830179,0.0873974,3273550
464800,0.0479267,0.7656708,0.1224877,0.1042446,3273550
464900,0.0387328,0.8735566,0.0738170,0.0810411,3273550
465000,0.0250777,0.8995523,0.0552257,0.0673915,3273550
465100,0.0249476,0.8827225,0.0618796,0.0889695,3273550
465200,0.1046275,0.5133015,0.2574559,0.1494234,3273550
465300,0.0288173,0.8706932,0.0690131,0.0773211,3273550
465400,0.0482463,0.8210831,0.1005146,0.0810268,3273550
465500,0.0357764,0.8738351,0.0719318,0.0678381,3273550
465600,0.0456534,0.8222284,0.0985007,0.0782574,3273550
465700,0.0370970,0.8778253,0.0711281,0.0741326,3273550
465800,0.0266051,0.9181978,0.0486840,0.0703828,3273550
465900,0.0294534,0.9101313,0.0536195,0.0626177,3273550
466000,0.0387970,0.8706442,0.0750205,0.0585017,3273550
466100,0.0372223,0.8761896,0.0718576,0.0764070,3273550
466200,0.0406825,0.8615505,0.0797893,0.0749845,3273550
466300,0.0496267,0.8160043,0.1033743,0.0976946,3273550
466400,0.0283073,0.9145796,0.0511526,0.0593728,3273550
466500,0.0479261,0.7941445,0.1110979,0.0841473,3273550
466600,0.0217522,0.9032628,0.0517462,0.0616752,3273550
466700,0.0224861,0.9227703,0.0443835,0.0616071,3273550
466800,0.0488384,0.7854671,0.1151162,0.0832561,3273550
466900,0.0367345,0.8745231,0.0722315,0.0652827,3273550
467000,0.0306599,0.8702447,0.0702980,0.0694753,3273550
467100,0.0240681,0.8771660,0.0635744,0.0657342,3273550
467200,0.0339389,0.8410169,0.0839566,0.0722380,3273550
467300,0.0465633,0.8294231,0.0961688,0.0713792,3273550
467400,0.0395261,0.8362089,0.0892321,0.0855928,3273550
467500,0.0452910,0.8147038,0.1012931,0.0797390,3273550
467600,0.0476744,0.8641378,0.0829495,0.0711485,3273550
467700,0.0210414,0.8940207,0.0550166,0.0606879,3273550
467800,0.0488515,0.8114282,0.1047396,0.0914367,3273550
467900,0.0292308,0.8472987,0.0786190,0.0882393,3273550
468000,0.0410012,0.8819256,0.0718305,0.0675932,3273550
468100,0.0166142,0.9168267,0.0432378,0.0693532,3273550
468200,0.0334098,0.8585942,0.0766082,0.0815568,3273550
468300,0.0362399,0.9116015,0.0571033,0.0615132,3273550
468400,0.0542391,0.8529227,0.0913744,0.0814024,3273550
468500,0.0486886,0.8890431,0.0735959,0.0729692,3273550
468600,0.0525013,0.8504391,0.0913251,0.0898551,3273550
468700,0.0450059,0.8185158,0.0995973,0.0737193,3273550
468800,0.0156449,0.9569549,0.0266050,0.0505503,3273550
468900,0.0456092,0.8623341,0.0824319,0.0814519,3273550
469000,0.0322497,0.9022605,0.0584456,0.0680669,3273550
469100,0.0341149,0.8333147,0.0871430,0.0878507,3273550
469200,0.0269729,0.8929250,0.0590137,0.0625438,3273550
469300,0.0205685,0.9229594,0.0431573,0.0682633,3273550
469400,0.0364885,0.9054056,0.0597308,0.0870741,3273550
469500,0.0384895,0.8612350,0.0785997,0.0868399,3273550
469600,0.0449750,0.8095841,0.1031514,0.0845237,3273550
469700,0.0475191,0.8532473,0.0872125,0.0847507,3273550
469800,0.0371645,0.8295836,0.0904653,0.0742440,3273550
469900,0.0437678,0.8710091,0.0778570,0.0795779,3273550
470000,0.0188177,0.9176608,0.0442263,0.0610850,3273550
470100,0.0338685,0.9066586,0.0576577,0.0767271,3273550
470200,0.0523199,0.8699697,0.0834040,0.0838665,3273550
470300,0.0421262,0.8051177,0.1032286,0.0882069,3273550
470400,0.0589696,0.7435765,0.1379512,0.1022743,3273550
470500,0.0331158,0.8960367,0.0614548,0.0631437,3273550
470600,0.0154046,0.9195598,0.0414189,0.0649104,3273550
470700,0.0488725,0.7659200,0.1229555,0.0963197,3273550
470800,0.0136950,0.9252564,0.0381145,0.0689660,3273550
470900,0.0295140,0.8859450,0.0633304,0.0717791,3273550
471000,0.0226057,0.8947800,0.0556514,0.0707299,3273550
471100,0.0291424,0.8796262,0.0656350,0.0731372,3273550
471200,0.0429455,0.8993940,0.0660097,0.0752990,3273550
471300,0.0404954,0.7751389,0.1142417,0.1012825,3273550
471400,0.0188445,0.9144660,0.0455203,0.0582244,3273550
471500,0.0350027,0.9039483,0.0594223,0.0752697,3273550
471600,0.0602990,0.8247458,0.1062811,0.0847144,3273550
471700,0.0416735,0.8706387,0.0767487,0.0793509,3273550
471800,0.0548192,0.7699283,0.1249202,0.0897412,3273550
471900,0.0693917,0.7321628,0.1487699,0.1102670,3273550
472000,0.0330112,0.9196666,0.0519401,0.0579448,3273550
472100,0.0454710,0.8507398,0.0869867,0.0786537,3273550
472200,0.0229163,0.9113696,0.0492019,0.0779858,3273550
472300,0.0356045,0.8747226,0.0714737,0.0767232,3273550
472400,0.0278947,0.8992881,0.0570216,0.0549907,3273550
472500,0.0300981,0.9171521,0.0511980,0.0585119,3273550
472600,0.0415964,0.8879562,0.0697753,0.0653881,3273550
472700,0.0536475,0.7450850,0.1341545,0.1085458,3273550
472800,0.0324737,0.8966265,0.0608336,0.0648301,3273550
472900,0.0437832,0.8805366,0.0740553,0.0906775,3273550
473000,0.0213963,0.8747530,0.0629366,0.0660777,3273550
473100,0.0386128,0.8824161,0.0702012,0.0646731,3273550
473200,0.0480581,0.8330953,0.0955967,0.0872659,3273550
473300,0.0270996,0.8838948,0.0627018,0.0706292,3273550
473400,0.0475858,0.8057489,0.1062519,0.0916510,3273550
473500,0.0386436,0.8842598,0.0694822,0.0619277,3273550
473600,0.0189185,0.9406214,0.0351025,0.0542227,3273550
473700,0.0134335,0.9377283,0.0329688,0.0656055,3273550
473800,0.0431985,0.8219616,0.0971344,0.0868697,3273550
473900,0.0463237,0.7972675,0.1088872,0.0857629,3273550
474000,0.0499754,0.7999786,0.1099938,0.0892817,3273550
474100,0.0336982,0.8231061,0.0909765,0.0781379,3273550
474200,0.0205608,0.8792291,0.0606449,0.0639513,3273550
474300,0.0515113,0.8341658,0.0972404,0.0846529,3273550
474400,0.0454873,0.8052948,0.1051745,0.0658387,3273550
474500,0.0488570,0.7924484,0.1123349,0.0821725,3273550
474600,0.0229015,0.8948758,0.0557906,0.0679015,3273550
474700,0.0507232,0.7929723,0.1132450,0.0995240,3273550
474800,0.0390283,0.8547844,0.0815032,0.0832048,3273550
474900,0.0307985,0.8571582,0.0756158,0.0792203,3273550
475000,0.0478705,0.8255578,0.0984992,0.0908607,3273550
475100,0.0538538,0.8465438,0.0936947,0.0936034,3273550
475200,0.0298557,0.9101981,0.0538342,0.0666600,3273550
475300,0.0420033,0.8569273,0.0824311,0.0705906,3273550
475400,0.0202593,0.8927174,0.0550686,0.0636797,3273550
475500,0.0424491,0.8639106,0.0799053,0.0676829,3273550
475600,0.0381083,0.8456259,0.0846146,0.0782812,3273550
475700,0.0236963,0.9061176,0.0517707,0.0705059,3273550
475800,0.0373666,0.8552926,0.0803030,0.0757077,3273550
475900,0.0368189,0.8232533,0.0927900,0.0899117,3273550
476000,0.0384355,0.8988504,0.0635211,0.0627171,3273550
476100,0.0298823,0.8646075,0.0720864,0.0979023,3273550
476200,0.0444643,0.7059129,0.1443134,0.0988330,3273550
476300,0.0467358,0.7658076,0.1217184,0.1098621,3273550
476400,0.0174832,0.9190884,0.0428546,0.0554005,3273550
476500,0.0381710,0.8661265,0.0764520,0.0907990,3273550
476600,0.0411856,0.8054271,0.1025405,0.0874049,3273550
476700,0.0389341,0.8595080,0.0795572,0.0650083,3273550
476800,0.0125249,0.9373651,0.0325689,0.0494810,3273550
476900,0.0456791,0.8840742,0.0737778,0.0758749,3273550
477000,0.0428109,0.8566701,0.0830185,0.0828996,3273550
477100,0.0382986,0.8653809,0.0768268,0.0695669,3273550
477200,0.0436726,0.8857986,0.0718841,0.0643796,3273550
477300,0.0331843,0.8912570,0.0634077,0.0729572,3273550
477400,0.0488046,0.7702605,0.1211786,0.1075879,3273550
477500,0.0244176,0.8988358,0.0551162,0.0545797,3273550
477600,0.0476860,0.8418791,0.0918600,0.0752714,3273550
477700,0.0362532,0.8755956,0.0715137,0.0734737,3273550
477800,0.0313869,0.8546400,0.0769762,0.0808715,3273550
477900,0.0394433,0.7949792,0.1056743,0.1032922,3273550
478000,0.0453056,0.8147704,0.1012752,0.0829614,3273550
478100,0.0438865,0.8724374,0.0773570,0.0678056,3273550
478200,0.0298039,0.9013587,0.0573389,0.0764738,3273550
478300,0.0547500,0.7825773,0.1198191,0.0833670,3273550
478400,0.0406599,0.7735005,0.1149957,0.0942671,3273550
478500,0.0439364,0.7985378,0.1069467,0.0758350,3273550
478600,0.0310277,0.8907896,0.0623008,0.0684099,3273550
478700,0.0276001,0.9297949,0.0446421,0.0513756,3273550
478800,0.0423633,0.8993411,0.0656815,0.0756389,3273550
478900,0.0479547,0.7860133,0.1143675,0.0940406,3273550
479000,0.0572090,0.7190554,0.1467032,0.1109100,3273550
479100,0.0509480,0.7867950,0.1158508,0.0859901,3273550
479200,0.0332945,0.9239390,0.0504011,0.0684556,3273550
479300,0.0302962,0.7431977,0.1208986,0.0951260,3273550
479400,0.0183908,0.9169760,0.0442441,0.0592907,3273550
479500,0.0583543,0.7606577,0.1307495,0.0943085,3273550
479600,0.0463749,0.8014843,0.1072312,0.0793989,3273550
479700,0.0273622,0.8997982,0.0564981,0.0633982,3273550
479800,0.0253885,0.9195330,0.0474199,0.0570562,3273550
479900,0.0531762,0.7451417,0.1338490,0.1015196,3273550
480000,0.0289651,0.8853088,0.0632556,0.0625060,3273550
480100,0.0480495,0.8582559,0.0855274,0.0970029,3273550
480200,0.0185178,0.9262323,0.0406178,0.0674923,3273550
480300,0.0350113,0.8709082,0.0726435,0.0800311,3273550
480400,0.0408873,0.7885464,0.1091138,0.0775266,3273550
480500,0.0403770,0.8582568,0.0809235,0.0677287,3273550
480600,0.0220543,0.8874073,0.0582696,0.0684006,3273550
480700,0.0150477,0.9271473,0.0381697,0.0583901,3273550
480800,0.0240626,0.9000685,0.0544102,0.0819163,3273550
480900,0.0408439,0.8683523,0.0771654,0.0763703,3273550
481000,0.0410299,0.8953953,0.0664599,0.0731682,3273550
481100,0.0269972,0.8567332,0.0735050,0.0781788,3273550
481200,0.0122155,0.9422061,0.0304469,0.0530770,3273550
481300,0.0466583,0.8273522,0.0970541,0.0836419,3273550
481400,0.0231537,0.9324037,0.0409307,0.0564017,3273550
481500,0.0323455,0.8682969,0.0720886,0.0682686,3273550
481600,0.0351297,0.8571945,0.0782000,0.0773822,3273550
481700,0.0340652,0.8601519,0.0763783,0.0914887,3273550
481800,0.0186116,0.9542403,0.0294708,0.0463787,3273550
481900,0.0460193,0.8215674,0.0989846,0.0842788,3273550
482000,0.0523395,0.8797393,0.0795080,0.0722685,3273550
482100,0.0271293,0.9008120,0.0559528,0.0786685,3273550
482200,0.0125868,0.9366272,0.0329012,0.0557859,3273550
482300,0.0301609,0.9166847,0.0514226,0.0725957,3273550
482400,0.0225292,0.9272195,0.0426297,0.0654850,3273550
482500,0.0515856,0.8200859,0.1029170,0.0775541,3273550
482600,0.0424343,0.8885139,0.0700550,0.0877094,3273550
482700,0.0253198,0.9173301,0.0482598,0.0664333,3273550
482800,0.0359569,0.8913693,0.0650264,0.0748779,3273550
482900,0.0553827,0.7610911,0.1287932,0.0969894,3273550
483000,0.0424424,0.9007596,0.0651616,0.0680550,3273550
483100,0.0199042,0.8923572,0.0549996,0.0749513,3273550
483200,0.0178039,0.8706956,0.0624041,0.0774650,3273550
483300,0.0323405,0.8881480,0.0641451,0.0658582,3273550
483400,0.0281914,0.8685663,0.0694883,0.0806569,3273550
483500,0.0467297,0.8521748,0.0871679,0.0770889,3273550
483600,0.0422360,0.8981450,0.0660836,0.0631119,3273550
483700,0.0373375,0.8883610,0.0670581,0.0705957,3273550
483800,0.0307702,0.8348548,0.0845202,0.0811462,3273550
483900,0.0494532,0.7990990,0.1100323,0.0886798,3273550
484000,0.0278827,0.8869091,0.0619659,0.0589819,3273550
484100,0.0299337,0.8936608,0.0604959,0.0684336,3273550
484200,0.0219632,0.7932966,0.0958593,0.0889486,3273550
484300,0.0515139,0.7693309,0.1231760,0.0889665,3273550
484400,0.0349534,0.8763894,0.0704163,0.0722854,3273550
484500,0.0462659,0.8727740,0.0786499,0.0830781,3273550
484600,0.0480442,0.8354361,0.0946521,0.1071434,3273550
484700,0.0499281,0.7935883,0.1125216,0.0789591,3273550
484800,0.0219064,0.9306045,0.0409020,0.0606413,3273550
484900,0.0423127,0.8598262,0.0814571,0.0823145,3273550
485000,0.0480835,0.8561705,0.0863819,0.0812779,3273550
485100,0.0364121,0.8375452,0.0868292,0.0801918,3273550
485200,0.0201434,0.8899798,0.0560941,0.0789540,3273550
485300,0.0264417,0.8929309,0.0586926,0.0731300,3273550
485400,0.0491186,0.8108610,0.1051268,0.0796459,3273550
485500,0.0400104,0.8597475,0.0801072,0.0815955,3273550
485600,0.0356371,0.8868420,0.0666455,0.0918682,3273550
485700,0.0481590,0.8729402,0.0797193,0.0758989,3273550
485800,0.0414189,0.8443817,0.0870987,0.1030879,3273550
485900,0.0258980,0.8952581,0.0574356,0.0802793,3273550
486000,0.0242834,0.9165000,0.0479700,0.0579220,3273550
486100,0.0441736,0.7892722,0.1107953,0.0879075,3273550
486200,0.0399724,0.8459904,0.0855873,0.0855644,3273550
486300,0.0404846,0.8766323,0.0736378,0.0673278,3273550
486400,0.0267490,0.8482777,0.0767384,0.0752460,3273550
486500,0.0230771,0.8545419,0.0720295,0.0712149,3273550
486600,0.0373718,0.7417403,0.1257270,0.0905822,3273550
486700,0.0292503,0.8817500,0.0648502,0.0727128,3273550
486800,0.0380293,0.8932723,0.0655086,0.0624989,3273550
486900,0.0480277,0.8276674,0.0977497,0.0784762,3273550
487000,0.0275416,0.8385425,0.0811080,0.0803603,3273550
487100,0.0470735,0.8082933,0.1049268,0.0779087,3273550
487200,0.0550604,0.7970735,0.1142069,0.0815897,3273550
487300,0.0427376,0.8597071,0.0817597,0.0770253,3273550
487400,0.0206108,0.9088589,0.0488229,0.0571481,3273550
487500,0.0212980,0.9109263,0.0484083,0.0692655,3273550
487600,0.0421299,0.8081691,0.1020103,0.0845378,3273550
487700,0.0242110,0.9117175,0.0498396,0.0668290,3273550
487800,0.0248010,0.9132243,0.0495909,0.0596129,3273550
487900,0.0361667,0.8829230,0.0685308,0.0757118,3273550
488000,0.0356983,0.9083878,0.0580639,0.0590154,3273550
488100,0.0664163,0.6363417,0.1853131,0.1325161,3273550
488200,0.0338242,0.8772137,0.0694090,0.0736806,3273550
488300,0.0486020,0.8291041,0.0975196,0.0824918,3273550
488400,0.0345321,0.8786938,0.0692418,0.0736741,3273550
488500,0.0457451,0.8549731,0.0854578,0.0985274,3273550
488600,0.0329718,0.9065680,0.0571559,0.0595619,3273550
488700,0.0422097,0.8655522,0.0791049,0.0728935,3273550
488800,0.0460789,0.8269020,0.0968865,0.0791870,3273550
488900,0.0280702,0.9017338,0.0561486,0.0771575,3273550
489000,0.0442753,0.8459761,0.0881747,0.0753707,3273550
489100,0.0147184,0.9381628,0.0335659,0.0401793,3273550
489200,0.0292648,0.8757266,0.0672682,0.0590732,3273550
489300,0.0380258,0.8932267,0.0655248,0.0779509,3273550
489400,0.0524292,0.8229156,0.1022913,0.0833355,3273550
489500,0.0224981,0.9009353,0.0531248,0.0651834,3273550
489600,0.0292741,0.9182018,0.0502838,0.0561581,3273550
489700,0.0215977,0.8614783,0.0683673,0.0749454,3273550
489800,0.0331984,0.9100704,0.0558909,0.0725255,3273550
489900,0.0492278,0.8395367,0.0937220,0.0754923,3273550
490000,0.0455754,0.8904506,0.0711650,0.0703309,3273550
490100,0.0423785,0.8545195,0.0836193,0.0861386,3273550
490200,0.0321848,0.8958242,0.0609812,0.0569703,3273550
490300,0.0292816,0.8865248,0.0629591,0.0728829,3273550
490400,0.0305331,0.8811480,0.0658606,0.0638771,3273550
490500,0.0127776,0.9346366,0.0338119,0.0509622,3273550
490600,0.0462834,0.8090379,0.1041549,0.0815551,3273550
490700,0.0235694,0.9104587,0.0499582,0.0686116,3273550
490800,0.0419909,0.8628297,0.0800627,0.0657668,3273550
490900,0.0483909,0.7447662,0.1311281,0.0966628,3273550
491000,0.0250447,0.9097638,0.0511213,0.0618927,3273550
491100,0.0357511,0.8886527,0.0659896,0.0737987,3273550
491200,0.0317674,0.8678526,0.0719194,0.0845127,3273550
491300,0.0432899,0.8468990,0.0872144,0.0709388,3273550
491400,0.0334999,0.8987554,0.0605978,0.0659232,3273550
491500,0.0483434,0.8355489,0.0947865,0.0788465,3273550
491600,0.0537256,0.8112843,0.1077216,0.0757202,3273550
491700,0.0392951,0.7622356,0.1186828,0.1000322,3273550
491800,0.0377768,0.8712299,0.0741742,0.0612621,3273550
491900,0.0326560,0.8307909,0.0872773,0.0741994,3273550
492000,0.0403118,0.8840988,0.0705476,0.0792218,3273550
492100,0.0514666,0.7874975,0.1158809,0.0908150,3273550
492200,0.0205918,0.9219640,0.0435695,0.0553558,3273550
492300,0.0285187,0.9147737,0.0512017,0.0499708,3273550
492400,0.0356281,0.9083617,0.0580322,0.0614131,3273550
492500,0.0420372,0.8868649,0.0704764,0.0606169,3273550
492600,0.0281358,0.8952601,0.0587774,0.0636441,3273550
492700,0.0333932,0.8596150,0.0761899,0.0882175,3273550
492800,0.0475634,0.8059733,0.1061487,0.0864976,3273550
492900,0.0622311,0.7334605,0.1439545,0.1047894,3273550
493000,0.0517266,0.8121969,0.1061572,0.0991018,3273550
493100,0.0656543,0.8496230,0.0995434,0.0919702,3273550
493200,0.0445658,0.8627476,0.0816405,0.0753295,3273550
493300,0.0353943,0.8499097,0.0812727,0.0813976,3273550
493400,0.0142824,0.9316310,0.0359170,0.0543888,3273550
493500,0.0288270,0.8925403,0.0602801,0.0610640,3273550
493600,0.0284698,0.8199823,0.0890889,0.0750001,3273550
493700,0.0218514,0.9200955,0.0450726,0.0638358,3273550
493800,0.0357015,0.9026869,0.0603461,0.0729273,3273550
493900,0.0478282,0.8627887,0.0835815,0.0910263,3273550
494000,0.0462555,0.8555608,0.0855290,0.0778972,3273550
494100,0.0321749,0.9132226,0.0540159,0.0672710,3273550
494200,0.0411521,0.8472841,0.0857776,0.0853964,3273550
494300,0.0347406,0.8762752,0.0703343,0.0666111,3273550
494400,0.0280143,0.8611332,0.0723553,0.0735232,3273550
494500,0.0388825,0.8355111,0.0891251,0.0690110,3273550
494600,0.0291192,0.9009326,0.0570985,0.0715506,3273550
494700,0.0516763,0.8505453,0.0907876,0.0927435,3273550
494800,0.0464131,0.8469125,0.0890828,0.1051637,3273550
494900,0.0516075,0.7751874,0.1208895,0.0936769,3273550
495000,0.0407098,0.8604635,0.0802405,0.0715242,3273550
495100,0.0232215,0.9062340,0.0514393,0.0591809,3273550
495200,0.0324949,0.8497792,0.0795853,0.0794111,3273550
495300,0.0290015,0.8830397,0.0641850,0.0772402,3273550
495400,0.0246636,0.8434039,0.0774366,0.0711294,3273550
495500,0.0401604,0.8073575,0.1011532,0.0739805,3273550
495600,0.0300409,0.8847297,0.0641327,0.0726765,3273550
495700,0.0206775,0.9151777,0.0463354,0.0647772,3273550
495800,0.0343353,0.9150662,0.0545747,0.0567133,3273550
495900,0.0359957,0.8986948,0.0621195,0.0823678,3273550
496000,0.0208214,0.9518262,0.0317624,0.0624943,3273550
496100,0.0397000,0.8413923,0.0872631,0.0804073,3273550
496200,0.0405303,0.8751281,0.0742670,0.0721969,3273550
496300,0.0277499,0.9128106,0.0515257,0.0781526,3273550
496400,0.0341136,0.8984377,0.0610931,0.0784842,3273550
496500,0.0335972,0.8316109,0.0875140,0.0829290,3273550
496600,0.0474037,0.7706295,0.1201904,0.0972404,3273550
496700,0.0335811,0.9052370,0.0580539,0.0618849,3273550
496800,0.0332337,0.9054371,0.0577654,0.0651261,3273550
496900,0.0508172,0.7950299,0.1124784,0.0874360,3273550
497000,0.0434450,0.7977687,0.1069596,0.0844648,3273550
497100,0.0457654,0.6984206,0.1480910,0.0952284,3273550
497200,0.0318125,0.8934946,0.0616897,0.0717048,3273550
497300,0.0251181,0.9019614,0.0542863,0.0759949,3273550
497400,0.0423294,0.8829056,0.0722354,0.0640188,3273550
497500,0.0436693,0.9101425,0.0621446,0.0555312,3273550
497600,0.0274426,0.8999430,0.0564884,0.0696845,3273550
497700,0.0339421,0.8932750,0.0630553,0.0816095,3273550
497800,0.0394130,0.8913429,0.0671106,0.0695992,3273550
497900,0.0429222,0.8630435,0.0805359,0.0776933,3273550
498000,0.0393010,0.9230744,0.0543508,0.0713887,3273550
498100,0.0404621,0.8974900,0.0652812,0.0639052,3273550
498200,0.0434253,0.8734442,0.0766775,0.0930417,3273550
498300,0.0348009,0.9051130,0.0588353,0.0574877,3273550
498400,0.0508670,0.7267255,0.1398300,0.0991830,3273550
498500,0.0270260,0.8820025,0.0634146,0.0771384,3273550
498600,0.0230328,0.9016610,0.0531553,0.0680308,3273550
498700,0.0399792,0.8665508,0.0773672,0.0697543,3273550
498800,0.0235441,0.9422500,0.0372265,0.0509367,3273550
498900,0.0301397,0.8752781,0.0679726,0.0546249,3273550
499000,0.0147101,0.9289221,0.0372572,0.0613014,3273550
499100,0.0436237,0.8491142,0.0865285,0.0733951,3273550
499200,0.0261140,0.9000376,0.0556534,0.0627819,3273550
499300,0.0257842,0.9029481,0.0542913,0.0804842,3273550
499400,0.0312123,0.9009598,0.0583434,0.0622102,3273550
499500,0.0437686,0.8513542,0.0857195,0.0744529,3273550
499600,0.0361722,0.8937645,0.0641975,0.0673932,3273550
499700,0.0229549,0.8804549,0.0615910,0.0773425,3273550
499800,0.0467540,0.8581705,0.0847842,0.0677072,3273550
499900,0.0192909,0.9134027,0.0462135,0.0591377,3273550
500000,0.0291257,0.9018215,0.0567468,0.0684251,3273550
500100,0.0227175,0.8993515,0.0538899,0.0649377,3273550
500200,0.0264176,0.9379972,0.0406516,0.0615559,3273550
500300,0.0453919,0.8456339,0.0889816,0.0823035,3273550
500400,0.0355493,0.9120126,0.0565245,0.0742951,3273550
500500,0.0283960,0.9121333,0.0521843,0.0551001,3273550
500600,0.0270320,0.8694685,0.0684318,0.0687039,3273550
500700,0.0462246,0.8299232,0.0957655,0.0896865,3273550
500800,0.0205543,0.9604349,0.0281587,0.0565675,3273550
500900,0.0465485,0.8271269,0.0970783,0.0857449,3273550
501000,0.0317327,0.8731536,0.0697782,0.0652650,3273550
501100,0.0184967,0.9141557,0.0454358,0.0650497,3273550
501200,0.0436275,0.7714752,0.1175864,0.0868514,3273550
501300,0.0290038,0.8818281,0.0646711,0.0666285,3273550
501400,0.0410544,0.8784335,0.0732592,0.0653850,3273550
501500,0.0471482,0.8275418,0.0972722,0.0838269,3273550
501600,0.0538924,0.7811842,0.1198618,0.0929957,3273550
501700,0.0433971,0.8112620,0.1015334,0.0884909,3273550
501800,0.0316778,0.8195626,0.0911816,0.0756574,3273550
501900,0.0321953,0.8996583,0.0594539,0.0716385,3273550
502000,0.0302692,0.8855004,0.0639613,0.0704755,3273550
502100,0.0359551,0.8572642,0.0786674,0.0834671,3273550
502200,0.0470796,0.8612751,0.0837377,0.0825825,3273550
502300,0.0272118,0.9012666,0.0558204,0.0960954,3273550
502400,0.0538274,0.7581866,0.1290218,0.0869878,3273550
502500,0.0289307,0.8909696,0.0609706,0.0698361,3273550
502600,0.0418406,0.8687361,0.0776099,0.0750861,3273550
502700,0.0410184,0.8666109,0.0779666,0.0755264,3273550
502800,0.0422250,0.8852288,0.0712435,0.0701320,3273550
502900,0.0402854,0.9042529,0.0624701,0.0686502,3273550
503000,0.0315576,0.7900922,0.1028977,0.0817755,3273550
503100,0.0331782,0.8470335,0.0810935,0.0797698,3273550
503200,0.0302658,0.8571932,0.0752822,0.0753894,3273550
503300,0.0263933,0.8860613,0.0614114,0.0752982,3273550
503400,0.0286088,0.8934168,0.0597985,0.0672092,3273550
503500,0.0487493,0.7788796,0.1176977,0.1037411,3273550
503600,0.0351625,0.8373979,0.0861384,0.0720549,3273550
503700,0.0333379,0.8927761,0.0628923,0.0669743,3273550
503800,0.0476506,0.8334672,0.0952035,0.0846742,3273550
503900,0.0466209,0.8190295,0.1003608,0.0820023,3273550
504000,0.0367083,0.8660951,0.0755870,0.0703981,3273550
504100,0.0284053,0.8775457,0.0660249,0.0770192,3273550
504200,0.0174676,0.9547620,0.0285758,0.0436799,3273550
504300,0.0230158,0.8798013,0.0618890,0.0854072,3273550
504400,0.0546571,0.8288783,0.1012429,0.0694562,3273550
504500,0.0479184,0.9047011,0.0668706,0.0751078,3273550
504600,0.0206059,0.9257553,0.0420615,0.0649576,3273550
504700,0.0373570,0.8888042,0.0668925,0.0802142,3273550
504800,0.0495424,0.8733209,0.0803971,0.0764582,3273550
504900,0.0320939,0.9131964,0.0539778,0.0753175,3273550
505000,0.0420256,0.8335611,0.0917909,0.1001251,3273550
505100,0.0286237,0.8236868,0.0876995,0.0869064,3273550
505200,0.0377904,0.8015050,0.1020722,0.0886604,3273550
505300,0.0441347,0.8784742,0.0750912,0.0674379,3273550
505400,0.0429469,0.8382988,0.0904486,0.0793703,3273550
505500,0.0457340,0.8013415,0.1069038,0.0841762,3273550
505600,0.0278824,0.8614646,0.0721436,0.0773781,3273550
505700,0.0562196,0.7774849,0.1227378,0.0842598,3273550
505800,0.0223923,0.9195633,0.0456101,0.0553997,3273550
505900,0.0210134,0.8808558,0.0602657,0.0695981,3273550
506000,0.0362761,0.8696738,0.0738961,0.0816406,3273550
506100,0.0436957,0.8026415,0.1051608,0.0677712,3273550
506200,0.0218031,0.9131157,0.0478356,0.0613965,3273550
506300,0.0293263,0.9231008,0.0483555,0.0645206,3273550
506400,0.0367832,0.8333672,0.0887230,0.0773756,3273550
506500,0.0414247,0.7988231,0.1053256,0.0859721,3273550
506600,0.0426286,0.8765381,0.0749619,0.0654954,3273550
506700,0.0378833,0.9192575,0.0550270,0.0802689,3273550
506800,0.0493315,0.7907839,0.1132854,0.0992527,3273550
506900,0.0292343,0.9145242,0.0517309,0.0761790,3273550
507000,0.0252675,0.8146624,0.0892955,0.0748192,3273550
507100,0.0375136,0.9040668,0.0608814,0.0669299,3273550
507200,0.0286137,0.8898377,0.0612331,0.0647511,3273550
507300,0.0239689,0.8736466,0.0649227,0.0634798,3273550
507400,0.0263653,0.8869019,0.0610584,0.0696622,3273550
507500,0.0311513,0.8883210,0.0633624,0.0664807,3273550
507600,0.0299887,0.9069557,0.0552109,0.0732927,3273550
507700,0.0346688,0.8473340,0.0818677,0.0676171,3273550
507800,0.0234479,0.9155071,0.0478659,0.0621509,3273550
507900,0.0342166,0.7894553,0.1047478,0.0857499,3273550
508000,0.0333241,0.9024110,0.0590300,0.0641003,3273550
508100,0.0395807,0.8880816,0.0685158,0.0624145,3273550
508200,0.0245041,0.9070650,0.0518765,0.0592824,3273550
508300,0.0378233,0.9020203,0.0618859,0.0647958,3273550
508400,0.0421942,0.8986976,0.0658375,0.0764050,3273550
508500,0.0332205,0.8546220,0.0780835,0.0694827,3273550
508600,0.0261268,0.9148902,0.0497200,0.0642575,3273550
508700,0.0511982,0.8713204,0.0821907,0.0786784,3273550
508800,0.0398526,0.8821158,0.0710653,0.0653430,3273550
508900,0.0243168,0.8800519,0.0625694,0.0655642,3273550
509000,0.0143109,0.9541433,0.0269292,0.0408849,3273550
509100,0.0389684,0.8992684,0.0636737,0.0647340,3273550
509200,0.0269521,0.9171460,0.0493129,0.0584627,3273550
509300,0.0380147,0.8533884,0.0814535,0.0743369,3273550
509400,0.0320697,0.9154893,0.0530461,0.0593186,3273550
509500,0.0426228,0.8534638,0.0841882,0.0711327,3273550
509600,0.0360050,0.8738602,0.0720589,0.0885896,3273550
509700,0.0461643,0.8565186,0.0850912,0.0834633,3273550
509800,0.0319945,0.7854469,0.1050179,0.0919640,3273550
509900,0.0229312,0.8950697,0.0557308,0.0607954,3273550
510000,0.0505233,0.7919608,0.1135296,0.0939138,3273550
510100,0.0419415,0.8368306,0.0904327,0.0793480,3273550
510200,0.0315061,0.7641081,0.1132604,0.0863149,3273550
510300,0.0276102,0.9063896,0.0540103,0.0643058,3273550
510400,0.0207241,0.9233699,0.0430865,0.0841538,3273550
510500,0.0405630,0.9276969,0.0532590,0.0692117,3273550
510600,0.0441690,0.8835751,0.0730714,0.0751533,3273550
510700,0.0394158,0.8941972,0.0659706,0.0817589,3273550
510800,0.0381036,0.9014939,0.0622646,0.0680027,3273550
510900,0.0277593,0.8950957,0.0586173,0.0641340,3273550
511000,0.0421447,0.8697890,0.0773712,0.0793477,3273550
511100,0.0474034,0.8843414,0.0747055,0.0873208,3273550
511200,0.0200626,0.9070624,0.0492126,0.0604530,3273550
511300,0.0466409,0.8198068,0.1000618,0.0793940,3273550
511400,0.0531672,0.6485363,0.1724858,0.1156313,3273550
511500,0.0564696,0.7451404,0.1358256,0.1042982,3273550
511600,0.0339767,0.9075500,0.0573661,0.0608528,3273550
511700,0.0152646,0.9210727,0.0407297,0.0566606,3273550
511800,0.0330882,0.8931657,0.0625866,0.0816230,3273550
511900,0.0426513,0.8852256,0.0715005,0.0837311,3273550
512000,0.0427288,0.8720427,0.0768202,0.0694451,3273550
512100,0.0343896,0.9180868,0.0533991,0.0586817,3273550
512200,0.0266345,0.9000894,0.0559449,0.0694979,3273550
512300,0.0363250,0.8967958,0.0630766,0.0634175,3273550
512400,0.0306361,0.8602209,0.0742933,0.0725899,3273550
512500,0.0191871,0.9444744,0.0337225,0.0675799,3273550
512600,0.0435806,0.7818438,0.1134109,0.0856424,3273550
512700,0.0184217,0.9017546,0.0503512,0.0780434,3273550
512800,0.0390273,0.7605888,0.1191809,0.0881887,3273550
512900,0.0419303,0.9102854,0.0610440,0.0630123,3273550
513000,0.0399439,0.8717158,0.0752800,0.0735462,3273550
513100,0.0469845,0.7620071,0.1233879,0.0857790,3273550
513200,0.0391753,0.8531597,0.0822413,0.0759022,3273550
513300,0.0166216,0.9322721,0.0370641,0.0622459,3273550
513400,0.0273143,0.8805373,0.0641737,0.0719311,3273550
513500,0.0223617,0.8933917,0.0560603,0.0588038,3273550
513600,0.0477737,0.8019621,0.1078794,0.0811907,3273550
513700,0.0394961,0.8881838,0.0684241,0.0657848,3273550
513800,0.0443098,0.8448774,0.0886349,0.0672315,3273550
513900,0.0250699,0.8528706,0.0738937,0.0968852,3273550
514000,0.0234810,0.8864546,0.0595068,0.0581199,3273550
514100,0.0311522,0.8222806,0.0897791,0.0800395,3273550
514200,0.0419916,0.9100564,0.0611724,0.0622299,3273550
514300,0.0388332,0.9071370,0.0604451,0.0721200,3273550
514400,0.0395510,0.8669450,0.0769526,0.0971123,3273550
514500,0.0380748,0.9077224,0.0597559,0.0732991,3273550
514600,0.0245388,0.8911853,0.0582491,0.0654622,3273550
514700,0.0282647,0.8412239,0.0804692,0.0762922,3273550
514800,0.0441321,0.8904923,0.0702824,0.0779330,3273550
514900,0.0310330,0.7629747,0.1134299,0.0929243,3273550
515000,0.0279733,0.8731632,0.0675187,0.0785707,3273550
515100,0.0485838,0.8444822,0.0913574,0.0718332,3273550
515200,0.0518132,0.7817936,0.1183705,0.1024232,3273550
515300,0.0457333,0.8356441,0.0931823,0.0750466,3273550
515400,0.0338385,0.8658040,0.0739815,0.0659638,3273550
515500,0.0510430,0.8022461,0.1097274,0.1006031,3273550
515600,0.0500183,0.8198986,0.1020515,0.0840390,3273550
515700,0.0356401,0.9036313,0.0599315,0.0719309,3273550
515800,0.0207712,0.9113427,0.0479256,0.0606229,3273550
515900,0.0457789,0.8637518,0.0819667,0.0658907,3273550
516000,0.0226719,0.9370637,0.0387776,0.0542928,3273550
516100,0.0342309,0.8379769,0.0853477,0.0786747,3273550
516200,0.0254075,0.9052825,0.0531315,0.0557523,3273550
516300,0.0301842,0.8989440,0.0585329,0.0617677,3273550
516400,0.0247129,0.8778173,0.0637009,0.0740564,3273550
516500,0.0692991,0.7620772,0.1367486,0.0962512,3273550
516600,0.0511161,0.8293042,0.0989480,0.0743137,3273550
516700,0.0501011,0.8775135,0.0790552,0.0692700,3273550
516800,0.0356157,0.8679756,0.0741792,0.0839979,3273550
516900,0.0292490,0.8592169,0.0738626,0.0871477,3273550
517000,0.0413738,0.8165398,0.0982084,0.0875486,3273550
517100,0.0339225,0.9111581,0.0558903,0.0772472,3273550
517200,0.0194429,0.9252311,0.0415733,0.0679063,3273550
517300,0.0453572,0.8496146,0.0873685,0.0817932,3273550
517400,0.0188355,0.9148972,0.0453424,0.0515044,3273550
517500,0.0403227,0.8833444,0.0708559,0.0666625,3273550
517600,0.0394972,0.8505067,0.0834956,0.0817067,3273550
517700,0.0323664,0.9098211,0.0554914,0.0719712,3273550
517800,0.0474043,0.8333366,0.0951080,0.0766661,3273550
517900,0.0399422,0.8894150,0.0681993,0.0667183,3273550
518000,0.0518156,0.8249587,0.1011059,0.0717843,3273550
518100,0.0504313,0.8072519,0.1073580,0.0894869,3273550
518200,0.0418588,0.8594172,0.0813484,0.0685527,3273550
518300,0.0169148,0.9144605,0.0443647,0.0607906,3273550
518400,0.0536065,0.7215375,0.1435489,0.0968216,3273550
518500,0.0251901,0.9185156,0.0477078,0.0659377,3273550
518600,0.0303830,0.8952435,0.0601324,0.0718353,3273550
518700,0.0385415,0.8876023,0.0680840,0.0846154,3273550
518800,0.0400245,0.8563125,0.0814897,0.0747237,3273550
518900,0.0272491,0.8978814,0.0571969,0.0585524,3273550
519000,0.0275737,0.9121172,0.0516974,0.0773687,3273550
519100,0.0326039,0.9069074,0.0567993,0.0723066,3273550
519200,0.0414661,0.8899939,0.0688821,0.0687125,3273550
519300,0.0363319,0.8855975,0.0675601,0.0713843,3273550
519400,0.0329883,0.9156533,0.0535316,0.0641474,3273550
519500,0.0361034,0.7592150,0.1179760,0.1002455,3273550
519600,0.0339163,0.9091360,0.0566954,0.0541500,3273550
519700,0.0513412,0.8087519,0.1073039,0.0854476,3273550
519800,0.0477640,0.7908922,0.1123015,0.0811175,3273550
519900,0.0405075,0.8807995,0.0719847,0.0809668,3273550
520000,0.0399965,0.9305427,0.0517808,0.0606224,3273550
520100,0.0541625,0.8098307,0.1085652,0.0873603,3273550
520200,0.0379063,0.8475358,0.0837295,0.0827213,3273550
520300,0.0405304,0.8906598,0.0680543,0.0604905,3273550
520400,0.0252052,0.8940735,0.0574937,0.0574514,3273550
520500,0.0360196,0.8801835,0.0695384,0.0685334,3273550
520600,0.0254851,0.8908640,0.0589454,0.0611283,3273550
520700,0.0371563,0.8902007,0.0662135,0.0651552,3273550
520800,0.0235405,0.8826547,0.0610624,0.0757810,3273550
520900,0.0172563,0.9246687,0.0404863,0.0565458,3273550
521000,0.0358900,0.9072487,0.0586345,0.0610119,3273550
521100,0.0528411,0.7855887,0.1174692,0.0999892,3273550
521200,0.0391429,0.8935544,0.0660639,0.0825491,3273550
521300,0.0576080,0.7956280,0.1163136,0.0869513,3273550
521400,0.0343134,0.8893688,0.0648405,0.0605734,3273550
521500,0.0478908,0.8862745,0.0742247,0.0717337,3273550
521600,0.0352273,0.8299245,0.0891666,0.1192995,3273550
521700,0.0484867,0.7489941,0.1294944,0.1006394,3273550
521800,0.0323102,0.9014561,0.0588037,0.0651740,3273550
521900,0.0155057,0.9031196,0.0480556,0.0608633,3273550
522000,0.0218276,0.9152384,0.0470012,0.0613875,3273550
522100,0.0200948,0.9100533,0.0480356,0.0683343,3273550
522200,0.0145952,0.9382834,0.0334437,0.0771412,3273550
522300,0.0368321,0.8510840,0.0816657,0.0859229,3273550
522400,0.0271741,0.8304068,0.0841418,0.0753664,3273550
522500,0.0175958,0.8946981,0.0526782,0.0599914,3273550
522600,0.0112946,0.9779969,0.0155780,0.0457542,3273550
522700,0.0375268,0.8650305,0.0765038,0.0772388,3273550
522800,0.0231520,0.8803915,0.0617346,0.0614349,3273550
522900,0.0499400,0.8173928,0.1030069,0.0863631,3273550
523000,0.0215384,0.8994851,0.0531290,0.0909177,3273550
523100,0.0492962,0.7995239,0.1097682,0.0825555,3273550
523200,0.0446915,0.8890984,0.0711755,0.0570063,3273550
523300,0.0190021,0.9027874,0.0502863,0.0753293,3273550
523400,0.0201046,0.9142447,0.0463649,0.0740254,3273550
523500,0.0492551,0.8576870,0.0864783,0.0703481,3273550
523600,0.0226715,0.9020758,0.0527726,0.0476461,3273550
523700,0.0446307,0.8474356,0.0878042,0.0847676,3273550
523800,0.0264797,0.8723207,0.0669595,0.0683127,3273550
523900,0.0305308,0.8690276,0.0707074,0.0758273,3273550
524000,0.0574124,0.7100078,0.1504443,0.1089591,3273550
524100,0.0400781,0.8699923,0.0760500,0.0780698,3273550
524200,0.0231671,0.8848120,0.0599755,0.0755003,3273550
524300,0.0300016,0.8984492,0.0586213,0.0859357,3273550
524400,0.0403113,0.9240409,0.0545704,0.0605688,3273550
524500,0.0195903,0.9100550,0.0477322,0.0675286,3273550
524600,0.0728455,0.7073072,0.1607844,0.1157529,3273550
524700,0.0262945,0.9039196,0.0542089,0.0567067,3273550
524800,0.0395676,0.8450205,0.0857324,0.0824486,3273550
524900,0.0379793,0.8534071,0.0814247,0.0870293,3273550
525000,0.0362981,0.8463849,0.0832249,0.0779666,3273550
525100,0.0399559,0.9121219,0.0591248,0.0625009,3273550
525200,0.0606698,0.7954966,0.1182032,0.0844239,3273550
525300,0.0466919,0.8133545,0.1026734,0.0870181,3273550
525400,0.0333024,0.8991066,0.0603388,0.0813378,3273550
525500,0.0220679,0.9099870,0.0492460,0.0666728,3273550
525600,0.0236313,0.8960120,0.0557740,0.0688608,3273550
525700,0.0280762,0.9111825,0.0523727,0.0705048,3273550
525800,0.0299359,0.8995708,0.0581332,0.0621992,3273550
525900,0.0409986,0.8771756,0.0737289,0.0747988,3273550
526000,0.0335642,0.9118756,0.0553883,0.0666507,3273550
526100,0.0202104,0.9031334,0.0508729,0.0569476,3273550
526200,0.0259115,0.8846772,0.0616761,0.0733372,3273550
526300,0.0397600,0.8545768,0.0820253,0.0742778,3273550
526400,0.0284095,0.9035782,0.0556145,0.0617994,3273550
526500,0.0457158,0.8359339,0.0930559,0.0943467,3273550
526600,0.0224044,0.8909800,0.0570507,0.0580813,3273550
526700,0.0532435,0.7396103,0.1361020,0.0957554,3273550
526800,0.0505443,0.7804661,0.1181402,0.0965700,3273550
526900,0.0244369,0.8439906,0.0770659,0.0710903,3273550
527000,0.0327790,0.9013979,0.0591082,0.0600228,3273550
527100,0.0255083,0.8588079,0.0717818,0.0613217,3273550
527200,0.0298166,0.8575675,0.0748630,0.0762587,3273550
527300,0.0215826,0.9089005,0.0493894,0.0754130,3273550
527400,0.0333037,0.8503703,0.0798341,0.0748361,3273550
527500,0.0333437,0.8917978,0.0632871,0.0651137,3273550
527600,0.0334769,0.8912780,0.0635750,0.0600314,3273550
527700,0.0466728,0.8356060,0.0937613,0.0718366,3273550
527800,0.0389050,0.8628279,0.0782118,0.0929496,3273550
527900,0.0330033,0.8685161,0.0723956,0.0754795,3273550
528000,0.0150924,0.9459752,0.0306654,0.0621914,3273550
528100,0.0355967,0.9013073,0.0608351,0.0668380,3273550
528200,0.0459543,0.8633190,0.0822450,0.0820235,3273550
528300,0.0520070,0.7934277,0.1138331,0.1045012,3273550
528400,0.0463300,0.8358132,0.0934727,0.0748047,3273550
528500,0.0324713,0.8269882,0.0886875,0.0822867,3273550
528600,0.0296731,0.9017792,0.0570922,0.0596816,3273550
528700,0.0424704,0.7731557,0.1162200,0.0928136,3273550
528800,0.0440126,0.7990632,0.1067823,0.0905391,3273550
528900,0.0164550,0.9073199,0.0469451,0.0563811,3273550
529000,0.0189155,0.8898790,0.0553977,0.0705933,3273550
529100,0.0231192,0.9223560,0.0449291,0.0562089,3273550
529200,0.0332687,0.8578526,0.0768202,0.0748513,3273550
529300,0.0383031,0.8490338,0.0833683,0.0811715,3273550
529400,0.0439159,0.8275068,0.0953469,0.0798123,3273550
529500,0.0492436,0.8089799,0.1059542,0.0821635,3273550
529600,0.0327091,0.9051111,0.0575811,0.0614903,3273550
529700,0.0358361,0.8606603,0.0772376,0.0697767,3273550
529800,0.0476214,0.8126167,0.1035262,0.0789369,3273550
529900,0.0545253,0.7662262,0.1262247,0.0974705,3273550
530000,0.0368241,0.7815789,0.1094629,0.0876353,3273550
530100,0.0334707,0.8885498,0.0646625,0.0663651,3273550
530200,0.0225762,0.8871866,0.0586711,0.0725275,3273550
530300,0.0677094,0.6539118,0.1790609,0.1246505,3273550
530400,0.0340710,0.8745006,0.0706424,0.0847237,3273550
530500,0.0443705,0.7433548,0.1292804,0.0807497,3273550
530600,0.0440850,0.8147984,0.1005317,0.0831741,3273550
530700,0.0478778,0.8649533,0.0827454,0.0775268,3273550
530800,0.0304356,0.8861973,0.0637824,0.0627903,3273550
530900,0.0462461,0.8994263,0.0679771,0.0755604,3273550
531000,0.0465162,0.8713639,0.0793642,0.0845801,3273550
531100,0.0385049,0.7893921,0.1073461,0.0787020,3273550
531200,0.0360750,0.9001553,0.0615829,0.0676639,3273550
531300,0.0364389,0.9091212,0.0582149,0.0619640,3273550
531400,0.0306540,0.9055038,0.0561909,0.0597999,3273550
531500,0.0321269,0.8950936,0.0612387,0.0671916,3273550
531600,0.0349396,0.9108906,0.0566075,0.0648763,3273550
531700,0.0493295,0.8148571,0.1036549,0.0798575,3273550
531800,0.0473218,0.8730804,0.0791609,0.0812534,3273550
531900,0.0334506,0.9114543,0.0554887,0.0662218,3273550
532000,0.0455556,0.8221779,0.0984622,0.0708447,3273550
532100,0.0506271,0.8248192,0.1004486,0.0814647,3273550
532200,0.0408377,0.8862336,0.0700092,0.0830409,3273550
532300,0.0425991,0.8945248,0.0677496,0.0685053,3273550
532400,0.0193380,0.8954167,0.0534361,0.0597668,3273550
532500,0.0246574,0.8858068,0.0604717,0.0898006,3273550
532600,0.0458525,0.8399028,0.0915504,0.0738888,3273550
532700,0.0376780,0.8786570,0.0711440,0.0653542,3273550
532800,0.0249381,0.8796246,0.0631130,0.0658634,3273550
532900,0.0219952,0.8809859,0.0608027,0.0798361,3273550
533000,0.0247179,0.9221275,0.0459797,0.0583064,3273550
533100,0.0209429,0.9068321,0.0498329,0.0663154,3273550
533200,0.0418504,0.8799265,0.0731396,0.0642961,3273550
533300,0.0193089,0.8866554,0.0569231,0.0612740,3273550
533400,0.0404185,0.8211192,0.0958034,0.1010487,3273550
533500,0.0392870,0.9114981,0.0589730,0.0766135,3273550
533600,0.0413811,0.8676760,0.0777583,0.0850732,3273550
533700,0.0238770,0.9128625,0.0491812,0.0663414,3273550
533800,0.0406975,0.8623049,0.0794966,0.0791684,3273550
533900,0.0263237,0.9122533,0.0508929,0.0708203,3273550
534000,0.0227508,0.8961182,0.0552032,0.0827498,3273550
534100,0.0481882,0.7643968,0.1231542,0.1010049,3273550
534200,0.0407783,0.8801153,0.0724208,0.0778981,3273550
534300,0.0523163,0.7435086,0.1339864,0.0953670,3273550
534400,0.0328273,0.9031880,0.0584212,0.0623367,3273550
534500,0.0343333,0.8644345,0.0748262,0.0813124,3273550
534600,0.0318192,0.8596600,0.0752275,0.0755832,3273550
534700,0.0423557,0.8768615,0.0746689,0.0769854,3273550
534800,0.0393946,0.8783869,0.0722820,0.0720263,3273550
534900,0.0253897,0.9215611,0.0466093,0.0601374,3273550
535000,0.0516606,0.7908034,0.1146750,0.0961702,3273550
535100,0.0376147,0.8885128,0.0671637,0.0619817,3273550
535200,0.0407030,0.8879794,0.0692300,0.0810487,3273550
535300,0.0233198,0.9188815,0.0464393,0.0620542,3273550
535400,0.0461355,0.8102474,0.1035823,0.0943049,3273550
535500,0.0372773,0.8765739,0.0717368,0.0605465,3273550
535600,0.0381206,0.9188477,0.0553333,0.0551039,3273550
535700,0.0435938,0.8560623,0.0837314,0.0795742,3273550
535800,0.0259929,0.9180305,0.0483835,0.0608892,3273550
535900,0.0235287,0.8969474,0.0553382,0.0536498,3273550
536000,0.0286358,0.8770666,0.0663548,0.0736094,3273550
536100,0.0322303,0.8661559,0.0728758,0.0691979,3273550
536200,0.0374966,0.8807914,0.0701814,0.0813512,3273550
536300,0.0163562,0.9288491,0.0382741,0.0525634,3273550
536400,0.0251312,0.8676120,0.0680339,0.0723457,3273550
536500,0.0173372,0.9269159,0.0396360,0.0555195,3273550
536600,0.0425314,0.8529121,0.0843540,0.0663817,3273550
536700,0.0569030,0.7000300,0.1541298,0.1046385,3273550
536800,0.0284064,0.8745362,0.0672294,0.0709730,3273550
536900,0.0202072,0.9272209,0.0412359,0.0519007,3273550
537000,0.0423366,0.8657398,0.0791060,0.0739314,3273550
537100,0.0393378,0.8549817,0.0816100,0.0693663,3273550
537200,0.0218399,0.8983991,0.0537443,0.0745630,3273550
537300,0.0266877,0.8958132,0.0576873,0.0515621,3273550
537400,0.0214723,0.9191047,0.0452415,0.0600430,3273550
537500,0.0447481,0.8124365,0.1018743,0.0934651,3273550
537600,0.0404904,0.8832295,0.0710024,0.0990185,3273550
537700,0.0384579,0.8635496,0.0776549,0.0716311,3273550
537800,0.0190637,0.9258531,0.0410970,0.0702800,3273550
537900,0.0428313,0.7822924,0.1127818,0.0847336,3273550
538000,0.0235786,0.8981012,0.0549067,0.0718490,3273550
538100,0.0276971,0.8745137,0.0668128,0.0701601,3273550
538200,0.0331672,0.9060827,0.0574672,0.0673244,3273550
538300,0.0288224,0.9098371,0.0533586,0.0640603,3273550
538400,0.0273641,0.8701717,0.0683498,0.0604184,3273550
538500,0.0484304,0.8359976,0.0946592,0.0854369,3273550
538600,0.0508504,0.8203841,0.1023566,0.0944235,3273550
538700,0.0385053,0.8065624,0.1004782,0.0859726,3273550
538800,0.0244296,0.9129036,0.0494963,0.0644772,3273550
538900,0.0519745,0.7885334,0.1157713,0.0874821,3273550
539000,0.0244076,0.8817222,0.0619557,0.0641559,3273550
539100,0.0482218,0.8109531,0.1045518,0.0889164,3273550
539200,0.0418347,0.8769569,0.0743180,0.0866221,3273550
539300,0.0570255,0.7061616,0.1517506,0.0926169,3273550
539400,0.0489576,0.8439143,0.0918088,0.0792793,3273550
539500,0.0428638,0.8305804,0.0934861,0.0793654,3273550
539600,0.0156162,0.9408602,0.0330256,0.0647458,3273550
539700,0.0385210,0.8735071,0.0737097,0.0695146,3273550
539800,0.0329852,0.8942156,0.0621049,0.0626234,3273550
539900,0.0546261,0.8549323,0.0908028,0.0809202,3273550
540000,0.0199813,0.8931711,0.0547204,0.0674111,3273550
540100,0.0344477,0.8879297,0.0654968,0.0643826,3273550
540200,0.0361366,0.8490767,0.0820513,0.0727407,3273550
540300,0.0346376,0.9162545,0.0542807,0.0602042,3273550
540400,0.0408308,0.8511672,0.0840316,0.0738044,3273550
540500,0.0362958,0.7895336,0.1059640,0.0874740,3273550
540600,0.0213188,0.8945221,0.0549824,0.0778241,3273550
540700,0.0299032,0.8476503,0.0788818,0.0689532,3273550
540800,0.0324774,0.8779411,0.0683100,0.0699208,3273550
540900,0.0184872,0.9414805,0.0345001,0.0476086,3273550
541000,0.0344486,0.8697034,0.0727878,0.0802398,3273550
541100,0.0314087,0.8449944,0.0808475,0.0900494,3273550
541200,0.0194480,0.8996916,0.0517922,0.0603115,3273550
541300,0.0204686,0.8987446,0.0527833,0.0600617,3273550
541400,0.0360977,0.9100797,0.0576267,0.0842597,3273550
541500,0.0143431,0.9287215,0.0371172,0.0522443,3273550
541600,0.0372015,0.8948935,0.0643635,0.0811172,3273550
541700,0.0444283,0.8434080,0.0892938,0.0861774,3273550
541800,0.0570225,0.7583815,0.1308609,0.0967522,3273550
541900,0.0316156,0.9164324,0.0523964,0.0714019,3273550
542000,0.0476117,0.8685417,0.0811503,0.0691170,3273550
542100,0.0423874,0.8527025,0.0843514,0.0750761,3273550
542200,0.0473014,0.8502574,0.0882779,0.0905481,3273550
542300,0.0474248,0.8229806,0.0992626,0.0775099,3273550
542400,0.0407556,0.8980047,0.0652515,0.0620588,3273550
542500,0.0356447,0.8861736,0.0669174,0.0787901,3273550
542600,0.0353842,0.8783908,0.0698742,0.0822297,3273550
542700,0.0284649,0.8986248,0.0576290,0.0699464,3273550
542800,0.0227998,0.8757417,0.0633832,0.0721439,3273550
542900,0.0591288,0.7826383,0.1224220,0.0926384,3273550
543000,0.0224356,0.9230043,0.0442596,0.0707669,3273550
543100,0.0256701,0.8943714,0.0576535,0.0619488,3273550
543200,0.0291741,0.8814044,0.0649427,0.0695570,3273550
543300,0.0436200,0.8613254,0.0816418,0.0724423,3273550
543400,0.0143617,0.9212321,0.0401242,0.0524548,3273550
543500,0.0430825,0.8687043,0.0783678,0.0825227,3273550
543600,0.0293679,0.8831768,0.0643500,0.0675305,3273550
543700,0.0136021,0.9571260,0.0253109,0.0476065,3273550
543800,0.0185876,0.9171962,0.0442741,0.0626937,3273550
543900,0.0136706,0.8977431,0.0491051,0.0639573,3273550
544000,0.0529347,0.8346434,0.0979035,0.0876672,3273550
544100,0.0222925,0.9099485,0.0493961,0.0680407,3273550
544200,0.0312165,0.9074923,0.0557330,0.0661184,3273550
544300,0.0206089,0.9052541,0.0502637,0.0615187,3273550
544400,0.0428995,0.8302603,0.0936356,0.0769562,3273550
544500,0.0424894,0.8111714,0.1010251,0.0710336,3273550
544600,0.0220840,0.8981341,0.0539968,0.0685431,3273550
544700,0.0374348,0.8545516,0.0806403,0.0701517,3273550
544800,0.0420880,0.8927881,0.0681376,0.0715949,3273550
544900,0.0386060,0.8839706,0.0695754,0.0739662,3273550
545000,0.0313457,0.9106412,0.0545509,0.0648538,3273550
545100,0.0359768,0.8978794,0.0624343,0.0656943,3273550
545200,0.0248318,0.9165434,0.0482817,0.0558053,3273550
545300,0.0408841,0.8641894,0.0788547,0.0648543,3273550
545400,0.0366273,0.8449665,0.0839897,0.0832483,3273550
545500,0.0493894,0.8202893,0.1015180,0.0805754,3273550
545600,0.0411640,0.8605591,0.0804748,0.0772204,3273550
545700,0.0320652,0.9060861,0.0568047,0.0630215,3273550
545800,0.0382099,0.8616402,0.0782698,0.0754366,3273550
545900,0.0382932,0.8556347,0.0807220,0.0738835,3273550
546000,0.0369010,0.8937214,0.0646521,0.0657023,3273550
546100,0.0350608,0.9088910,0.0574801,0.0600628,3273550
546200,0.0345077,0.8989695,0.0611168,0.0649211,3273550
546300,0.0425661,0.8911537,0.0690782,0.0641564,3273550
546400,0.0315028,0.9055022,0.0567008,0.0579781,3273550
546500,0.0397323,0.9162987,0.0573199,0.0584629,3273550
546600,0.0291001,0.9172543,0.0505583,0.0588347,3273550
546700,0.0305249,0.8992575,0.0586119,0.0707666,3273550
546800,0.0426439,0.8075427,0.1025693,0.0933391,3273550
546900,0.0212102,0.8987458,0.0532278,0.0608697,3273550
547000,0.0452016,0.7886853,0.1116469,0.0891781,3273550
547100,0.0215672,0.9032133,0.0516550,0.0591256,3273550
547200,0.0238255,0.9329300,0.0411233,0.0633500,3273550
547300,0.0426772,0.8927265,0.0685157,0.0798301,3273550
547400,0.0321670,0.9372374,0.0444052,0.0669662,3273550
547500,0.0189434,0.9017733,0.0506567,0.0595958,3273550
547600,0.0275092,0.9135245,0.0510957,0.0770834,3273550
547700,0.0471635,0.8852403,0.0742020,0.0868069,3273550
547800,0.0158781,0.8980060,0.0503244,0.0651428,3273550
547900,0.0224224,0.8916043,0.0568117,0.0589605,3273550
548000,0.0289655,0.9013053,0.0568572,0.0634256,3273550
548100,0.0321436,0.8820047,0.0664842,0.0845043,3273550
548200,0.0435842,0.8281718,0.0948818,0.0868921,3273550
548300,0.0387458,0.7961024,0.1048065,0.0824952,3273550
548400,0.0449264,0.8673639,0.0800102,0.0805578,3273550
548500,0.0320331,0.9023052,0.0582978,0.0619227,3273550
548600,0.0244201,0.8882045,0.0593703,0.0626975,3273550
548700,0.0347294,0.8342285,0.0871463,0.0867262,3273550
548800,0.0282759,0.8252882,0.0868503,0.0753854,3273550
548900,0.0548838,0.7271875,0.1420553,0.0961677,3273550
549000,0.0384615,0.8189858,0.0954826,0.0766214,3273550
549100,0.0406433,0.9151079,0.0583428,0.0709898,3273550
549200,0.0337585,0.9020927,0.0594180,0.0627728,3273550
549300,0.0432442,0.7937210,0.1084581,0.0779511,3273550
549400,0.0245532,0.9061219,0.0522832,0.0556772,3273550
549500,0.0517977,0.8007474,0.1107797,0.0873651,3273550
549600,0.0141488,0.9351628,0.0344241,0.0499315,3273550
549700,0.0408676,0.8848205,0.0705924,0.0764506,3273550
549800,0.0432984,0.8180230,0.0987698,0.0876281,3273550
549900,0.0226590,0.8520443,0.0727777,0.0696873,3273550
550000,0.0435272,0.8560531,0.0836951,0.0934647,3273550
550100,0.0299835,0.9265298,0.0473782,0.0604903,3273550
550200,0.0262986,0.9086934,0.0523018,0.0618315,3273550
550300,0.0518563,0.7636678,0.1256467,0.0897048,3273550
550400,0.0393926,0.8650838,0.0776021,0.0705831,3273550
550500,0.0176046,0.9107494,0.0462630,0.0592043,3273550
550600,0.0140020,0.9394426,0.0326242,0.0467090,3273550
550700,0.0365696,0.8871717,0.0670730,0.0611897,3273550
550800,0.0466809,0.8015345,0.1073947,0.0970861,3273550
550900,0.0139583,0.9400233,0.0323656,0.0691160,3273550
551000,0.0449155,0.8802642,0.0748437,0.0704588,3273550
551100,0.0197693,0.9094814,0.0480690,0.0568015,3273550
551200,0.0294149,0.8700929,0.0696118,0.0792294,3273550
551300,0.0381231,0.8481219,0.0836251,0.0901007,3273550
551400,0.0215516,0.9087975,0.0494119,0.0607852,3273550
551500,0.0531874,0.8314656,0.0993262,0.0795150,3273550
551600,0.0450854,0.8590989,0.0834117,0.0812831,3273550
551700,0.0330717,0.8950664,0.0618165,0.0620824,3273550
551800,0.0454312,0.8029688,0.1060712,0.0899002,3273550
551900,0.0371614,0.8127627,0.0971917,0.0845860,3273550
552000,0.0308489,0.8603703,0.0743612,0.0731903,3273550
552100,0.0277606,0.9039372,0.0550815,0.0775464,3273550
552200,0.0385631,0.8716187,0.0744903,0.0626377,3273550
552300,0.0349655,0.8528429,0.0798421,0.0677346,3273550
552400,0.0437456,0.8665831,0.0796141,0.0678533,3273550
552500,0.0436081,0.8250713,0.0961363,0.0822423,3273550
552600,0.0402514,0.8790270,0.0725400,0.0642945,3273550
552700,0.0336695,0.8991408,0.0605454,0.0660333,3273550
552800,0.0279401,0.9174462,0.0497856,0.0661048,3273550
552900,0.0211471,0.8962669,0.0541815,0.0557242,3273550
553000,0.0205372,0.8932211,0.0550338,0.0667511,3273550
553100,0.0585742,0.7933198,0.1178166,0.0927226,3273550
553200,0.0242413,0.9034818,0.0531521,0.0699081,3273550
553300,0.0407918,0.8251251,0.0944251,0.0790262,3273550
553400,0.0518771,0.9711914,0.0426497,0.0675703,3273550
553500,0.0280868,0.8862820,0.0623393,0.0725361,3273550
553600,0.0130044,0.9434857,0.0304083,0.0527369,3273550
553700,0.0284923,0.8751817,0.0670227,0.0716798,3273550
553800,0.0343222,0.8681834,0.0733200,0.0717102,3273550
553900,0.0280735,0.9095628,0.0530190,0.0615673,3273550
554000,0.0312176,0.8540102,0.0771264,0.0723372,3273550
554100,0.0436046,0.8170737,0.0993333,0.0816601,3273550
554200,0.0356617,0.9061083,0.0589537,0.0608237,3273550
554300,0.0522893,0.7656353,0.1251194,0.0907673,3273550
554400,0.0202867,0.8855566,0.0579494,0.0730110,3273550
554500,0.0279079,0.8899598,0.0607608,0.0625210,3273550
554600,0.0279063,0.8971335,0.0578903,0.0614187,3273550
554700,0.0464901,0.8286933,0.0964167,0.0836940,3273550
554800,0.0452670,0.7771026,0.1163192,0.0784513,3273550
554900,0.0503550,0.8333094,0.0968892,0.0813769,3273550
555000,0.0244273,0.9136005,0.0492162,0.0673564,3273550
555100,0.0481934,0.7420208,0.1321077,0.0917549,3273550
555200,0.0487280,0.8912141,0.0727512,0.0650952,3273550
555300,0.0460035,0.8723955,0.0786439,0.0851936,3273550
555400,0.0410674,0.8683562,0.0772980,0.0901445,3273550
555500,0.0382074,0.8773183,0.0719971,0.0662686,3273550
555600,0.0171107,0.9248654,0.0403203,0.0539109,3273550
555700,0.0339729,0.8636428,0.0749267,0.0729468,3273550
555800,0.0522310,0.7058576,0.1489955,0.0976231,3273550
555900,0.0443235,0.8929630,0.0694089,0.0719586,3273550
556000,0.0198215,0.8979633,0.0527076,0.0561303,3273550
556100,0.0412315,0.8914222,0.0681700,0.0791832,3273550
556200,0.0476899,0.7654471,0.1224351,0.0966171,3273550
556300,0.0507850,0.8167814,0.1037584,0.0815774,3273550
556400,0.0218614,0.8721094,0.0642731,0.0731438,3273550
556500,0.0160463,0.9441302,0.0319757,0.0625954,3273550
556600,0.0295675,0.9012206,0.0572523,0.0563428,3273550
556700,0.0345753,0.8811752,0.0682751,0.0638833,3273550
556800,0.0266595,0.8959301,0.0576237,0.0582032,3273550
556900,0.0316692,0.8354783,0.0848102,0.0870995,3273550
557000,0.0328709,0.9027967,0.0586039,0.0575203,3273550
557100,0.0396244,0.8712776,0.0752636,0.0734133,3273550
557200,0.0422493,0.8976197,0.0663017,0.0635321,3273550
557300,0.0373000,0.9080585,0.0591566,0.0548859,3273550
557400,0.0212230,0.9075774,0.0497028,0.0580413,3273550
557500,0.0155420,0.9354044,0.0351635,0.0612008,3273550
557600,0.0421368,0.8286871,0.0938072,0.0874357,3273550
557700,0.0336787,0.9034743,0.0588175,0.0849954,3273550
557800,0.0532398,0.7933731,0.1145947,0.0847700,3273550
557900,0.0128381,0.9247752,0.0377928,0.0863974,3273550
558000,0.0319612,0.8939751,0.0615867,0.0685964,3273550
558100,0.0365761,0.8841921,0.0682688,0.0635738,3273550
558200,0.0438313,0.8240762,0.0966683,0.0971637,3273550
558300,0.0388897,0.8390265,0.0877232,0.0737074,3273550
558400,0.0379357,0.8877286,0.0676700,0.0745153,3273550
558500,0.0393278,0.8873115,0.0686721,0.0844391,3273550
558600,0.0189701,0.9121919,0.0465053,0.0678902,3273550
558700,0.0555129,0.7485515,0.1338872,0.0879852,3273550
558800,0.0238959,0.8475208,0.0753292,0.0840470,3273550
558900,0.0311415,0.8317075,0.0860019,0.0713262,3273550
559000,0.0237483,0.9268978,0.0434899,0.0503478,3273550
559100,0.0351275,0.8582026,0.0777955,0.0816309,3273550
559200,0.0187203,0.8593217,0.0675035,0.0644027,3273550
559300,0.0266142,0.8616397,0.0713126,0.0708346,3273550
559400,0.0287118,0.9105181,0.0530198,0.0651132,3273550
559500,0.0242321,0.8705086,0.0663359,0.0779757,3273550
559600,0.0370281,0.8417203,0.0855288,0.0830881,3273550
559700,0.0459229,0.8259244,0.0971840,0.0749857,3273550
559800,0.0262444,0.8985775,0.0563157,0.0803423,3273550
559900,0.0340523,0.8808395,0.0680956,0.0771847,3273550
560000,0.0433824,0.8262118,0.0955447,0.0778561,3273550
560100,0.0363244,0.8900958,0.0657564,0.0671472,3273550
560200,0.0228833,0.8903325,0.0575969,0.0663263,3273550
560300,0.0354077,0.8334688,0.0878571,0.0953526,3273550
560400,0.0458984,0.8347331,0.0936458,0.0771552,3273550
560500,0.0399895,0.8705123,0.0757888,0.0684059,3273550
560600,0.0199902,0.8991398,0.0523382,0.0768187,3273550
560700,0.0230591,0.9032296,0.0525436,0.0589601,3273550
560800,0.0414280,0.8504584,0.0846735,0.0808006,3273550
560900,0.0341077,0.8771369,0.0696099,0.0797501,3273550
561000,0.0346765,0.8548856,0.0788517,0.0808374,3273550
561100,0.0328961,0.8989784,0.0601463,0.0593712,3273550
561200,0.0304781,0.7660824,0.1118539,0.0954595,3273550
561300,0.0384007,0.7718568,0.1142977,0.0944949,3273550
561400,0.0276376,0.9093879,0.0528274,0.0639225,3273550
561500,0.0399463,0.8973526,0.0650267,0.0728516,3273550
561600,0.0306094,0.8333772,0.0850148,0.0723135,3273550
561700,0.0414133,0.8543814,0.0830954,0.0908187,3273550
561800,0.0425440,0.8421924,0.0886494,0.0723219,3273550
561900,0.0337984,0.9011133,0.0598337,0.0719561,3273550
562000,0.0430581,0.8618068,0.0811121,0.0656759,3273550
562100,0.0244627,0.9151373,0.0486227,0.0636183,3273550
562200,0.0476996,0.8027638,0.1075142,0.0798101,3273550
562300,0.0382402,0.7211574,0.1344812,0.1124334,3273550
562400,0.0252820,0.9098706,0.0512209,0.0679941,3273550
562500,0.0378495,0.8807989,0.0703901,0.0672690,3273550
562600,0.0211490,0.9351784,0.0386180,0.0596446,3273550
562700,0.0262933,0.8860487,0.0613565,0.0712493,3273550
562800,0.0450877,0.8380612,0.0918281,0.0756848,3273550
562900,0.0490634,0.8236554,0.0999758,0.0765511,3273550
563000,0.0451210,0.8937095,0.0695888,0.0735757,3273550
563100,0.0372669,0.8704081,0.0741969,0.0747099,3273550
563200,0.0158566,0.9279108,0.0383497,0.0812880,3273550
563300,0.0417508,0.8732694,0.0757427,0.0891097,3273550
563400,0.0605660,0.7422842,0.1394260,0.0882192,3273550
563500,0.0263773,0.8385676,0.0803994,0.0634145,3273550
563600,0.0436036,0.8552198,0.0840742,0.0806599,3273550
563700,0.0357633,0.9052774,0.0593470,0.0660286,3273550
563800,0.0436975,0.8248001,0.0962985,0.0839125,3273550
563900,0.0230670,0.8590741,0.0702106,0.0654120,3273550
564000,0.0188289,0.9345984,0.0374580,0.0586578,3273550
564100,0.0520918,0.7789835,0.1196617,0.0818346,3273550
564200,0.0273173,0.9141332,0.0507371,0.0578942,3273550
564300,0.0379883,0.8875362,0.0677785,0.0765283,3273550
564400,0.0486716,0.8646136,0.0833575,0.0730594,3273550
564500,0.0427582,0.8427827,0.0885419,0.0838541,3273550
564600,0.0425449,0.8831663,0.0722604,0.0739867,3273550
564700,0.0465516,0.8487135,0.0884456,0.0719872,3273550
564800,0.0270352,0.8807230,0.0639319,0.0725342,3273550
564900,0.0260070,0.8910003,0.0592041,0.0709239,3273550
565000,0.0427690,0.9112297,0.0611695,0.0672816,3273550
565100,0.0574109,0.7818893,0.1216908,0.0824630,3273550
565200,0.0304906,0.9235881,0.0488591,0.0758642,3273550
565300,0.0346383,0.8767647,0.0700771,0.0649766,3273550
565400,0.0560097,0.8515320,0.0929930,0.0857675,3273550
565500,0.0284434,0.8761866,0.0665914,0.0600081,3273550
565600,0.0276063,0.9294199,0.0447958,0.0583339,3273550
565700,0.0431557,0.8489584,0.0863100,0.0766455,3273550
565800,0.0308224,0.9093266,0.0547628,0.0782276,3273550
565900,0.0269821,0.8778267,0.0650586,0.0717975,3273550
566000,0.0206345,0.8913002,0.0558606,0.0587819,3273550
566100,0.0351299,0.8839574,0.0674950,0.0645715,3273550
566200,0.0501188,0.8158512,0.1037308,0.0799562,3273550
566300,0.0389775,0.9120702,0.0585584,0.0631755,3273550
566400,0.0418738,0.8579437,0.0819468,0.0713683,3273550
566500,0.0263707,0.9118243,0.0510927,0.0651545,3273550
566600,0.0292065,0.9087414,0.0540274,0.0569333,3273550
566700,0.0263168,0.8816712,0.0631216,0.0603292,3273550
566800,0.0189945,0.9470956,0.0325584,0.0530729,3273550
566900,0.0527775,0.8071672,0.1087997,0.0875758,3273550
567000,0.0438152,0.7989102,0.1067251,0.0765961,3273550
567100,0.0598595,0.8131157,0.1106694,0.0995883,3273550
567200,0.0230663,0.8911650,0.0573738,0.0583167,3273550
567300,0.0432886,0.8049210,0.1040048,0.0885487,3273550
567400,0.0337669,0.8531814,0.0789876,0.0840553,3273550
567500,0.0466591,0.8654094,0.0818317,0.0883349,3273550
567600,0.0482876,0.8083173,0.1056457,0.0826824,3273550
567700,0.0143102,0.9197925,0.0406691,0.0626204,3273550
567800,0.0291563,0.8283108,0.0861694,0.0856510,3273550
567900,0.0371099,0.8994222,0.0624971,0.0795349,3273550
568000,0.0364112,0.8668604,0.0751025,0.0915164,3273550
568100,0.0352965,0.9088942,0.0576202,0.0796629,3273550
568200,0.0238423,0.9135628,0.0488803,0.0715237,3273550
568300,0.0431924,0.8575430,0.0828982,0.0750315,3273550
568400,0.0418381,0.8520841,0.0842692,0.0752491,3273550
568500,0.0430548,0.8435417,0.0884162,0.0841427,3273550
568600,0.0370630,0.8571371,0.0793830,0.0837337,3273550
568700,0.0448416,0.8506979,0.0866258,0.0894876,3273550
568800,0.0371481,0.8842406,0.0685926,0.0711729,3273550
568900,0.0191624,0.8862392,0.0570018,0.0664408,3273550
569000,0.0243145,0.8806374,0.0623338,0.0612979,3273550
569100,0.0424151,0.8526337,0.0843956,0.0740712,3273550
569200,0.0319944,0.8798905,0.0672405,0.0685710,3273550
569300,0.0448629,0.8811948,0.0744398,0.0747109,3273550
569400,0.0410618,0.8720155,0.0758309,0.0830829,3273550
569500,0.0351058,0.8440554,0.0834413,0.0696437,3273550
569600,0.0415708,0.8637220,0.0794537,0.0599898,3273550
569700,0.0479219,0.8036904,0.1072770,0.0880350,3273550
569800,0.0224318,0.9020976,0.0526200,0.0643873,3273550
569900,0.0325148,0.8814754,0.0669187,0.0727039,3273550
570000,0.0334775,0.8938578,0.0625433,0.0605150,3273550
570100,0.0458982,0.8950428,0.0695218,0.0631155,3273550
570200,0.0422304,0.8125463,0.1003197,0.0762141,3273550
570300,0.0264491,0.8922614,0.0589649,0.0665031,3273550
570400,0.0398817,0.8804207,0.0717607,0.0698807,3273550
570500,0.0280245,0.8941222,0.0591658,0.0705907,3273550
570600,0.0323203,0.8503326,0.0792592,0.0805413,3273550
570700,0.0181306,0.9084609,0.0474940,0.0602543,3273550
570800,0.0199975,0.8680960,0.0647601,0.0755219,3273550
570900,0.0340209,0.8638650,0.0748665,0.0782322,3273550
571000,0.0271060,0.9090812,0.0526311,0.0571960,3273550
571100,0.0364077,0.9110721,0.0574158,0.0607084,3273550
571200,0.0284955,0.8691337,0.0694438,0.0740373,3273550
571300,0.0407311,0.7999989,0.1044391,0.0946087,3273550
571400,0.0403891,0.9094243,0.0604638,0.0687427,3273550
571500,0.0429125,0.8358648,0.0914015,0.0819931,3273550
571600,0.0347207,0.8602750,0.0767224,0.0746649,3273550
571700,0.0392382,0.8628824,0.0783900,0.0724741,3273550
571800,0.0468339,0.8282593,0.0967966,0.0760405,3273550
571900,0.0259414,0.8849282,0.0615935,0.0769267,3273550
572000,0.0234190,0.8926762,0.0569809,0.0732788,3273550
572100,0.0236359,0.8967105,0.0554973,0.0581129,3273550
572200,0.0292770,0.9031798,0.0562943,0.0719777,3273550
572300,0.0216103,0.9467426,0.0342692,0.0553854,3273550
572400,0.0408970,0.8691788,0.0768666,0.0723588,3273550
572500,0.0236944,0.8857577,0.0599136,0.0607955,3273550
572600,0.0437737,0.8933725,0.0689152,0.0785598,3273550
572700,0.0267827,0.8728225,0.0669406,0.0679200,3273550
572800,0.0457891,0.8732846,0.0781596,0.0799804,3273550
572900,0.0290179,0.9176207,0.0503625,0.0693068,3273550
573000,0.0469662,0.8247744,0.0982700,0.0787959,3273550
573100,0.0480452,0.8863405,0.0742909,0.0797904,3273550
573200,0.0252272,0.9270185,0.0443289,0.0642150,3273550
573300,0.0323973,0.8817769,0.0667276,0.0834873,3273550
573400,0.0289918,0.8876866,0.0623205,0.0699290,3273550
573500,0.0248131,0.8852175,0.0608009,0.0693719,3273550
573600,0.0351611,0.8935235,0.0636873,0.0717965,3273550
573700,0.0261191,0.9215507,0.0470512,0.0738318,3273550
573800,0.0354370,0.8934883,0.0638669,0.0607444,3273550
573900,0.0507591,0.7690233,0.1228461,0.0984455,3273550
574000,0.0327813,0.8964422,0.0610919,0.0650898,3273550
574100,0.0428979,0.8352160,0.0916523,0.0879065,3273550
574200,0.0230536,0.8919516,0.0570515,0.0577370,3273550
574300,0.0368774,0.8890718,0.0664977,0.0651588,3273550
574400,0.0416769,0.7972752,0.1060961,0.1022334,3273550
574500,0.0337922,0.8781288,0.0690238,0.0638142,3273550
574600,0.0235473,0.8998495,0.0541885,0.0565737,3273550
574700,0.0498978,0.8179318,0.1027660,0.0853035,3273550
574800,0.0406732,0.8635744,0.0789742,0.0742493,3273550
574900,0.0408210,0.8550255,0.0824824,0.0795412,3273550
575000,0.0426507,0.8924170,0.0686236,0.0618057,3273550
575100,0.0393314,0.8070386,0.1007834,0.0785090,3273550
575200,0.0367006,0.9040515,0.0603997,0.0700155,3273550
575300,0.0387329,0.8825107,0.0702355,0.0682490,3273550
575400,0.0296903,0.8947098,0.0599302,0.0601363,3273550
575500,0.0173979,0.9280505,0.0392185,0.0641420,3273550
575600,0.0432525,0.8586458,0.0824932,0.0702283,3273550
575700,0.0190197,0.9246318,0.0415591,0.0622604,3273550
575800,0.0299101,0.9255043,0.0477443,0.0690753,3273550
575900,0.0292065,0.9222397,0.0486281,0.0503199,3273550
576000,0.0272123,0.8842707,0.0626191,0.0645959,3273550
576100,0.0463383,0.8254285,0.0976316,0.0721101,3273550
576200,0.0484295,0.7681279,0.1218066,0.0887608,3273550
576300,0.0471454,0.8318840,0.0955336,0.0849286,3273550
576400,0.0337860,0.9202353,0.0521775,0.0662573,3273550
576500,0.0191224,0.9365749,0.0368435,0.0554383,3273550
576600,0.0464876,0.8233192,0.0985649,0.0923773,3273550
576700,0.0588679,0.8439094,0.0977570,0.0792020,3273550
576800,0.0164403,0.9141653,0.0441981,0.0578364,3273550
576900,0.0439521,0.8235439,0.0969537,0.0809093,3273550
577000,0.0129163,0.9298921,0.0357929,0.0557226,3273550
577100,0.0416943,0.8749654,0.0750304,0.0810876,3273550
577200,0.0326296,0.8938120,0.0620530,0.0731806,3273550
577300,0.0267763,0.9156508,0.0498054,0.0608362,3273550
577400,0.0578101,0.7973263,0.1157555,0.1000811,3273550
577500,0.0352242,0.8898660,0.0651881,0.0720407,3273550
577600,0.0534283,0.8342549,0.0983551,0.0730159,3273550
577700,0.0365297,0.9022216,0.0610292,0.0568725,3273550
577800,0.0215413,0.8839294,0.0593530,0.0627358,3273550
577900,0.0451562,0.8206930,0.0988165,0.0836840,3273550
578000,0.0497244,0.8488609,0.0902903,0.0745636,3273550
578100,0.0316875,0.8823541,0.0660709,0.0761451,3273550
578200,0.0295599,0.9123911,0.0527795,0.0555422,3273550
578300,0.0452535,0.8009179,0.1067850,0.0840988,3273550
578400,0.0336698,0.8876437,0.0651444,0.0760671,3273550
578500,0.0263827,0.8510982,0.0753903,0.0760649,3273550
578600,0.0368328,0.8985692,0.0626720,0.0604606,3273550
578700,0.0488141,0.8061497,0.1068286,0.0763842,3273550
578800,0.0322574,0.8759494,0.0689747,0.0595337,3273550
578900,0.0395582,0.8795676,0.0719079,0.0739807,3273550
579000,0.0436489,0.8501083,0.0861460,0.0680351,3273550
579100,0.0483429,0.8015933,0.1083684,0.0882769,3273550
579200,0.0168355,0.8416572,0.0734384,0.0785820,3273550
579300,0.0243192,0.8829193,0.0614238,0.0663250,3273550
579400,0.0328501,0.8035433,0.0982928,0.0814991,3273550
579500,0.0371332,0.8803394,0.0701442,0.0804709,3273550
579600,0.0261861,0.8714408,0.0671353,0.0609812,3273550
579700,0.0366735,0.8501121,0.0819592,0.0765543,3273550
579800,0.0422896,0.8172324,0.0984808,0.0858162,3273550
579900,0.0414924,0.9047730,0.0629863,0.0645370,3273550
580000,0.0401513,0.8540471,0.0824720,0.0656211,3273550
580100,0.0450155,0.7808462,0.1146708,0.0810387,3273550
580200,0.0242438,0.9084270,0.0511755,0.0540339,3273550
580300,0.0639592,0.7289686,0.1467881,0.1161376,3273550
580400,0.0398279,0.8795326,0.0720837,0.0744336,3273550
580500,0.0210979,0.9082586,0.0493553,0.0573975,3273550
580600,0.0351594,0.9349182,0.0471284,0.0711199,3273550
580700,0.0378023,0.9136735,0.0572119,0.0664490,3273550
580800,0.0334731,0.8947340,0.0621902,0.0709822,3273550
580900,0.0275421,0.9040992,0.0548856,0.0667831,3273550
581000,0.0348343,0.9089128,0.0573354,0.0590309,3273550
581100,0.0350809,0.9217917,0.0523318,0.0693252,3273550
581200,0.0340242,0.8745175,0.0706075,0.0708177,3273550
581300,0.0169923,0.9319618,0.0374107,0.0483532,3273550
581400,0.0230357,0.9170321,0.0470086,0.0680407,3273550
581500,0.0257720,0.9183512,0.0481227,0.0556867,3273550
581600,0.0320836,0.8676283,0.0721988,0.0617589,3273550
581700,0.0482754,0.8438883,0.0914099,0.0756580,3273550
581800,0.0217949,0.9031488,0.0518174,0.0696734,3273550
581900,0.0145696,0.9352593,0.0346380,0.0667809,3273550
582000,0.0433813,0.8392005,0.0903486,0.0939517,3273550
582100,0.0331313,0.8042736,0.0981694,0.0883674,3273550
582200,0.0123740,0.9410164,0.0310179,0.0550818,3273550
582300,0.0364294,0.8533135,0.0805322,0.0665901,3273550
582400,0.0382902,0.9061613,0.0605096,0.0709943,3273550
582500,0.0196955,0.9093295,0.0480855,0.0514229,3273550
582600,0.0252280,0.8654739,0.0689473,0.0934754,3273550
582700,0.0430400,0.8384749,0.0904340,0.0792672,3273550
582800,0.0447608,0.9001874,0.0667815,0.0640072,3273550
582900,0.0335646,0.8482678,0.0808317,0.0855046,3273550
583000,0.0382020,0.8634568,0.0775384,0.0673754,3273550
583100,0.0225024,0.8815629,0.0608763,0.0695209,3273550
583200,0.0210809,0.9011915,0.0521719,0.0629915,3273550
583300,0.0359679,0.8992493,0.0618810,0.0697995,3273550
583400,0.0401353,0.8749242,0.0741115,0.0682110,3273550
583500,0.0384796,0.8651929,0.0770106,0.0687672,3273550
583600,0.0330351,0.8845628,0.0659959,0.0712412,3273550
583700,0.0410883,0.8702290,0.0765614,0.0801293,3273550
583800,0.0300097,0.9041522,0.0563450,0.0715954,3273550
583900,0.0342714,0.9172980,0.0536436,0.0669161,3273550
584000,0.0396563,0.8685324,0.0763809,0.0783811,3273550
584100,0.0304638,0.8607300,0.0739863,0.0677982,3273550
584200,0.0362180,0.9059059,0.0593685,0.0612808,3273550
584300,0.0228524,0.8474505,0.0747312,0.0639489,3273550
584400,0.0201131,0.9117068,0.0473851,0.0600599,3273550
584500,0.0241370,0.8911366,0.0580275,0.0677108,3273550
584600,0.0418247,0.8502086,0.0850114,0.0743568,3273550
584700,0.0524891,0.7729849,0.1222995,0.0971474,3273550
584800,0.0386686,0.8658144,0.0768754,0.0700843,3273550
584900,0.0412995,0.8986180,0.0653325,0.0794824,3273550
585000,0.0429425,0.8379155,0.0905993,0.0796071,3273550
585100,0.0181379,0.8952425,0.0527858,0.0651210,3273550
585200,0.0448640,0.8549612,0.0849339,0.0786494,3273550
585300,0.0310376,0.9075203,0.0556144,0.0649788,3273550
585400,0.0400037,0.8072554,0.1011001,0.0730519,3273550
585500,0.0471038,0.8549798,0.0862703,0.0823858,3273550
585600,0.0228809,0.8954834,0.0555352,0.0615922,3273550
585700,0.0483443,0.7771890,0.1181310,0.0796634,3273550
585800,0.0317571,0.9122086,0.0541708,0.0561387,3273550
585900,0.0299005,0.8807648,0.0656344,0.0669609,3273550
586000,0.0196072,0.9172237,0.0448749,0.0661657,3273550
586100,0.0353608,0.9106904,0.0569403,0.0711878,3273550
586200,0.0325327,0.7900352,0.1035055,0.0833755,3273550
586300,0.0292203,0.9153095,0.0514084,0.0577997,3273550
586400,0.0290699,0.9065596,0.0548181,0.0644650,3273550
586500,0.0167906,0.9326517,0.0370137,0.0490024,3273550
586600,0.0278029,0.9191453,0.0490236,0.0540649,3273550
586700,0.0337071,0.8544214,0.0784557,0.0764478,3273550
586800,0.0291829,0.9010565,0.0570871,0.0799312,3273550
586900,0.0282711,0.8956999,0.0586827,0.0741815,3273550
587000,0.0417630,0.8542888,0.0833423,0.0742643,3273550
587100,0.0258837,0.8935096,0.0581263,0.0709297,3273550
587200,0.0512636,0.7940077,0.1131551,0.1106877,3273550
587300,0.0404507,0.7545477,0.1224513,0.0898232,3273550
587400,0.0516393,0.8062015,0.1085030,0.0816397,3273550
587500,0.0249240,0.8891613,0.0592899,0.0637519,3273550
587600,0.0515241,0.8200819,0.1028817,0.0845293,3273550
587700,0.0455956,0.7806708,0.1150891,0.0930904,3273550
587800,0.0158127,0.9161943,0.0430099,0.0570523,3273550
587900,0.0411895,0.8463094,0.0861899,0.0688862,3273550
588000,0.0285210,0.9069439,0.0543350,0.0666268,3273550
588100,0.0353012,0.9107609,0.0568764,0.0576153,3273550
588200,0.0276795,0.8994811,0.0568153,0.0590744,3273550
588300,0.0236100,0.8932409,0.0568697,0.0570750,3273550
588400,0.0514580,0.8221273,0.1020239,0.0908814,3273550
588500,0.0269659,0.8930600,0.0589555,0.0688953,3273550
588600,0.0354182,0.8716618,0.0725862,0.0707437,3273550
588700,0.0503587,0.8536049,0.0887732,0.0772260,3273550
588800,0.0230144,0.9229330,0.0446354,0.0712309,3273550
588900,0.0493144,0.8802060,0.0775062,0.0779049,3273550
589000,0.0440493,0.8492080,0.0867464,0.0659409,3273550
589100,0.0411035,0.8651674,0.0785951,0.0769909,3273550
589200,0.0207091,0.9515855,0.0317913,0.0744661,3273550
589300,0.0174281,0.9288166,0.0389302,0.0617541,3273550
589400,0.0253187,0.8890204,0.0595830,0.0725461,3273550
589500,0.0345626,0.8873593,0.0657938,0.0751904,3273550
589600,0.0229875,0.8971351,0.0549385,0.0786030,3273550
589700,0.0385955,0.9086835,0.0596839,0.0784535,3273550
589800,0.0330266,0.9229975,0.0506170,0.0596562,3273550
589900,0.0351626,0.9053255,0.0589673,0.0634468,3273550
590000,0.0354840,0.8824792,0.0682987,0.0710281,3273550
590100,0.0339992,0.8702073,0.0723166,0.0712165,3273550
590200,0.0481962,0.8424569,0.0919350,0.0740493,3273550
590300,0.0237932,0.8974960,0.0552775,0.0683405,3273550
590400,0.0307061,0.9107478,0.0541246,0.0563499,3273550
590500,0.0385896,0.8415071,0.0865509,0.0789897,3273550
590600,0.0496761,0.8269286,0.0990342,0.0843252,3273550
590700,0.0268113,0.8849304,0.0621146,0.0783435,3273550
590800,0.0195868,0.8988261,0.0522216,0.0639144,3273550
590900,0.0481710,0.7719796,0.1201108,0.0858018,3273550
591000,0.0557122,0.7205500,0.1452073,0.0912096,3273550
591100,0.0374397,0.8913090,0.0659402,0.0638784,3273550
591200,0.0380721,0.8412803,0.0863311,0.0748880,3273550
591300,0.0413171,0.8504481,0.0846110,0.0787863,3273550
591400,0.0438155,0.8639618,0.0807046,0.0686850,3273550
591500,0.0413663,0.8292851,0.0931057,0.0829154,3273550
591600,0.0248951,0.9163461,0.0483986,0.0566957,3273550
591700,0.0420693,0.7484732,0.1258523,0.0897770,3273550
591800,0.0334152,0.8308561,0.0877066,0.0716141,3273550
591900,0.0421195,0.7992459,0.1055734,0.0841121,3273550
592000,0.0165838,0.9147556,0.0440481,0.0536177,3273550
592100,0.0270316,0.8879979,0.0610198,0.0614108,3273550
592200,0.0290174,0.9099826,0.0534174,0.0659951,3273550
592300,0.0350307,0.8707434,0.0727211,0.0613945,3273550
592400,0.0332342,0.9205710,0.0517121,0.0567977,3273550
592500,0.0240720,0.9065228,0.0518341,0.0705525,3273550
592600,0.0368173,0.7873728,0.1071413,0.0804929,3273550
592700,0.0368813,0.8302892,0.0900131,0.0715407,3273550
592800,0.0166071,0.9156179,0.0437171,0.0686827,3273550
592900,0.0275403,0.9010611,0.0560997,0.0609915,3273550
593000,0.0318269,0.9013641,0.0585505,0.0602253,3273550
593100,0.0303817,0.9187353,0.0507349,0.0619952,3273550
593200,0.0364948,0.8401334,0.0858435,0.0840917,3273550
593300,0.0283214,0.8860292,0.0625812,0.0638429,3273550
593400,0.0240486,0.9106315,0.0501766,0.0566080,3273550
593500,0.0357261,0.8969759,0.0626453,0.0711119,3273550
593600,0.0331472,0.9111428,0.0554312,0.0659400,3273550
593700,0.0480824,0.8315932,0.0962122,0.0787976,3273550
593800,0.0286604,0.8587815,0.0736837,0.0883704,3273550
593900,0.0566346,0.7797399,0.1220848,0.0952991,3273550
594000,0.0486694,0.7627422,0.1241048,0.0994538,3273550
594100,0.0533092,0.8205569,0.1037628,0.0780570,3273550
594200,0.0357895,0.8257074,0.0911907,0.0721014,3273550
594300,0.0298129,0.9053370,0.0557530,0.0623807,3273550
594400,0.0355022,0.7833137,0.1079759,0.0954355,3273550
594500,0.0283368,0.9087405,0.0535059,0.0703713,3273550
594600,0.0362268,0.8924342,0.0647624,0.0634365,3273550
594700,0.0233275,0.9127619,0.0488917,0.0658592,3273550
594800,0.0461303,0.7907627,0.1113731,0.0906105,3273550
594900,0.0316019,0.9154315,0.0527885,0.0721408,3273550
595000,0.0355363,0.9084890,0.0579262,0.0644834,3273550
595100,0.0190196,0.9257883,0.0410964,0.0661045,3273550
595200,0.0307332,0.8812948,0.0659220,0.0634167,3273550
595300,0.0366168,0.8935122,0.0645652,0.0700075,3273550
595400,0.0523619,0.7847395,0.1175214,0.0902726,3273550
595500,0.0209662,0.9028625,0.0514347,0.0755861,3273550
595600,0.0407200,0.8883401,0.0690960,0.0780278,3273550
595700,0.0312998,0.8819173,0.0660130,0.0656526,3273550
595800,0.0346465,0.9133371,0.0554530,0.0703382,3273550
595900,0.0371500,0.8885972,0.0668511,0.0798553,3273550
596000,0.0196171,0.9059905,0.0493741,0.0578691,3273550
596100,0.0552557,0.7714189,0.1245858,0.0855258,3273550
596200,0.0410204,0.8828958,0.0714539,0.0863685,3273550
596300,0.0404251,0.9003167,0.0641284,0.0638434,3273550
596400,0.0460633,0.8959588,0.0692545,0.0663515,3273550
596500,0.0249139,0.8652953,0.0688302,0.0644784,3273550
596600,0.0389062,0.8434466,0.0859651,0.0907177,3273550
596700,0.0277335,0.9334072,0.0432772,0.0568244,3273550
596800,0.0201825,0.8792109,0.0604251,0.0691675,3273550
596900,0.0326967,0.8688415,0.0720814,0.0587727,3273550
597000,0.0205892,0.8984118,0.0529888,0.0571357,3273550
597100,0.0473561,0.8908420,0.0720769,0.0719768,3273550
597200,0.0509562,0.7814586,0.1179903,0.0960086,3273550
597300,0.0401707,0.8510043,0.0837007,0.0685120,3273550
597400,0.0367998,0.8428688,0.0849324,0.0698577,3273550
597500,0.0396070,0.9258497,0.0534243,0.0586757,3273550
597600,0.0437380,0.8142780,0.1005316,0.0765814,3273550
597700,0.0239940,0.9048687,0.0524489,0.0581568,3273550
597800,0.0459065,0.8487495,0.0880441,0.0696937,3273550
597900,0.0330210,0.8185223,0.0924037,0.0871709,3273550
598000,0.0398437,0.9163386,0.0573708,0.0676146,3273550
598100,0.0277298,0.8712431,0.0681406,0.0709828,3273550
598200,0.0392417,0.8532220,0.0822563,0.0875025,3273550
598300,0.0391895,0.8873975,0.0685547,0.0701010,3273550
598400,0.0355671,0.8818181,0.0686130,0.0669930,3273550
598500,0.0249734,0.9098657,0.0510377,0.0706454,3273550
598600,0.0187227,0.8972286,0.0523422,0.0747651,3273550
598700,0.0178691,0.9268510,0.0399810,0.0595599,3273550
598800,0.0285557,0.9071225,0.0542844,0.0674149,3273550
598900,0.0215833,0.9532832,0.0316367,0.0552375,3273550
599000,0.0258502,0.9233427,0.0461730,0.0662815,3273550
599100,0.0433253,0.7902199,0.1099072,0.0849237,3273550
599200,0.0154242,0.9376802,0.0341824,0.0563190,3273550
599300,0.0374020,0.7594576,0.1186581,0.0885077,3273550
599400,0.0320632,0.8137577,0.0937349,0.0795844,3273550
599500,0.0232418,0.8964089,0.0553815,0.0609858,3273550
599600,0.0371194,0.7583456,0.1189334,0.0863304,3273550
599700,0.0261373,0.8641353,0.0700283,0.0700661,3273550
599800,0.0378312,0.8644692,0.0769111,0.0839379,3273550
599900,0.0299183,0.9195379,0.0501358,0.0572985,3273550
600000,0.0284933,0.8831843,0.0638223,0.0590449,3273550
600100,0.0287599,0.9148557,0.0513137,0.0632094,3273550
600200,0.0207436,0.8819108,0.0596819,0.0652753,3273550
600300,0.0309080,0.9171060,0.0517024,0.0732432,3273550
600400,0.0284402,0.8365268,0.0824534,0.0748512,3273550
600500,0.0248239,0.9220233,0.0460850,0.0533752,3273550
600600,0.0213747,0.9032841,0.0515112,0.0605726,3273550
600700,0.0347570,0.8032682,0.0995470,0.0753187,3273550
600800,0.0275440,0.9107013,0.0522459,0.0607939,3273550
600900,0.0255328,0.8493748,0.0755698,0.0731081,3273550
601000,0.0223100,0.9187154,0.0458999,0.0562180,3273550
601100,0.0309294,0.8981280,0.0593064,0.0751184,3273550
601200,0.0348349,0.8368371,0.0861661,0.0719409,3273550
601300,0.0296864,0.8159134,0.0914465,0.0884806,3273550
601400,0.0248342,0.9239123,0.0453356,0.0595708,3273550
601500,0.0545908,0.8096178,0.1089074,0.0875170,3273550
601600,0.0412678,0.8197664,0.0968542,0.0776695,3273550
601700,0.0325184,0.9000438,0.0594935,0.0799765,3273550
601800,0.0179518,0.9077246,0.0476812,0.0549196,3273550
601900,0.0277659,0.9219569,0.0478768,0.0689372,3273550
602000,0.0326013,0.8355622,0.0853359,0.0721673,3273550
602100,0.0146386,0.9385368,0.0333684,0.0673666,3273550
602200,0.0445343,0.8412448,0.0902227,0.0731553,3273550
602300,0.0325231,0.9062616,0.0570092,0.0740686,3273550
602400,0.0567663,0.7839199,0.1204918,0.0952429,3273550
602500,0.0315837,0.9108909,0.0545939,0.0631163,3273550
602600,0.0378663,0.8085132,0.0993145,0.0799633,3273550
602700,0.0350267,0.8719301,0.0722440,0.0708510,3273550
602800,0.0329774,0.8843308,0.0660541,0.0645977,3273550
602900,0.0381801,0.8805586,0.0706846,0.0709791,3273550
603000,0.0354298,0.9043618,0.0595131,0.0771849,3273550
603100,0.0105231,0.9746126,0.0164688,0.0682266,3273550
603200,0.0396538,0.8566638,0.0811268,0.0728392,3273550
603300,0.0397552,0.8744905,0.0740569,0.0745385,3273550
603400,0.0341359,0.8288122,0.0889567,0.0724381,3273550
603500,0.0264612,0.9147584,0.0499733,0.0635146,3273550
603600,0.0241280,0.8928446,0.0573390,0.0659912,3273550
603700,0.0202920,0.9109178,0.0478081,0.0617579,3273550
603800,0.0367037,0.8689531,0.0744410,0.0772718,3273550
603900,0.0464562,0.7990415,0.1082571,0.0901288,3273550
604000,0.0386699,0.8796681,0.0713347,0.0799363,3273550
604100,0.0226205,0.8617131,0.0688870,0.0607558,3273550
604200,0.0421792,0.8755579,0.0750844,0.0758842,3273550
604300,0.0170192,0.9304820,0.0380187,0.0597905,3273550
604400,0.0486146,0.7755389,0.1189532,0.0960376,3273550
604500,0.0186029,0.9081452,0.0479037,0.0550297,3273550
604600,0.0373986,0.9013348,0.0619053,0.0686695,3273550
604700,0.0363754,0.9054416,0.0596486,0.0697187,3273550
604800,0.0162417,0.9262013,0.0392645,0.0659746,3273550
604900,0.0436758,0.8568525,0.0834645,0.0758689,3273550
605000,0.0424870,0.8560673,0.0830653,0.0717456,3273550
605100,0.0423204,0.8982462,0.0660938,0.0632127,3273550
605200,0.0258742,0.8482389,0.0762290,0.0655173,3273550
605300,0.0410781,0.9042823,0.0629340,0.0676060,3273550
605400,0.0491398,0.7989448,0.1099060,0.0753774,3273550
605500,0.0341154,0.8838505,0.0669290,0.0616266,3273550
605600,0.0296851,0.9080389,0.0545955,0.0589674,3273550
605700,0.0305893,0.8101491,0.0942940,0.0856011,3273550
605800,0.0472756,0.8137937,0.1028479,0.1040653,3273550
605900,0.0284850,0.8731803,0.0678188,0.0624080,3273550
606000,0.0338075,0.7748541,0.1103429,0.0851469,3273550
606100,0.0325554,0.8576563,0.0764707,0.0664797,3273550
606200,0.0408667,0.8666999,0.0778400,0.0716288,3273550
606300,0.0199240,0.9113520,0.0474136,0.0746266,3273550
606400,0.0328641,0.8907922,0.0634016,0.0721180,3273550
606500,0.0157768,0.9288684,0.0379187,0.0701609,3273550
606600,0.0392298,0.8567285,0.0808465,0.0786493,3273550
606700,0.0194899,0.9007021,0.0514131,0.0681087,3273550
606800,0.0472263,0.8423802,0.0913837,0.0747977,3273550
606900,0.0354622,0.8949239,0.0633077,0.0625909,3273550
607000,0.0211734,0.9081932,0.0494268,0.0625265,3273550
607100,0.0377669,0.9131372,0.0574053,0.0610268,3273550
607200,0.0428438,0.8723071,0.0767834,0.0672077,3273550
607300,0.0442958,0.8522691,0.0856699,0.0645434,3273550
607400,0.0262589,0.8957844,0.0574416,0.0651001,3273550
607500,0.0193970,0.9142467,0.0459395,0.0608148,3273550
607600,0.0370462,0.8721038,0.0733862,0.0685937,3273550
607700,0.0321674,0.9041804,0.0576283,0.0622661,3273550
607800,0.0271330,0.8790686,0.0646523,0.0716135,3273550
607900,0.0286058,0.8746477,0.0673044,0.0754579,3273550
608000,0.0271870,0.8432692,0.0790045,0.0671280,3273550
608100,0.0409527,0.9026652,0.0635056,0.0778954,3273550
608200,0.0434925,0.8981587,0.0668320,0.0671953,3273550
608300,0.0436331,0.8581148,0.0829339,0.0645294,3273550
608400,0.0204798,0.9069408,0.0495115,0.0629856,3273550
608500,0.0388325,0.8963984,0.0647402,0.0662075,3273550
608600,0.0208324,0.9149058,0.0465371,0.0604287,3273550
608700,0.0441027,0.8805581,0.0742384,0.0623661,3273550
608800,0.0427675,0.8500478,0.0856414,0.0694246,3273550
608900,0.0280567,0.8810447,0.0644161,0.0751325,3273550
609000,0.0307846,0.8540490,0.0768512,0.0717299,3273550
609100,0.0145319,0.9270303,0.0379070,0.0649146,3273550
609200,0.0279127,0.8630905,0.0715114,0.0735350,3273550
609300,0.0287661,0.9005404,0.0570436,0.0651487,3273550
609400,0.0371086,0.8735492,0.0728454,0.0775232,3273550
609500,0.0443962,0.9097027,0.0627567,0.0697509,3273550
609600,0.0417625,0.8415630,0.0884323,0.0813616,3273550
609700,0.0284845,0.8812581,0.0645875,0.0628897,3273550
609800,0.0453285,0.8467874,0.0884821,0.0684279,3273550
609900,0.0406973,0.8682292,0.0771267,0.0710660,3273550
610000,0.0353072,0.8920358,0.0643700,0.0785882,3273550
610100,0.0267096,0.9233506,0.0466855,0.0532376,3273550
610200,0.0472044,0.8295916,0.0964860,0.0744990,3273550
610300,0.0390530,0.8373840,0.0884782,0.0725433,3273550
610400,0.0376740,0.9201232,0.0545551,0.0665161,3273550
610500,0.0166291,0.9275722,0.0389486,0.0591016,3273550
610600,0.0500544,0.8169293,0.1032609,0.0852024,3273550
610700,0.0535983,0.7457951,0.1338409,0.0945731,3273550
610800,0.0323691,0.8449218,0.0814528,0.0864444,3273550
610900,0.0570083,0.7418650,0.1374590,0.1085751,3273550
611000,0.0449642,0.8536780,0.0855073,0.0711727,3273550
611100,0.0166496,0.9590639,0.0263642,0.0749001,3273550
611200,0.0465113,0.8396877,0.0920317,0.0762288,3273550
611300,0.0276264,0.9032269,0.0552851,0.0630884,3273550
611400,0.0550410,0.8022286,0.1121332,0.0935655,3273550
611500,0.0422941,0.8649771,0.0793856,0.0807383,3273550
611600,0.0337600,0.8022883,0.0993407,0.0788759,3273550
611700,0.0399423,0.8976694,0.0648976,0.0632787,3273550
611800,0.0460956,0.8724627,0.0786723,0.0679302,3273550
611900,0.0205684,0.9191102,0.0446970,0.0608089,3273550
612000,0.0398515,0.9068581,0.0611676,0.0646486,3273550
612100,0.0479315,0.8397527,0.0928578,0.0882056,3273550
612200,0.0338107,0.8057909,0.0979700,0.0853919,3273550
612300,0.0197173,0.9254460,0.0416520,0.0587784,3273550
612400,0.0380942,0.8892523,0.0671556,0.0682833,3273550
612500,0.0405753,0.8599516,0.0803646,0.0641981,3273550
612600,0.0208740,0.9197832,0.0446111,0.0588593,3273550
612700,0.0381855,0.8318056,0.0901891,0.0922205,3273550
612800,0.0268279,0.9233101,0.0467727,0.0638375,3273550
612900,0.0420078,0.8529739,0.0840151,0.0703009,3273550
613000,0.0397887,0.8665849,0.0772393,0.0583375,3273550
613100,0.0205737,0.8907381,0.0560490,0.0640289,3273550
613200,0.0396121,0.9043548,0.0620254,0.0639702,3273550
613300,0.0346407,0.7727425,0.1116874,0.0813392,3273550
613400,0.0493843,0.7956777,0.1113595,0.0840519,3273550
613500,0.0226656,0.8698379,0.0656642,0.0731263,3273550
613600,0.0472750,0.8376215,0.0933164,0.0962558,3273550
613700,0.0295030,0.9179987,0.0505023,0.0522054,3273550
613800,0.0291196,0.9006160,0.0572254,0.0608937,3273550
613900,0.0219167,0.9120461,0.0483316,0.0705818,3273550
614000,0.0316211,0.8980712,0.0597442,0.0561337,3273550
614100,0.0298541,0.9224879,0.0489173,0.0641460,3273550
614200,0.0220203,0.9038065,0.0516896,0.0656366,3273550
614300,0.0312281,0.9128495,0.0535971,0.0582599,3273550
614400,0.0418251,0.8837600,0.0715911,0.0706485,3273550
614500,0.0292084,0.9036598,0.0560611,0.0677804,3273550
614600,0.0138160,0.9308822,0.0359367,0.0573954,3273550
614700,0.0468171,0.8303779,0.0959391,0.0831075,3273550
614800,0.0423983,0.8465500,0.0868190,0.0759729,3273550
614900,0.0325021,0.7779536,0.1083198,0.0975632,3273550
615000,0.0156097,0.9327840,0.0362522,0.0552579,3273550
615100,0.0608262,0.7763174,0.1259687,0.0862946,3273550
615200,0.0228130,0.9134597,0.0483040,0.0625455,3273550
615300,0.0495360,0.7879946,0.1145237,0.0852638,3273550
615400,0.0433251,0.8725739,0.0769655,0.0810681,3273550
615500,0.0264865,0.9142490,0.0501923,0.0518271,3273550
615600,0.0374444,0.8473319,0.0835339,0.0739982,3273550
615700,0.0346831,0.8829572,0.0676270,0.0780687,3273550
615800,0.0149451,0.9314386,0.0363917,0.0653534,3273550
615900,0.0524271,0.7758939,0.1210987,0.0917163,3273550
616000,0.0292352,0.9115345,0.0529273,0.0529821,3273550
616100,0.0227394,0.8541275,0.0719926,0.0643299,3273550
616200,0.0411110,0.9031707,0.0633983,0.0664883,3273550
616300,0.0342227,0.8967742,0.0618239,0.0755368,3273550
616400,0.0266980,0.9051714,0.0539502,0.0706627,3273550
616500,0.0334178,0.8867066,0.0653680,0.0717803,3273550
616600,0.0468049,0.8867096,0.0733991,0.0818704,3273550
616700,0.0470217,0.7991042,0.1085714,0.0775650,3273550
616800,0.0309316,0.8830929,0.0653218,0.0643982,3273550
616900,0.0397942,0.8910840,0.0674429,0.0655924,3273550
617000,0.0394008,0.8673661,0.0766940,0.0863543,3273550
617100,0.0401860,0.8889184,0.0685442,0.0677338,3273550
617200,0.0218733,0.9097402,0.0492279,0.0597915,3273550
617300,0.0227718,0.9194943,0.0458654,0.0543357,3273550
617400,0.0370204,0.8928068,0.0650895,0.0692082,3273550
617500,0.0413936,0.8609180,0.0804689,0.0724226,3273550
617600,0.0534523,0.7828138,0.1189458,0.0855727,3273550
617700,0.0415091,0.8338307,0.0913732,0.0879258,3273550
617800,0.0172141,0.9148391,0.0443928,0.0590677,3273550
617900,0.0417804,0.8936789,0.0675967,0.0691192,3273550
618000,0.0268699,0.8985962,0.0566835,0.0535428,3273550
618100,0.0357398,0.9107906,0.0571277,0.0682446,3273550
618200,0.0301606,0.9122652,0.0531903,0.0648324,3273550
618300,0.0437532,0.8476630,0.0871867,0.0773207,3273550
618400,0.0400381,0.8861974,0.0695439,0.0723002,3273550
618500,0.0221834,0.8784001,0.0619500,0.0597865,3273550
618600,0.0258727,0.8837224,0.0620347,0.0718198,3273550
618700,0.0475567,0.8112263,0.1040435,0.0990039,3273550
618800,0.0217976,0.9229112,0.0439141,0.0724825,3273550
618900,0.0369755,0.8502518,0.0820846,0.0794529,3273550
619000,0.0340604,0.9060278,0.0580252,0.0639871,3273550
619100,0.0405577,0.8426657,0.0872684,0.0766905,3273550
619200,0.0245932,0.8759307,0.0643836,0.0694365,3273550
619300,0.0375593,0.8296624,0.0906706,0.0746742,3273550
619400,0.0362670,0.8476688,0.0826927,0.0687257,3273550
619500,0.0312711,0.8932425,0.0614657,0.0599360,3273550
619600,0.0183082,0.9151782,0.0449136,0.0524437,3273550
619700,0.0193988,0.9285727,0.0402102,0.0621189,3273550
619800,0.0394777,0.8654110,0.0775222,0.0675753,3273550
619900,0.0199621,0.9042318,0.0502845,0.0598597,3273550
620000,0.0398540,0.8438382,0.0863771,0.0722812,3273550
620100,0.0405452,0.8668267,0.0775965,0.0781286,3273550
620200,0.0508963,0.8593754,0.0867876,0.0760207,3273550
620300,0.0429982,0.8051065,0.1037563,0.0788393,3273550
620400,0.0268463,0.8918109,0.0593834,0.0766262,3273550
620500,0.0399884,0.9079151,0.0608270,0.0561452,3273550
620600,0.0394055,0.9104911,0.0594468,0.0710878,3273550
620700,0.0329734,0.8214017,0.0912234,0.0744453,3273550
620800,0.0475716,0.8835297,0.0751311,0.0670812,3273550
620900,0.0383190,0.8063890,0.1004358,0.0864980,3273550
621000,0.0288304,0.8845764,0.0634677,0.0648966,3273550
621100,0.0372326,0.9124883,0.0573442,0.0623736,3273550
621200,0.0334712,0.8360625,0.0856577,0.0702323,3273550
621300,0.0202052,0.9026555,0.0510609,0.0511157,3273550
621400,0.0318474,0.9024606,0.0581242,0.0754460,3273550
621500,0.0281252,0.8961018,0.0584344,0.0605845,3273550
621600,0.0317191,0.8969456,0.0602532,0.0596606,3273550
621700,0.0437663,0.8829759,0.0730694,0.0647970,3273550
621800,0.0376619,0.8971181,0.0637499,0.0627844,3273550
621900,0.0332643,0.8714731,0.0713694,0.0652554,3273550
622000,0.0322418,0.9086664,0.0558785,0.0734618,3273550
622100,0.0379843,0.8871108,0.0679463,0.0663720,3273550
622200,0.0411565,0.8631005,0.0794537,0.0763071,3273550
622300,0.0235041,0.8970115,0.0552979,0.0719297,3273550
622400,0.0463921,0.8085339,0.1044217,0.0758044,3273550
622500,0.0176466,0.9603736,0.0264385,0.0537515,3273550
622600,0.0343308,0.8779461,0.0694201,0.0687402,3273550
622700,0.0245838,0.9095432,0.0509330,0.0615647,3273550
622800,0.0367950,0.8279734,0.0908876,0.0884249,3273550
622900,0.0316332,0.8758655,0.0686338,0.0671134,3273550
623000,0.0486395,0.8072505,0.1062835,0.0737163,3273550
623100,0.0480454,0.7294811,0.1370348,0.1042996,3273550
623200,0.0351971,0.8658212,0.0747897,0.0672307,3273550
623300,0.0166610,0.9557071,0.0277138,0.0501504,3273550
623400,0.0257065,0.8241156,0.0857776,0.0729912,3273550
623500,0.0511600,0.8051484,0.1086366,0.0821995,3273550
623600,0.0226302,0.9076152,0.0505320,0.0713294,3273550
623700,0.0325149,0.8592845,0.0757952,0.0725321,3273550
623800,0.0308705,0.8457016,0.0802417,0.0713789,3273550
623900,0.0351800,0.8129164,0.0959415,0.0734639,3273550
624000,0.0282212,0.9082154,0.0536465,0.0650511,3273550
624100,0.0505508,0.8649817,0.0843378,0.0799551,3273550
624200,0.0259878,0.9102461,0.0514942,0.0726560,3273550
624300,0.0386147,0.8543668,0.0814221,0.0819682,3273550
624400,0.0417828,0.8283528,0.0937285,0.0735860,3273550
624500,0.0523689,0.7565438,0.1288038,0.1046646,3273550
624600,0.0186671,0.9225096,0.0421964,0.0572702,3273550
624700,0.0442335,0.8399387,0.0905646,0.0793365,3273550
624800,0.0400248,0.8307245,0.0917251,0.0828754,3273550
624900,0.0146798,0.9388229,0.0332787,0.0447680,3273550
625000,0.0325833,0.8982838,0.0602364,0.0676488,3273550
625100,0.0274059,0.9103336,0.0523101,0.0759530,3273550
625200,0.0277841,0.8803859,0.0645161,0.0681066,3273550
625300,0.0403788,0.8394518,0.0884466,0.0755371,3273550
625400,0.0501236,0.8181698,0.1028062,0.0762847,3273550
625500,0.0112711,0.9425695,0.0297349,0.0627561,3273550
625600,0.0474051,0.8372377,0.0935480,0.0736179,3273550
625700,0.0353325,0.8853711,0.0670511,0.0624611,3273550
625800,0.0256887,0.8842005,0.0617331,0.0689218,3273550
625900,0.0291703,0.8984392,0.0581265,0.0624587,3273550
626000,0.0149234,0.9387330,0.0334608,0.0573388,3273550
626100,0.0298671,0.9095057,0.0541180,0.0720679,3273550
626200,0.0368551,0.9078732,0.0589638,0.0643023,3273550
626300,0.0291634,0.9100542,0.0534764,0.0731692,3273550
626400,0.0205524,0.9174394,0.0453557,0.0504088,3273550
626500,0.0432344,0.8705717,0.0777120,0.0767659,3273550
626600,0.0141713,0.9293445,0.0367650,0.0690378,3273550
626700,0.0348518,0.9182535,0.0536097,0.0562110,3273550
626800,0.0246874,0.9039146,0.0532466,0.0620399,3273550
626900,0.0288048,0.8845414,0.0634664,0.0689233,3273550
627000,0.0303669,0.9259056,0.0478579,0.0703425,3273550
627100,0.0381307,0.8786131,0.0714332,0.0764501,3273550
627200,0.0344388,0.8654079,0.0745001,0.0778367,3273550
627300,0.0478831,0.8239924,0.0991329,0.0781997,3273550
627400,0.0282998,0.9146004,0.0511397,0.0630128,3273550
627500,0.0502274,0.8213242,0.1016067,0.0857589,3273550
627600,0.0285875,0.8537958,0.0756342,0.0757868,3273550
627700,0.0389676,0.8288713,0.0918321,0.0778592,3273550
627800,0.0283314,0.8991363,0.0573443,0.0625476,3273550
627900,0.0448747,0.8689084,0.0793614,0.0735440,3273550
628000,0.0238614,0.9073159,0.0513905,0.0592354,3273550
628100,0.0411824,0.8649019,0.0787487,0.0840402,3273550
628200,0.0533332,0.8016034,0.1113585,0.0813441,3273550
628300,0.0528986,0.8330673,0.0985122,0.0831916,3273550
628400,0.0364645,0.8507292,0.0815870,0.0693315,3273550
628500,0.0371645,0.9233006,0.0529785,0.0616387,3273550
628600,0.0335974,0.8827708,0.0670501,0.0804708,3273550
628700,0.0205950,0.8956372,0.0541021,0.0620988,3273550
628800,0.0406214,0.8864658,0.0697866,0.0670500,3273550
628900,0.0447950,0.8549813,0.0848845,0.0791844,3273550
629000,0.0256951,0.9099357,0.0514428,0.0729097,3273550
629100,0.0225982,0.9167707,0.0468507,0.0646831,3273550
629200,0.0195946,0.9250304,0.0417446,0.0613070,3273550
629300,0.0245574,0.8691946,0.0670566,0.0732735,3273550
629400,0.0322718,0.8851860,0.0652887,0.0600867,3273550
629500,0.0371877,0.8814493,0.0697329,0.0754385,3273550
629600,0.0294342,0.9247299,0.0477686,0.0617825,3273550
629700,0.0320657,0.7910650,0.1028134,0.0794784,3273550
629800,0.0531538,0.8525279,0.0908812,0.0637298,3273550
629900,0.0301438,0.9331831,0.0448130,0.0508558,3273550
630000,0.0457288,0.8327225,0.0943483,0.0840928,3273550
630100,0.0231660,0.9011235,0.0534502,0.0633658,3273550
630200,0.0436019,0.8723340,0.0772276,0.0806315,3273550
630300,0.0187380,0.9478588,0.0320993,0.0555016,3273550
630400,0.0298504,0.9268358,0.0471759,0.0654739,3273550
630500,0.0389218,0.8707108,0.0750687,0.0668958,3273550
630600,0.0356346,0.9022767,0.0604701,0.0721229,3273550
630700,0.0261743,0.9108193,0.0513769,0.0658202,3273550
630800,0.0319232,0.8891812,0.0634814,0.0717584,3273550
630900,0.0499860,0.8468998,0.0912317,0.0885827,3273550
631000,0.0205557,0.9128038,0.0472119,0.0593188,3273550
631100,0.0271673,0.8947360,0.0584060,0.0614964,3273550
631200,0.0282145,0.9188260,0.0493983,0.0566150,3273550
631300,0.0380569,0.8968470,0.0640953,0.0689775,3273550
631400,0.0366398,0.8972005,0.0631037,0.0664328,3273550
631500,0.0324394,0.8963597,0.0609198,0.0580558,3273550
631600,0.0473732,0.8080385,0.1052085,0.0754733,3273550
631700,0.0444826,0.8639299,0.0811176,0.0771286,3273550
631800,0.0341323,0.9141786,0.0548079,0.0687347,3273550
631900,0.0143239,0.9548056,0.0266721,0.0589041,3273550
632000,0.0487625,0.7764877,0.1186624,0.0782201,3273550
632100,0.0445016,0.8406464,0.0904424,0.0782919,3273550
632200,0.0232779,0.9230279,0.0447556,0.0488618,3273550
632300,0.0335441,0.8866235,0.0654771,0.0674003,3273550
632400,0.0363954,0.9135245,0.0564274,0.0626550,3273550
632500,0.0396728,0.9196977,0.0559246,0.0784023,3273550
632600,0.0504033,0.7921898,0.1133660,0.0884935,3273550
632700,0.0488019,0.8857389,0.0749856,0.0761058,3273550
632800,0.0175609,0.9129671,0.0453497,0.0661952,3273550
632900,0.0306302,0.9145479,0.0525590,0.0660595,3273550
633000,0.0321927,0.8274332,0.0883423,0.0767112,3273550
633100,0.0303083,0.9257636,0.0478795,0.0588118,3273550
633200,0.0253442,0.9047524,0.0533055,0.0564198,3273550
633300,0.0230775,0.8997135,0.0539611,0.0590051,3273550
633400,0.0212604,0.8890328,0.0571431,0.0615826,3273550
633500,0.0251895,0.8619980,0.0703145,0.0702181,3273550
633600,0.0258815,0.8725865,0.0664943,0.0701027,3273550
633700,0.0478181,0.8079562,0.1055084,0.0796095,3273550
633800,0.0269868,0.8972242,0.0573024,0.0702874,3273550
633900,0.0292875,0.9015781,0.0569413,0.0609249,3273550
634000,0.0126057,0.9338485,0.0340240,0.0558201,3273550
634100,0.0234232,0.9208767,0.0457032,0.0460273,3273550
634200,0.0540360,0.7315409,0.1398052,0.1039216,3273550
634300,0.0409574,0.8911928,0.0680973,0.0688399,3273550
634400,0.0570650,0.7805899,0.1220030,0.0911946,3273550
634500,0.0375315,0.8387767,0.0870083,0.0857593,3273550
634600,0.0349476,0.8888105,0.0654444,0.0678440,3273550
634700,0.0369421,0.8691777,0.0744942,0.0602022,3273550
634800,0.0335428,0.9156609,0.0538613,0.0638676,3273550
634900,0.0244426,0.8840519,0.0610448,0.0701503,3273550
635000,0.0467342,0.7634534,0.1226592,0.0929451,3273550
635100,0.0409095,0.8651635,0.0784803,0.0718879,3273550
635200,0.0285900,0.8894515,0.0613734,0.0597797,3273550
635300,0.0355308,0.8884933,0.0659212,0.0659577,3273550
635400,0.0326686,0.8959284,0.0612298,0.0605311,3273550
635500,0.0446051,0.8250380,0.0967479,0.0802812,3273550
635600,0.0333435,0.8940556,0.0623839,0.0768091,3273550
635700,0.0385014,0.9181172,0.0558539,0.0612007,3273550
635800,0.0247586,0.8774310,0.0638827,0.0609008,3273550
635900,0.0470486,0.7814205,0.1156610,0.0809151,3273550
636000,0.0133714,0.9674933,0.0210255,0.0486169,3273550
636100,0.0321604,0.9242549,0.0495943,0.0657587,3273550
636200,0.0266248,0.8997626,0.0560698,0.0746759,3273550
636300,0.0401456,0.7928355,0.1069532,0.0858767,3273550
636400,0.0264177,0.9247171,0.0459638,0.0648109,3273550
636500,0.0416403,0.8936945,0.0675064,0.0692732,3273550
636600,0.0306569,0.9139788,0.0528027,0.0559561,3273550
636700,0.0242523,0.9027652,0.0534453,0.0594808,3273550
636800,0.0298460,0.9095306,0.0540953,0.0631406,3273550
636900,0.0317757,0.8398181,0.0831382,0.0721645,3273550
637000,0.0387849,0.8909506,0.0668907,0.0648010,3273550
637100,0.0431291,0.7890731,0.1102482,0.0855396,3273550
637200,0.0489045,0.8485619,0.0899179,0.0921390,3273550
637300,0.0215115,0.8863941,0.0583492,0.0619156,3273550
637400,0.0141266,0.9340148,0.0348700,0.0691128,3273550
637500,0.0435143,0.8936286,0.0686571,0.0844310,3273550
637600,0.0114698,0.9126557,0.0418196,0.0556256,3273550
637700,0.0496605,0.8114802,0.1052042,0.0851508,3273550
637800,0.0364556,0.8777617,0.0707687,0.1032007,3273550
637900,0.0441651,0.8813225,0.0739701,0.0708132,3273550
638000,0.0282740,0.8862644,0.0624586,0.0705890,3273550
638100,0.0279779,0.8864573,0.0622038,0.0682173,3273550
638200,0.0316668,0.9010650,0.0585741,0.0604800,3273550
638300,0.0191133,0.9059935,0.0490706,0.0536088,3273550
638400,0.0334350,0.9057857,0.0577467,0.0664710,3273550
638500,0.0390824,0.8044575,0.1016664,0.0795592,3273550
638600,0.0332801,0.8926103,0.0629239,0.0809476,3273550
638700,0.0291560,0.8992233,0.0578043,0.0500875,3273550
638800,0.0225913,0.8978956,0.0543965,0.0632504,3273550
638900,0.0467331,0.8240656,0.0984136,0.0738079,3273550
639000,0.0446709,0.7202865,0.1386880,0.1050675,3273550
639100,0.0260255,0.9164919,0.0490185,0.0550002,3273550
639200,0.0400419,0.8372178,0.0891380,0.0820769,3273550
639300,0.0228529,0.9253658,0.0435654,0.0614011,3273550
639400,0.0419261,0.8352703,0.0910475,0.0730366,3273550
639500,0.0417151,0.8842539,0.0713275,0.0690962,3273550
639600,0.0139182,0.9412930,0.0318337,0.0517893,3273550
639700,0.0380360,0.8644279,0.0770504,0.0698381,3273550
639800,0.0225980,0.8907226,0.0572698,0.0555655,3273550
639900,0.0414164,0.8666805,0.0781776,0.0745250,3273550
640000,0.0164657,0.9391075,0.0342364,0.0570341,3273550
640100,0.0423267,0.8475349,0.0863820,0.0787601,3273550
640200,0.0372835,0.8902662,0.0662636,0.0658362,3273550
640300,0.0321747,0.8785567,0.0678822,0.0670048,3273550
640400,0.0290956,0.8904298,0.0612854,0.0648076,3273550
640500,0.0309567,0.9291263,0.0469235,0.0637293,3273550
640600,0.0149787,0.9267428,0.0382901,0.0571757,3273550
640700,0.0341487,0.8481463,0.0812307,0.0645049,3273550
640800,0.0439820,0.8743006,0.0766689,0.0745562,3273550
640900,0.0324707,0.8602124,0.0753974,0.0703687,3273550
641000,0.0312509,0.9147512,0.0528500,0.0581548,3273550
641100,0.0255694,0.8693281,0.0676104,0.0929486,3273550
641200,0.0357709,0.9026039,0.0604210,0.0586509,3273550
641300,0.0356539,0.7345901,0.1275563,0.0886784,3273550
641400,0.0457153,0.8236734,0.0979598,0.0709960,3273550
641500,0.0393289,0.8275723,0.0925684,0.0834859,3273550
641600,0.0140820,0.9394064,0.0326867,0.0719610,3273550
641700,0.0271352,0.8945441,0.0584635,0.0586386,3273550
641800,0.0377717,0.8948507,0.0647227,0.0639386,3273550
641900,0.0322471,0.8978242,0.0602186,0.0791705,3273550
642000,0.0148812,0.9289146,0.0373629,0.0826038,3273550
642100,0.0304976,0.9086612,0.0548340,0.0670611,3273550
642200,0.0191025,0.9268231,0.0407322,0.0576398,3273550
642300,0.0155242,0.9200121,0.0413097,0.0601184,3273550
642400,0.0354190,0.8931060,0.0640090,0.0766872,3273550
642500,0.0342598,0.8946993,0.0626761,0.0579751,3273550
642600,0.0474530,0.8163519,0.1019310,0.0802813,3273550
642700,0.0296623,0.9015115,0.0571928,0.0565629,3273550
642800,0.0410465,0.8390352,0.0890139,0.0655289,3273550
642900,0.0277174,0.8884655,0.0612442,0.0628414,3273550
643000,0.0217992,0.8993421,0.0533427,0.0722992,3273550
643100,0.0362449,0.8703275,0.0736159,0.0821253,3273550
643200,0.0206705,0.9294690,0.0406147,0.0536584,3273550
643300,0.0239573,0.8981686,0.0551069,0.0803129,3273550
643400,0.0303655,0.9317849,0.0455053,0.0679088,3273550
643500,0.0357563,0.8556395,0.0791980,0.0953528,3273550
643600,0.0330025,0.8793108,0.0680772,0.0637925,3273550
643700,0.0305810,0.8961132,0.0599034,0.0666302,3273550
643800,0.0421558,0.8623290,0.0803619,0.0775288,3273550
643900,0.0384564,0.9014214,0.0625053,0.0652968,3273550
644000,0.0414964,0.8828223,0.0717689,0.0712299,3273550
644100,0.0288889,0.9131777,0.0520622,0.0793792,3273550
644200,0.0250048,0.8584901,0.0716068,0.0660142,3273550
644300,0.0506186,0.7940628,0.1127461,0.0853889,3273550
644400,0.0361031,0.8929515,0.0644812,0.0669389,3273550
644500,0.0133337,0.9160924,0.0415633,0.0487810,3273550
644600,0.0404176,0.8937430,0.0667533,0.0599016,3273550
644700,0.0388522,0.8304433,0.0911340,0.0729059,3273550
644800,0.0278455,0.9024755,0.0557171,0.0540468,3273550
644900,0.0218851,0.9166887,0.0464556,0.0662682,3273550
645000,0.0207719,0.8768320,0.0617303,0.0550058,3273550
645100,0.0390558,0.8347213,0.0895450,0.0733070,3273550
645200,0.0336869,0.9195206,0.0524039,0.0540073,3273550
645300,0.0235936,0.9301168,0.0421094,0.0534456,3273550
645400,0.0312539,0.9080181,0.0555451,0.0692377,3273550
645500,0.0219884,0.8985420,0.0537763,0.0567482,3273550
645600,0.0301819,0.8834157,0.0647428,0.0716720,3273550
645700,0.0409062,0.8450215,0.0865351,0.0778393,3273550
645800,0.0338380,0.9062766,0.0577922,0.0648537,3273550
645900,0.0321260,0.8994952,0.0594775,0.0673907,3273550
646000,0.0442412,0.8981974,0.0672658,0.0588947,3273550
646100,0.0457169,0.8348266,0.0934995,0.0812493,3273550
646200,0.0322631,0.9116914,0.0546813,0.0698081,3273550
646300,0.0332800,0.9116412,0.0553115,0.0568286,3273550
646400,0.0335792,0.9242284,0.0504561,0.0568887,3273550
646500,0.0246435,0.8775172,0.0637792,0.0842582,3273550
646600,0.0228065,0.8944898,0.0558880,0.0655858,3273550
646700,0.0134634,0.9262843,0.0375643,0.0483498,3273550
646800,0.0216942,0.9289095,0.0414527,0.0695208,3273550
646900,0.0169562,0.9157864,0.0438592,0.0649223,3273550
647000,0.0473459,0.8309082,0.0960443,0.0707966,3273550
647100,0.0518388,0.8342152,0.0974172,0.0800389,3273550
647200,0.0259992,0.9181262,0.0483490,0.0614887,3273550
647300,0.0410552,0.8486806,0.0851609,0.0792126,3273550
647400,0.0322530,0.8965399,0.0607358,0.0656707,3273550
647500,0.0254551,0.9160803,0.0488409,0.0535651,3273550
647600,0.0198723,0.9239916,0.0423268,0.0575942,3273550
647700,0.0264281,0.9109096,0.0514930,0.0620991,3273550
647800,0.0382613,0.9027424,0.0618598,0.0717220,3273550
647900,0.0381052,0.8652582,0.0767598,0.0701594,3273550
648000,0.0399718,0.9035085,0.0625797,0.0867221,3273550
648100,0.0283474,0.9089770,0.0534176,0.0651584,3273550
648200,0.0505117,0.7876157,0.1152607,0.0843170,3273550
648300,0.0141630,0.9399936,0.0325004,0.0562105,3273550
648400,0.0486285,0.8044747,0.1073872,0.1003242,3273550
648500,0.0270834,0.8926927,0.0591729,0.0631575,3273550
648600,0.0590088,0.7296044,0.1435636,0.1100601,3273550
648700,0.0222305,0.9184978,0.0459392,0.0630516,3273550
648800,0.0468554,0.9104185,0.0639459,0.0656545,3273550
648900,0.0333132,0.8952246,0.0618981,0.0734894,3273550
649000,0.0448440,0.8226165,0.0978598,0.0878786,3273550
649100,0.0300765,0.8894584,0.0622625,0.0805411,3273550
649200,0.0458526,0.8751557,0.0774493,0.0844523,3273550
649300,0.0170170,0.9567037,0.0275287,0.0553926,3273550
649400,0.0417007,0.9028236,0.0638910,0.0662658,3273550
649500,0.0409614,0.8948503,0.0666367,0.0825724,3273550
649600,0.0261055,0.8931060,0.0584209,0.0553963,3273550
649700,0.0250099,0.8992725,0.0552970,0.0628257,3273550
649800,0.0375544,0.8946129,0.0646875,0.0764857,3273550
649900,0.0206820,0.8887757,0.0568989,0.0739349,3273550
650000,0.0160567,0.9310515,0.0372134,0.0526380,3273550
650100,0.0457773,0.8400545,0.0914446,0.0784101,3273550
650200,0.0415263,0.8923657,0.0679695,0.0768849,3273550
650300,0.0370925,0.9048265,0.0603249,0.0622235,3273550
650400,0.0314222,0.8811904,0.0663771,0.0662796,3273550
650500,0.0425379,0.8467488,0.0868232,0.0810921,3273550
650600,0.0346907,0.8955774,0.0625834,0.0624540,3273550
650700,0.0276470,0.8963516,0.0580476,0.0637664,3273550
650800,0.0313038,0.8678175,0.0716553,0.0703199,3273550
650900,0.0355003,0.8416469,0.0846414,0.0709731,3273550
651000,0.0171581,0.9199578,0.0423117,0.0558451,3273550
651100,0.0410566,0.8786991,0.0731543,0.0726953,3273550
651200,0.0249097,0.9205571,0.0467230,0.0715276,3273550
651300,0.0164554,0.9322253,0.0369831,0.0547210,3273550
651400,0.0361713,0.7601256,0.1176525,0.0823949,3273550
651500,0.0260840,0.8742734,0.0659411,0.0698849,3273550
651600,0.0446515,0.8444194,0.0890232,0.0764950,3273550
651700,0.0423335,0.8408997,0.0890402,0.0750396,3273550
651800,0.0213576,0.8986526,0.0533536,0.0640248,3273550
651900,0.0191542,0.9316734,0.0388232,0.0662200,3273550
652000,0.0310366,0.8649268,0.0726512,0.0594732,3273550
652100,0.0355695,0.9253765,0.0511911,0.0623693,3273550
652200,0.0365095,0.7747831,0.1119925,0.0780945,3273550
652300,0.0203787,0.9034662,0.0508407,0.0681379,3273550
652400,0.0327285,0.9265902,0.0490010,0.0673714,3273550
652500,0.0198872,0.9299968,0.0399336,0.0536606,3273550
652600,0.0221398,0.9044689,0.0514964,0.0525251,3273550
652700,0.0240772,0.9205563,0.0462238,0.0539447,3273550
652800,0.0234588,0.9510164,0.0336687,0.0590180,3273550
652900,0.0374048,0.9298449,0.0505049,0.0547239,3273550
653000,0.0431781,0.8825658,0.0728805,0.0842875,3273550
653100,0.0272457,0.8782640,0.0650419,0.0704603,3273550
653200,0.0290500,0.9064935,0.0548326,0.0540572,3273550
653300,0.0396382,0.8621622,0.0789180,0.0712791,3273550
653400,0.0305152,0.8781176,0.0670621,0.0615437,3273550
653500,0.0275421,0.8849026,0.0625642,0.0599576,3273550
653600,0.0258821,0.9362639,0.0410237,0.0692785,3273550
653700,0.0500381,0.8352654,0.0959167,0.0862089,3273550
653800,0.0115315,0.9482063,0.0276364,0.0540093,3273550
653900,0.0495246,0.7367386,0.1350193,0.0909262,3273550
654000,0.0230608,0.9242035,0.0441551,0.0703265,3273550
654100,0.0395545,0.8753659,0.0735864,0.0634955,3273550
654200,0.0468629,0.8219754,0.0993276,0.0767739,3273550
654300,0.0471840,0.8071487,0.1054510,0.0836058,3273550
654400,0.0407007,0.8496192,0.0845728,0.0846229,3273550
654500,0.0187703,0.9189042,0.0437005,0.0629484,3273550
654600,0.0301711,0.9058692,0.0557549,0.0647364,3273550
654700,0.0240214,0.8972849,0.0554989,0.0653588,3273550
654800,0.0270039,0.9023773,0.0552514,0.0595288,3273550
654900,0.0360505,0.8936931,0.0641530,0.0700189,3273550
655000,0.0279299,0.8500001,0.0767579,0.0762506,3273550
655100,0.0275609,0.9129839,0.0513430,0.0545408,3273550
655200,0.0285836,0.8893318,0.0614175,0.0610026,3273550
655300,0.0378860,0.8646831,0.0768584,0.0689245,3273550
655400,0.0313225,0.9020010,0.0579931,0.0754123,3273550
655500,0.0283779,0.8548737,0.0750773,0.0715112,3273550
655600,0.0392863,0.8306112,0.0913273,0.0702342,3273550
655700,0.0139173,0.9717975,0.0196314,0.0504197,3273550
655800,0.0240694,0.9013230,0.0539124,0.0600814,3273550
655900,0.0351578,0.9084942,0.0576970,0.0582592,3273550
656000,0.0200302,0.8889097,0.0564543,0.0548236,3273550
656100,0.0430194,0.8590928,0.0821745,0.0738088,3273550
656200,0.0334817,0.9146052,0.0542470,0.0712342,3273550
656300,0.0345955,0.9041575,0.0590943,0.0748194,3273550
656400,0.0356145,0.9519620,0.0405839,0.0684114,3273550
656500,0.0520137,0.8521864,0.0903336,0.0887103,3273550
656600,0.0291074,0.8845180,0.0636572,0.0629665,3273550
656700,0.0367562,0.9128578,0.0569106,0.0568259,3273550
656800,0.0354347,0.9083656,0.0579146,0.0667764,3273550
656900,0.0414117,0.8773267,0.0739164,0.0753775,3273550
657000,0.0524193,0.8046832,0.1095783,0.0815210,3273550
657100,0.0318727,0.9199911,0.0511272,0.0664304,3273550
657200,0.0287607,0.8921819,0.0603837,0.0692317,3273550
657300,0.0342458,0.9084494,0.0571677,0.0705279,3273550
657400,0.0455704,0.8953108,0.0692179,0.0682296,3273550
657500,0.0179480,0.9230278,0.0415577,0.0650148,3273550
657600,0.0206017,0.9033468,0.0510223,0.0578668,3273550
657700,0.0344511,0.9121176,0.0558236,0.0711170,3273550
657800,0.0386834,0.8747793,0.0732983,0.0700205,3273550
657900,0.0384444,0.8826323,0.0700137,0.0803383,3273550
658000,0.0377868,0.8190755,0.0950419,0.0767635,3273550
658100,0.0352128,0.9073530,0.0581865,0.0523103,3273550
658200,0.0177400,0.9468952,0.0318859,0.0560368,3273550
658300,0.0420424,0.8800205,0.0732172,0.0815403,3273550
658400,0.0198300,0.9114716,0.0473093,0.0606161,3273550
658500,0.0177092,0.9262729,0.0401164,0.0563838,3273550
658600,0.0389454,0.9012225,0.0628782,0.0729018,3273550
658700,0.0436280,0.8717879,0.0774617,0.0697079,3273550
658800,0.0450318,0.8249752,0.0970290,0.0689446,3273550
658900,0.0491535,0.7717801,0.1207801,0.0861298,3273550
659000,0.0257222,0.8916021,0.0587925,0.0709014,3273550
659100,0.0318599,0.8043118,0.0973912,0.0827323,3273550
659200,0.0269803,0.8282480,0.0848890,0.0802131,3273550
659300,0.0343622,0.8636209,0.0751690,0.0696262,3273550
659400,0.0328431,0.7799840,0.1077123,0.0980946,3273550
659500,0.0326376,0.8987386,0.0600871,0.0642727,3273550
659600,0.0205084,0.9212701,0.0437970,0.0442485,3273550
659700,0.0334406,0.8999598,0.0600805,0.0624746,3273550
659800,0.0257538,0.9095129,0.0516471,0.0623135,3273550
659900,0.0481851,0.7669827,0.1221180,0.0875499,3273550
660000,0.0331943,0.9193137,0.0521911,0.0622527,3273550
660100,0.0293148,0.8893412,0.0618524,0.0588084,3273550
660200,0.0225393,0.9411959,0.0370452,0.0471057,3273550
660300,0.0430935,0.8892379,0.0701610,0.0652749,3273550
660400,0.0344007,0.8990297,0.0610286,0.0664506,3273550
660500,0.0235856,0.8713741,0.0656017,0.0607912,3273550
660600,0.0417167,0.8716692,0.0763623,0.0733996,3273550
660700,0.0430380,0.8841068,0.0721801,0.0687708,3273550
660800,0.0302382,0.8616008,0.0735026,0.0831882,3273550
660900,0.0288924,0.9207487,0.0490360,0.0603246,3273550
661000,0.0323062,0.9180402,0.0521676,0.0604507,3273550
661100,0.0215979,0.9160278,0.0465476,0.0555559,3273550
661200,0.0464648,0.7743485,0.1181395,0.1023176,3273550
661300,0.0224965,0.9085244,0.0500881,0.0553738,3273550
661400,0.0322212,0.9250495,0.0493129,0.0592325,3273550
661500,0.0411862,0.8471355,0.0858575,0.0769364,3273550
661600,0.0140052,0.9464650,0.0298171,0.0429060,3273550
661700,0.0456643,0.8531119,0.0861539,0.0712303,3273550
661800,0.0405136,0.8641284,0.0786568,0.0738208,3273550
661900,0.0357954,0.8349696,0.0874894,0.0665314,3273550
662000,0.0300311,0.9144534,0.0522373,0.0594512,3273550
662100,0.0229574,0.9262180,0.0432872,0.0602703,3273550
662200,0.0389666,0.8974878,0.0643849,0.0663706,3273550
662300,0.0406485,0.9031649,0.0631232,0.0725993,3273550
662400,0.0197946,0.9136109,0.0464324,0.0550314,3273550
662500,0.0486415,0.8822731,0.0762757,0.0705487,3273550
662600,0.0199887,0.9061232,0.0495439,0.0552085,3273550
662700,0.0449422,0.8061919,0.1044885,0.0835411,3273550
662800,0.0304382,0.8229831,0.0890697,0.0702579,3273550
662900,0.0334275,0.9264254,0.0494864,0.0733456,3273550
663000,0.0310700,0.9286188,0.0471945,0.0529638,3273550
663100,0.0246268,0.9143045,0.0490543,0.0533492,3273550
663200,0.0272211,0.9000326,0.0563196,0.0759643,3273550
663300,0.0434694,0.8807168,0.0737949,0.0735841,3273550
663400,0.0258119,0.8910698,0.0590592,0.0563029,3273550
663500,0.0399405,0.8821049,0.0711223,0.0676827,3273550
663600,0.0455079,0.8972492,0.0684051,0.0742016,3273550
663700,0.0442695,0.7763214,0.1160331,0.0846608,3273550
663800,0.0286575,0.8595309,0.0733821,0.0743193,3273550
663900,0.0269084,0.8925395,0.0591292,0.0717623,3273550
664000,0.0283192,0.8931884,0.0597162,0.0602916,3273550
664100,0.0462555,0.8603857,0.0835990,0.0684681,3273550
664200,0.0337138,0.8552303,0.0781362,0.0745560,3273550
664300,0.0613000,0.6736755,0.1673098,0.1082836,3273550
664400,0.0334547,0.9085474,0.0566539,0.0617958,3273550
664500,0.0304685,0.8334131,0.0849159,0.0801671,3273550
664600,0.0403427,0.9007127,0.0639205,0.0610388,3273550
664700,0.0240741,0.8735135,0.0650391,0.0712799,3273550
664800,0.0128877,0.9540583,0.0261093,0.0529192,3273550
664900,0.0309379,0.8983759,0.0592123,0.0639932,3273550
665000,0.0373406,0.8720922,0.0735675,0.0626569,3273550
